ISO-10303-21;
HEADER;
/* Generated by software containing ST-Developer
 * from STEP Tools, Inc. (www.steptools.com) 
 */

FILE_DESCRIPTION(
/* description */ ('KiCad electronic assembly'),
/* implementation_level */ '2;1');

FILE_NAME(
/* name */ 'my-keyboard.step',
/* time_stamp */ '2026-08-04T00:51:05+02:00',
/* author */ (''),
/* organization */ (''),
/* preprocessor_version */ 'ST-DEVELOPER v20.1',
/* originating_system */ 'Autodesk Translation Framework v15.8.0.0',
/* authorisation */ '');

FILE_SCHEMA (('AUTOMOTIVE_DESIGN { 1 0 10303 214 3 1 1 }'));
ENDSEC;

DATA;
#10=MECHANICAL_DESIGN_GEOMETRIC_PRESENTATION_REPRESENTATION('',(#23,#24,
#25),#5546);
#11=ITEM_DEFINED_TRANSFORMATION($,$,#3297,#3510);
#12=ITEM_DEFINED_TRANSFORMATION($,$,#3296,#3660);
#13=(
REPRESENTATION_RELATIONSHIP($,$,#5561,#5560)
REPRESENTATION_RELATIONSHIP_WITH_TRANSFORMATION(#11)
SHAPE_REPRESENTATION_RELATIONSHIP()
);
#14=(
REPRESENTATION_RELATIONSHIP($,$,#5560,#5559)
REPRESENTATION_RELATIONSHIP_WITH_TRANSFORMATION(#12)
SHAPE_REPRESENTATION_RELATIONSHIP()
);
#15=CONTEXT_DEPENDENT_SHAPE_REPRESENTATION(#13,#5557);
#16=CONTEXT_DEPENDENT_SHAPE_REPRESENTATION(#14,#5558);
#17=NEXT_ASSEMBLY_USAGE_OCCURRENCE(
'my-keyboard-unsaved-export-MDm2oH_PCB:1',
'my-keyboard-unsaved-export-MDm2oH_PCB:1',
'my-keyboard-unsaved-export-MDm2oH_PCB:1',#5564,#5565,
'my-keyboard-unsaved-export-MDm2oH_PCB:1');
#18=NEXT_ASSEMBLY_USAGE_OCCURRENCE('my-keyboard (1):1',
'my-keyboard (1):1','my-keyboard (1):1',#5563,#5564,'my-keyboard (1):1');
#19=SHAPE_REPRESENTATION_RELATIONSHIP('SRR','None',#5561,#21);
#20=SHAPE_REPRESENTATION_RELATIONSHIP('SRR','None',#5559,#22);
#21=ADVANCED_BREP_SHAPE_REPRESENTATION('',(#26),#5545);
#22=ADVANCED_BREP_SHAPE_REPRESENTATION('',(#27,#28),#5543);
#23=STYLED_ITEM('',(#5579),#26);
#24=STYLED_ITEM('',(#5578),#27);
#25=STYLED_ITEM('',(#5578),#28);
#26=MANIFOLD_SOLID_BREP('Bry\X2\0142\X0\a1',#3280);
#27=MANIFOLD_SOLID_BREP('Lid',#3281);
#28=MANIFOLD_SOLID_BREP('Base',#3282);
#29=CYLINDRICAL_SURFACE('',#3436,0.5);
#30=CYLINDRICAL_SURFACE('',#3437,0.5);
#31=CYLINDRICAL_SURFACE('',#3438,0.75);
#32=CYLINDRICAL_SURFACE('',#3440,0.75);
#33=CYLINDRICAL_SURFACE('',#3442,0.5);
#34=CYLINDRICAL_SURFACE('',#3443,0.75);
#35=CYLINDRICAL_SURFACE('',#3445,0.75);
#36=CYLINDRICAL_SURFACE('',#3447,0.5);
#37=CYLINDRICAL_SURFACE('',#3448,0.5);
#38=CYLINDRICAL_SURFACE('',#3449,0.85);
#39=CYLINDRICAL_SURFACE('',#3450,2.);
#40=CYLINDRICAL_SURFACE('',#3451,0.75);
#41=CYLINDRICAL_SURFACE('',#3452,0.85);
#42=CYLINDRICAL_SURFACE('',#3453,0.75);
#43=CYLINDRICAL_SURFACE('',#3454,0.4);
#44=CYLINDRICAL_SURFACE('',#3455,0.4);
#45=CYLINDRICAL_SURFACE('',#3456,0.4);
#46=CYLINDRICAL_SURFACE('',#3457,0.4);
#47=CYLINDRICAL_SURFACE('',#3458,0.85);
#48=CYLINDRICAL_SURFACE('',#3459,0.75);
#49=CYLINDRICAL_SURFACE('',#3460,2.);
#50=CYLINDRICAL_SURFACE('',#3461,0.85);
#51=CYLINDRICAL_SURFACE('',#3462,0.75);
#52=CYLINDRICAL_SURFACE('',#3463,0.5);
#53=CYLINDRICAL_SURFACE('',#3464,0.5);
#54=CYLINDRICAL_SURFACE('',#3465,0.75);
#55=CYLINDRICAL_SURFACE('',#3467,0.75);
#56=CYLINDRICAL_SURFACE('',#3469,0.5);
#57=CYLINDRICAL_SURFACE('',#3470,0.5);
#58=CYLINDRICAL_SURFACE('',#3471,0.5);
#59=CYLINDRICAL_SURFACE('',#3472,0.75);
#60=CYLINDRICAL_SURFACE('',#3474,0.75);
#61=CYLINDRICAL_SURFACE('',#3476,1.6);
#62=CYLINDRICAL_SURFACE('',#3477,0.4);
#63=CYLINDRICAL_SURFACE('',#3478,0.4);
#64=CYLINDRICAL_SURFACE('',#3479,0.4);
#65=CYLINDRICAL_SURFACE('',#3480,0.4);
#66=CYLINDRICAL_SURFACE('',#3481,0.5);
#67=CYLINDRICAL_SURFACE('',#3482,0.5);
#68=CYLINDRICAL_SURFACE('',#3483,0.85);
#69=CYLINDRICAL_SURFACE('',#3484,2.);
#70=CYLINDRICAL_SURFACE('',#3485,0.75);
#71=CYLINDRICAL_SURFACE('',#3486,0.85);
#72=CYLINDRICAL_SURFACE('',#3487,0.75);
#73=CYLINDRICAL_SURFACE('',#3488,0.5);
#74=CYLINDRICAL_SURFACE('',#3489,0.5);
#75=CYLINDRICAL_SURFACE('',#3490,0.5);
#76=CYLINDRICAL_SURFACE('',#3491,0.5);
#77=CYLINDRICAL_SURFACE('',#3492,0.5);
#78=CYLINDRICAL_SURFACE('',#3493,0.5);
#79=CYLINDRICAL_SURFACE('',#3494,0.5);
#80=CYLINDRICAL_SURFACE('',#3495,0.5);
#81=CYLINDRICAL_SURFACE('',#3496,0.5);
#82=CYLINDRICAL_SURFACE('',#3497,0.5);
#83=CYLINDRICAL_SURFACE('',#3498,0.5);
#84=CYLINDRICAL_SURFACE('',#3499,0.5);
#85=CYLINDRICAL_SURFACE('',#3500,0.85);
#86=CYLINDRICAL_SURFACE('',#3501,0.75);
#87=CYLINDRICAL_SURFACE('',#3502,2.);
#88=CYLINDRICAL_SURFACE('',#3503,0.85);
#89=CYLINDRICAL_SURFACE('',#3504,0.75);
#90=CYLINDRICAL_SURFACE('',#3505,1.6);
#91=CYLINDRICAL_SURFACE('',#3506,0.5);
#92=CYLINDRICAL_SURFACE('',#3507,0.5);
#93=CYLINDRICAL_SURFACE('',#3508,0.5);
#94=CYLINDRICAL_SURFACE('',#3509,0.5);
#95=CYLINDRICAL_SURFACE('',#3511,3.22900000000001);
#96=CYLINDRICAL_SURFACE('',#3516,3.22900000000001);
#97=CYLINDRICAL_SURFACE('',#3521,3.22900000000001);
#98=CYLINDRICAL_SURFACE('',#3526,3.22892476685475);
#99=CYLINDRICAL_SURFACE('',#3531,2.15406587470667);
#100=CYLINDRICAL_SURFACE('',#3537,2.15406587470667);
#101=CYLINDRICAL_SURFACE('',#3541,2.13592829519122);
#102=CYLINDRICAL_SURFACE('',#3545,2.14767311148723);
#103=CYLINDRICAL_SURFACE('',#3565,2.15);
#104=CYLINDRICAL_SURFACE('',#3567,2.15);
#105=CYLINDRICAL_SURFACE('',#3569,2.15);
#106=CYLINDRICAL_SURFACE('',#3571,2.15);
#107=CYLINDRICAL_SURFACE('',#3601,2.10000000000001);
#108=CYLINDRICAL_SURFACE('',#3605,2.10000000000001);
#109=CYLINDRICAL_SURFACE('',#3613,3.);
#110=CYLINDRICAL_SURFACE('',#3615,3.);
#111=CYLINDRICAL_SURFACE('',#3634,2.15);
#112=CYLINDRICAL_SURFACE('',#3637,2.15);
#113=CYLINDRICAL_SURFACE('',#3640,2.15);
#114=CYLINDRICAL_SURFACE('',#3643,2.15);
#115=CYLINDRICAL_SURFACE('',#3647,6.55685589321948);
#116=CYLINDRICAL_SURFACE('',#3649,6.557);
#117=CYLINDRICAL_SURFACE('',#3651,6.557);
#118=CYLINDRICAL_SURFACE('',#3655,6.557);
#119=FACE_BOUND('',#630,.T.);
#120=FACE_BOUND('',#631,.T.);
#121=FACE_BOUND('',#632,.T.);
#122=FACE_BOUND('',#633,.T.);
#123=FACE_BOUND('',#634,.T.);
#124=FACE_BOUND('',#635,.T.);
#125=FACE_BOUND('',#636,.T.);
#126=FACE_BOUND('',#637,.T.);
#127=FACE_BOUND('',#638,.T.);
#128=FACE_BOUND('',#639,.T.);
#129=FACE_BOUND('',#640,.T.);
#130=FACE_BOUND('',#641,.T.);
#131=FACE_BOUND('',#642,.T.);
#132=FACE_BOUND('',#643,.T.);
#133=FACE_BOUND('',#644,.T.);
#134=FACE_BOUND('',#645,.T.);
#135=FACE_BOUND('',#646,.T.);
#136=FACE_BOUND('',#647,.T.);
#137=FACE_BOUND('',#648,.T.);
#138=FACE_BOUND('',#649,.T.);
#139=FACE_BOUND('',#650,.T.);
#140=FACE_BOUND('',#651,.T.);
#141=FACE_BOUND('',#652,.T.);
#142=FACE_BOUND('',#653,.T.);
#143=FACE_BOUND('',#654,.T.);
#144=FACE_BOUND('',#655,.T.);
#145=FACE_BOUND('',#656,.T.);
#146=FACE_BOUND('',#657,.T.);
#147=FACE_BOUND('',#658,.T.);
#148=FACE_BOUND('',#659,.T.);
#149=FACE_BOUND('',#660,.T.);
#150=FACE_BOUND('',#661,.T.);
#151=FACE_BOUND('',#662,.T.);
#152=FACE_BOUND('',#663,.T.);
#153=FACE_BOUND('',#664,.T.);
#154=FACE_BOUND('',#665,.T.);
#155=FACE_BOUND('',#666,.T.);
#156=FACE_BOUND('',#667,.T.);
#157=FACE_BOUND('',#668,.T.);
#158=FACE_BOUND('',#669,.T.);
#159=FACE_BOUND('',#670,.T.);
#160=FACE_BOUND('',#671,.T.);
#161=FACE_BOUND('',#672,.T.);
#162=FACE_BOUND('',#673,.T.);
#163=FACE_BOUND('',#674,.T.);
#164=FACE_BOUND('',#675,.T.);
#165=FACE_BOUND('',#676,.T.);
#166=FACE_BOUND('',#677,.T.);
#167=FACE_BOUND('',#678,.T.);
#168=FACE_BOUND('',#679,.T.);
#169=FACE_BOUND('',#680,.T.);
#170=FACE_BOUND('',#681,.T.);
#171=FACE_BOUND('',#682,.T.);
#172=FACE_BOUND('',#683,.T.);
#173=FACE_BOUND('',#684,.T.);
#174=FACE_BOUND('',#685,.T.);
#175=FACE_BOUND('',#686,.T.);
#176=FACE_BOUND('',#687,.T.);
#177=FACE_BOUND('',#688,.T.);
#178=FACE_BOUND('',#689,.T.);
#179=FACE_BOUND('',#690,.T.);
#180=FACE_BOUND('',#691,.T.);
#181=FACE_BOUND('',#693,.T.);
#182=FACE_BOUND('',#694,.T.);
#183=FACE_BOUND('',#695,.T.);
#184=FACE_BOUND('',#696,.T.);
#185=FACE_BOUND('',#697,.T.);
#186=FACE_BOUND('',#698,.T.);
#187=FACE_BOUND('',#699,.T.);
#188=FACE_BOUND('',#700,.T.);
#189=FACE_BOUND('',#701,.T.);
#190=FACE_BOUND('',#702,.T.);
#191=FACE_BOUND('',#703,.T.);
#192=FACE_BOUND('',#704,.T.);
#193=FACE_BOUND('',#705,.T.);
#194=FACE_BOUND('',#706,.T.);
#195=FACE_BOUND('',#707,.T.);
#196=FACE_BOUND('',#708,.T.);
#197=FACE_BOUND('',#709,.T.);
#198=FACE_BOUND('',#710,.T.);
#199=FACE_BOUND('',#711,.T.);
#200=FACE_BOUND('',#712,.T.);
#201=FACE_BOUND('',#713,.T.);
#202=FACE_BOUND('',#714,.T.);
#203=FACE_BOUND('',#715,.T.);
#204=FACE_BOUND('',#716,.T.);
#205=FACE_BOUND('',#717,.T.);
#206=FACE_BOUND('',#718,.T.);
#207=FACE_BOUND('',#719,.T.);
#208=FACE_BOUND('',#720,.T.);
#209=FACE_BOUND('',#721,.T.);
#210=FACE_BOUND('',#722,.T.);
#211=FACE_BOUND('',#723,.T.);
#212=FACE_BOUND('',#724,.T.);
#213=FACE_BOUND('',#725,.T.);
#214=FACE_BOUND('',#726,.T.);
#215=FACE_BOUND('',#727,.T.);
#216=FACE_BOUND('',#728,.T.);
#217=FACE_BOUND('',#729,.T.);
#218=FACE_BOUND('',#730,.T.);
#219=FACE_BOUND('',#731,.T.);
#220=FACE_BOUND('',#732,.T.);
#221=FACE_BOUND('',#733,.T.);
#222=FACE_BOUND('',#734,.T.);
#223=FACE_BOUND('',#735,.T.);
#224=FACE_BOUND('',#736,.T.);
#225=FACE_BOUND('',#737,.T.);
#226=FACE_BOUND('',#738,.T.);
#227=FACE_BOUND('',#739,.T.);
#228=FACE_BOUND('',#740,.T.);
#229=FACE_BOUND('',#741,.T.);
#230=FACE_BOUND('',#742,.T.);
#231=FACE_BOUND('',#743,.T.);
#232=FACE_BOUND('',#744,.T.);
#233=FACE_BOUND('',#745,.T.);
#234=FACE_BOUND('',#746,.T.);
#235=FACE_BOUND('',#747,.T.);
#236=FACE_BOUND('',#748,.T.);
#237=FACE_BOUND('',#749,.T.);
#238=FACE_BOUND('',#750,.T.);
#239=FACE_BOUND('',#751,.T.);
#240=FACE_BOUND('',#752,.T.);
#241=FACE_BOUND('',#753,.T.);
#242=FACE_BOUND('',#754,.T.);
#243=FACE_BOUND('',#832,.T.);
#244=FACE_BOUND('',#835,.T.);
#245=FACE_BOUND('',#838,.T.);
#246=FACE_BOUND('',#841,.T.);
#247=FACE_BOUND('',#852,.T.);
#248=FACE_BOUND('',#860,.T.);
#249=FACE_BOUND('',#879,.T.);
#250=FACE_BOUND('',#880,.T.);
#251=FACE_BOUND('',#881,.T.);
#252=FACE_BOUND('',#882,.T.);
#253=FACE_BOUND('',#883,.T.);
#254=FACE_BOUND('',#897,.T.);
#255=FACE_BOUND('',#899,.T.);
#256=FACE_BOUND('',#903,.T.);
#257=FACE_BOUND('',#905,.T.);
#258=FACE_BOUND('',#907,.T.);
#259=FACE_BOUND('',#911,.T.);
#260=FACE_BOUND('',#914,.T.);
#261=FACE_BOUND('',#916,.T.);
#262=FACE_BOUND('',#930,.T.);
#263=FACE_BOUND('',#931,.T.);
#264=FACE_BOUND('',#934,.T.);
#265=CIRCLE('',#3302,0.5);
#266=CIRCLE('',#3303,0.5);
#267=CIRCLE('',#3304,0.75);
#268=CIRCLE('',#3305,0.75);
#269=CIRCLE('',#3306,0.5);
#270=CIRCLE('',#3307,0.75);
#271=CIRCLE('',#3308,0.75);
#272=CIRCLE('',#3309,0.5);
#273=CIRCLE('',#3310,0.5);
#274=CIRCLE('',#3311,0.85);
#275=CIRCLE('',#3312,2.);
#276=CIRCLE('',#3313,0.75);
#277=CIRCLE('',#3314,0.85);
#278=CIRCLE('',#3315,0.75);
#279=CIRCLE('',#3316,0.4);
#280=CIRCLE('',#3317,0.4);
#281=CIRCLE('',#3318,0.4);
#282=CIRCLE('',#3319,0.4);
#283=CIRCLE('',#3320,0.85);
#284=CIRCLE('',#3321,0.75);
#285=CIRCLE('',#3322,2.);
#286=CIRCLE('',#3323,0.85);
#287=CIRCLE('',#3324,0.75);
#288=CIRCLE('',#3325,0.5);
#289=CIRCLE('',#3326,0.5);
#290=CIRCLE('',#3327,0.75);
#291=CIRCLE('',#3328,0.75);
#292=CIRCLE('',#3329,0.5);
#293=CIRCLE('',#3330,0.5);
#294=CIRCLE('',#3331,0.5);
#295=CIRCLE('',#3332,0.75);
#296=CIRCLE('',#3333,0.75);
#297=CIRCLE('',#3334,1.6);
#298=CIRCLE('',#3335,0.4);
#299=CIRCLE('',#3336,0.4);
#300=CIRCLE('',#3337,0.4);
#301=CIRCLE('',#3338,0.4);
#302=CIRCLE('',#3339,0.5);
#303=CIRCLE('',#3340,0.5);
#304=CIRCLE('',#3341,0.85);
#305=CIRCLE('',#3342,2.);
#306=CIRCLE('',#3343,0.75);
#307=CIRCLE('',#3344,0.85);
#308=CIRCLE('',#3345,0.75);
#309=CIRCLE('',#3346,0.5);
#310=CIRCLE('',#3347,0.5);
#311=CIRCLE('',#3348,0.5);
#312=CIRCLE('',#3349,0.5);
#313=CIRCLE('',#3350,0.5);
#314=CIRCLE('',#3351,0.5);
#315=CIRCLE('',#3352,0.5);
#316=CIRCLE('',#3353,0.5);
#317=CIRCLE('',#3354,0.5);
#318=CIRCLE('',#3355,0.5);
#319=CIRCLE('',#3356,0.5);
#320=CIRCLE('',#3357,0.5);
#321=CIRCLE('',#3358,0.85);
#322=CIRCLE('',#3359,0.75);
#323=CIRCLE('',#3360,2.);
#324=CIRCLE('',#3361,0.85);
#325=CIRCLE('',#3362,0.75);
#326=CIRCLE('',#3363,1.6);
#327=CIRCLE('',#3364,0.5);
#328=CIRCLE('',#3365,0.5);
#329=CIRCLE('',#3366,0.5);
#330=CIRCLE('',#3367,0.5);
#331=CIRCLE('',#3369,0.5);
#332=CIRCLE('',#3370,0.5);
#333=CIRCLE('',#3371,0.75);
#334=CIRCLE('',#3372,0.75);
#335=CIRCLE('',#3373,0.5);
#336=CIRCLE('',#3374,0.75);
#337=CIRCLE('',#3375,0.75);
#338=CIRCLE('',#3376,0.5);
#339=CIRCLE('',#3377,0.5);
#340=CIRCLE('',#3378,0.85);
#341=CIRCLE('',#3379,2.);
#342=CIRCLE('',#3380,0.75);
#343=CIRCLE('',#3381,0.85);
#344=CIRCLE('',#3382,0.75);
#345=CIRCLE('',#3383,0.4);
#346=CIRCLE('',#3384,0.4);
#347=CIRCLE('',#3385,0.4);
#348=CIRCLE('',#3386,0.4);
#349=CIRCLE('',#3387,0.85);
#350=CIRCLE('',#3388,0.75);
#351=CIRCLE('',#3389,2.);
#352=CIRCLE('',#3390,0.85);
#353=CIRCLE('',#3391,0.75);
#354=CIRCLE('',#3392,0.5);
#355=CIRCLE('',#3393,0.5);
#356=CIRCLE('',#3394,0.75);
#357=CIRCLE('',#3395,0.75);
#358=CIRCLE('',#3396,0.5);
#359=CIRCLE('',#3397,0.5);
#360=CIRCLE('',#3398,0.5);
#361=CIRCLE('',#3399,0.75);
#362=CIRCLE('',#3400,0.75);
#363=CIRCLE('',#3401,1.6);
#364=CIRCLE('',#3402,0.4);
#365=CIRCLE('',#3403,0.4);
#366=CIRCLE('',#3404,0.4);
#367=CIRCLE('',#3405,0.4);
#368=CIRCLE('',#3406,0.5);
#369=CIRCLE('',#3407,0.5);
#370=CIRCLE('',#3408,0.85);
#371=CIRCLE('',#3409,2.);
#372=CIRCLE('',#3410,0.75);
#373=CIRCLE('',#3411,0.85);
#374=CIRCLE('',#3412,0.75);
#375=CIRCLE('',#3413,0.5);
#376=CIRCLE('',#3414,0.5);
#377=CIRCLE('',#3415,0.5);
#378=CIRCLE('',#3416,0.5);
#379=CIRCLE('',#3417,0.5);
#380=CIRCLE('',#3418,0.5);
#381=CIRCLE('',#3419,0.5);
#382=CIRCLE('',#3420,0.5);
#383=CIRCLE('',#3421,0.5);
#384=CIRCLE('',#3422,0.5);
#385=CIRCLE('',#3423,0.5);
#386=CIRCLE('',#3424,0.5);
#387=CIRCLE('',#3425,0.85);
#388=CIRCLE('',#3426,0.75);
#389=CIRCLE('',#3427,2.);
#390=CIRCLE('',#3428,0.85);
#391=CIRCLE('',#3429,0.75);
#392=CIRCLE('',#3430,1.6);
#393=CIRCLE('',#3431,0.5);
#394=CIRCLE('',#3432,0.5);
#395=CIRCLE('',#3433,0.5);
#396=CIRCLE('',#3434,0.5);
#397=CIRCLE('',#3512,3.22900000000001);
#398=CIRCLE('',#3513,3.22900000000001);
#399=CIRCLE('',#3515,2.14767311148723);
#400=CIRCLE('',#3517,3.22900000000001);
#401=CIRCLE('',#3518,3.22900000000001);
#402=CIRCLE('',#3520,2.15406587470667);
#403=CIRCLE('',#3522,3.22900000000001);
#404=CIRCLE('',#3523,3.22900000000001);
#405=CIRCLE('',#3525,2.13592829519122);
#406=CIRCLE('',#3527,3.22892476685475);
#407=CIRCLE('',#3528,3.22892476685475);
#408=CIRCLE('',#3530,2.15406587470667);
#409=CIRCLE('',#3532,2.15406587470667);
#410=CIRCLE('',#3533,2.15406587470667);
#411=CIRCLE('',#3534,2.15406587470667);
#412=CIRCLE('',#3535,2.15406587470667);
#413=CIRCLE('',#3536,2.15406587470667);
#414=CIRCLE('',#3538,2.15406587470667);
#415=CIRCLE('',#3539,2.15406587470667);
#416=CIRCLE('',#3540,2.15406587470667);
#417=CIRCLE('',#3542,2.13592829519122);
#418=CIRCLE('',#3543,2.13592829519122);
#419=CIRCLE('',#3544,2.13592829519122);
#420=CIRCLE('',#3546,2.14767311148723);
#421=CIRCLE('',#3547,2.14767311148723);
#422=CIRCLE('',#3548,2.14767311148723);
#423=CIRCLE('',#3550,2.15);
#424=CIRCLE('',#3552,2.15);
#425=CIRCLE('',#3554,2.15);
#426=CIRCLE('',#3556,2.15);
#427=CIRCLE('',#3558,2.15);
#428=CIRCLE('',#3560,2.15);
#429=CIRCLE('',#3561,2.15);
#430=CIRCLE('',#3562,2.15);
#431=CIRCLE('',#3564,2.15);
#432=CIRCLE('',#3566,2.15);
#433=CIRCLE('',#3568,2.15);
#434=CIRCLE('',#3570,2.15);
#435=CIRCLE('',#3572,2.15);
#436=CIRCLE('',#3602,2.10000000000001);
#437=CIRCLE('',#3603,2.10000000000001);
#438=CIRCLE('',#3606,2.10000000000001);
#439=CIRCLE('',#3607,2.10000000000001);
#440=CIRCLE('',#3610,3.);
#441=CIRCLE('',#3612,3.);
#442=CIRCLE('',#3614,3.);
#443=CIRCLE('',#3616,3.);
#444=CIRCLE('',#3618,6.557);
#445=CIRCLE('',#3619,2.15);
#446=CIRCLE('',#3622,6.557);
#447=CIRCLE('',#3623,2.15);
#448=CIRCLE('',#3627,6.557);
#449=CIRCLE('',#3628,2.15);
#450=CIRCLE('',#3631,6.55685589321948);
#451=CIRCLE('',#3632,2.15);
#452=CIRCLE('',#3635,2.15);
#453=CIRCLE('',#3638,2.15);
#454=CIRCLE('',#3641,2.15);
#455=CIRCLE('',#3644,2.15);
#456=CIRCLE('',#3648,6.55685589321948);
#457=CIRCLE('',#3650,6.557);
#458=CIRCLE('',#3652,6.557);
#459=CIRCLE('',#3654,6.557);
#460=FACE_OUTER_BOUND('',#626,.T.);
#461=FACE_OUTER_BOUND('',#627,.T.);
#462=FACE_OUTER_BOUND('',#628,.T.);
#463=FACE_OUTER_BOUND('',#629,.T.);
#464=FACE_OUTER_BOUND('',#692,.T.);
#465=FACE_OUTER_BOUND('',#755,.T.);
#466=FACE_OUTER_BOUND('',#756,.T.);
#467=FACE_OUTER_BOUND('',#757,.T.);
#468=FACE_OUTER_BOUND('',#758,.T.);
#469=FACE_OUTER_BOUND('',#759,.T.);
#470=FACE_OUTER_BOUND('',#760,.T.);
#471=FACE_OUTER_BOUND('',#761,.T.);
#472=FACE_OUTER_BOUND('',#762,.T.);
#473=FACE_OUTER_BOUND('',#763,.T.);
#474=FACE_OUTER_BOUND('',#764,.T.);
#475=FACE_OUTER_BOUND('',#765,.T.);
#476=FACE_OUTER_BOUND('',#766,.T.);
#477=FACE_OUTER_BOUND('',#767,.T.);
#478=FACE_OUTER_BOUND('',#768,.T.);
#479=FACE_OUTER_BOUND('',#769,.T.);
#480=FACE_OUTER_BOUND('',#770,.T.);
#481=FACE_OUTER_BOUND('',#771,.T.);
#482=FACE_OUTER_BOUND('',#772,.T.);
#483=FACE_OUTER_BOUND('',#773,.T.);
#484=FACE_OUTER_BOUND('',#774,.T.);
#485=FACE_OUTER_BOUND('',#775,.T.);
#486=FACE_OUTER_BOUND('',#776,.T.);
#487=FACE_OUTER_BOUND('',#777,.T.);
#488=FACE_OUTER_BOUND('',#778,.T.);
#489=FACE_OUTER_BOUND('',#779,.T.);
#490=FACE_OUTER_BOUND('',#780,.T.);
#491=FACE_OUTER_BOUND('',#781,.T.);
#492=FACE_OUTER_BOUND('',#782,.T.);
#493=FACE_OUTER_BOUND('',#783,.T.);
#494=FACE_OUTER_BOUND('',#784,.T.);
#495=FACE_OUTER_BOUND('',#785,.T.);
#496=FACE_OUTER_BOUND('',#786,.T.);
#497=FACE_OUTER_BOUND('',#787,.T.);
#498=FACE_OUTER_BOUND('',#788,.T.);
#499=FACE_OUTER_BOUND('',#789,.T.);
#500=FACE_OUTER_BOUND('',#790,.T.);
#501=FACE_OUTER_BOUND('',#791,.T.);
#502=FACE_OUTER_BOUND('',#792,.T.);
#503=FACE_OUTER_BOUND('',#793,.T.);
#504=FACE_OUTER_BOUND('',#794,.T.);
#505=FACE_OUTER_BOUND('',#795,.T.);
#506=FACE_OUTER_BOUND('',#796,.T.);
#507=FACE_OUTER_BOUND('',#797,.T.);
#508=FACE_OUTER_BOUND('',#798,.T.);
#509=FACE_OUTER_BOUND('',#799,.T.);
#510=FACE_OUTER_BOUND('',#800,.T.);
#511=FACE_OUTER_BOUND('',#801,.T.);
#512=FACE_OUTER_BOUND('',#802,.T.);
#513=FACE_OUTER_BOUND('',#803,.T.);
#514=FACE_OUTER_BOUND('',#804,.T.);
#515=FACE_OUTER_BOUND('',#805,.T.);
#516=FACE_OUTER_BOUND('',#806,.T.);
#517=FACE_OUTER_BOUND('',#807,.T.);
#518=FACE_OUTER_BOUND('',#808,.T.);
#519=FACE_OUTER_BOUND('',#809,.T.);
#520=FACE_OUTER_BOUND('',#810,.T.);
#521=FACE_OUTER_BOUND('',#811,.T.);
#522=FACE_OUTER_BOUND('',#812,.T.);
#523=FACE_OUTER_BOUND('',#813,.T.);
#524=FACE_OUTER_BOUND('',#814,.T.);
#525=FACE_OUTER_BOUND('',#815,.T.);
#526=FACE_OUTER_BOUND('',#816,.T.);
#527=FACE_OUTER_BOUND('',#817,.T.);
#528=FACE_OUTER_BOUND('',#818,.T.);
#529=FACE_OUTER_BOUND('',#819,.T.);
#530=FACE_OUTER_BOUND('',#820,.T.);
#531=FACE_OUTER_BOUND('',#821,.T.);
#532=FACE_OUTER_BOUND('',#822,.T.);
#533=FACE_OUTER_BOUND('',#823,.T.);
#534=FACE_OUTER_BOUND('',#824,.T.);
#535=FACE_OUTER_BOUND('',#825,.T.);
#536=FACE_OUTER_BOUND('',#826,.T.);
#537=FACE_OUTER_BOUND('',#827,.T.);
#538=FACE_OUTER_BOUND('',#828,.T.);
#539=FACE_OUTER_BOUND('',#829,.T.);
#540=FACE_OUTER_BOUND('',#830,.T.);
#541=FACE_OUTER_BOUND('',#831,.T.);
#542=FACE_OUTER_BOUND('',#833,.T.);
#543=FACE_OUTER_BOUND('',#834,.T.);
#544=FACE_OUTER_BOUND('',#836,.T.);
#545=FACE_OUTER_BOUND('',#837,.T.);
#546=FACE_OUTER_BOUND('',#839,.T.);
#547=FACE_OUTER_BOUND('',#840,.T.);
#548=FACE_OUTER_BOUND('',#842,.T.);
#549=FACE_OUTER_BOUND('',#843,.T.);
#550=FACE_OUTER_BOUND('',#844,.T.);
#551=FACE_OUTER_BOUND('',#845,.T.);
#552=FACE_OUTER_BOUND('',#846,.T.);
#553=FACE_OUTER_BOUND('',#847,.T.);
#554=FACE_OUTER_BOUND('',#848,.T.);
#555=FACE_OUTER_BOUND('',#849,.T.);
#556=FACE_OUTER_BOUND('',#850,.T.);
#557=FACE_OUTER_BOUND('',#851,.T.);
#558=FACE_OUTER_BOUND('',#853,.T.);
#559=FACE_OUTER_BOUND('',#854,.T.);
#560=FACE_OUTER_BOUND('',#855,.T.);
#561=FACE_OUTER_BOUND('',#856,.T.);
#562=FACE_OUTER_BOUND('',#857,.T.);
#563=FACE_OUTER_BOUND('',#858,.T.);
#564=FACE_OUTER_BOUND('',#859,.T.);
#565=FACE_OUTER_BOUND('',#861,.T.);
#566=FACE_OUTER_BOUND('',#862,.T.);
#567=FACE_OUTER_BOUND('',#863,.T.);
#568=FACE_OUTER_BOUND('',#864,.T.);
#569=FACE_OUTER_BOUND('',#865,.T.);
#570=FACE_OUTER_BOUND('',#866,.T.);
#571=FACE_OUTER_BOUND('',#867,.T.);
#572=FACE_OUTER_BOUND('',#868,.T.);
#573=FACE_OUTER_BOUND('',#869,.T.);
#574=FACE_OUTER_BOUND('',#870,.T.);
#575=FACE_OUTER_BOUND('',#871,.T.);
#576=FACE_OUTER_BOUND('',#872,.T.);
#577=FACE_OUTER_BOUND('',#873,.T.);
#578=FACE_OUTER_BOUND('',#874,.T.);
#579=FACE_OUTER_BOUND('',#875,.T.);
#580=FACE_OUTER_BOUND('',#876,.T.);
#581=FACE_OUTER_BOUND('',#877,.T.);
#582=FACE_OUTER_BOUND('',#878,.T.);
#583=FACE_OUTER_BOUND('',#884,.T.);
#584=FACE_OUTER_BOUND('',#885,.T.);
#585=FACE_OUTER_BOUND('',#886,.T.);
#586=FACE_OUTER_BOUND('',#887,.T.);
#587=FACE_OUTER_BOUND('',#888,.T.);
#588=FACE_OUTER_BOUND('',#889,.T.);
#589=FACE_OUTER_BOUND('',#890,.T.);
#590=FACE_OUTER_BOUND('',#891,.T.);
#591=FACE_OUTER_BOUND('',#892,.T.);
#592=FACE_OUTER_BOUND('',#893,.T.);
#593=FACE_OUTER_BOUND('',#894,.T.);
#594=FACE_OUTER_BOUND('',#895,.T.);
#595=FACE_OUTER_BOUND('',#896,.T.);
#596=FACE_OUTER_BOUND('',#898,.T.);
#597=FACE_OUTER_BOUND('',#900,.T.);
#598=FACE_OUTER_BOUND('',#901,.T.);
#599=FACE_OUTER_BOUND('',#902,.T.);
#600=FACE_OUTER_BOUND('',#904,.T.);
#601=FACE_OUTER_BOUND('',#906,.T.);
#602=FACE_OUTER_BOUND('',#908,.T.);
#603=FACE_OUTER_BOUND('',#909,.T.);
#604=FACE_OUTER_BOUND('',#910,.T.);
#605=FACE_OUTER_BOUND('',#912,.T.);
#606=FACE_OUTER_BOUND('',#913,.T.);
#607=FACE_OUTER_BOUND('',#915,.T.);
#608=FACE_OUTER_BOUND('',#917,.T.);
#609=FACE_OUTER_BOUND('',#918,.T.);
#610=FACE_OUTER_BOUND('',#919,.T.);
#611=FACE_OUTER_BOUND('',#920,.T.);
#612=FACE_OUTER_BOUND('',#921,.T.);
#613=FACE_OUTER_BOUND('',#922,.T.);
#614=FACE_OUTER_BOUND('',#923,.T.);
#615=FACE_OUTER_BOUND('',#924,.T.);
#616=FACE_OUTER_BOUND('',#925,.T.);
#617=FACE_OUTER_BOUND('',#926,.T.);
#618=FACE_OUTER_BOUND('',#927,.T.);
#619=FACE_OUTER_BOUND('',#928,.T.);
#620=FACE_OUTER_BOUND('',#929,.T.);
#621=FACE_OUTER_BOUND('',#932,.T.);
#622=FACE_OUTER_BOUND('',#933,.T.);
#623=FACE_OUTER_BOUND('',#935,.T.);
#624=FACE_OUTER_BOUND('',#936,.T.);
#625=FACE_OUTER_BOUND('',#937,.T.);
#626=EDGE_LOOP('',(#2158,#2159,#2160,#2161));
#627=EDGE_LOOP('',(#2162,#2163,#2164,#2165));
#628=EDGE_LOOP('',(#2166,#2167,#2168,#2169));
#629=EDGE_LOOP('',(#2170,#2171,#2172,#2173));
#630=EDGE_LOOP('',(#2174));
#631=EDGE_LOOP('',(#2175));
#632=EDGE_LOOP('',(#2176,#2177,#2178,#2179));
#633=EDGE_LOOP('',(#2180));
#634=EDGE_LOOP('',(#2181,#2182,#2183,#2184));
#635=EDGE_LOOP('',(#2185));
#636=EDGE_LOOP('',(#2186));
#637=EDGE_LOOP('',(#2187));
#638=EDGE_LOOP('',(#2188));
#639=EDGE_LOOP('',(#2189));
#640=EDGE_LOOP('',(#2190));
#641=EDGE_LOOP('',(#2191));
#642=EDGE_LOOP('',(#2192));
#643=EDGE_LOOP('',(#2193));
#644=EDGE_LOOP('',(#2194));
#645=EDGE_LOOP('',(#2195));
#646=EDGE_LOOP('',(#2196));
#647=EDGE_LOOP('',(#2197));
#648=EDGE_LOOP('',(#2198));
#649=EDGE_LOOP('',(#2199));
#650=EDGE_LOOP('',(#2200));
#651=EDGE_LOOP('',(#2201));
#652=EDGE_LOOP('',(#2202));
#653=EDGE_LOOP('',(#2203,#2204,#2205,#2206));
#654=EDGE_LOOP('',(#2207));
#655=EDGE_LOOP('',(#2208));
#656=EDGE_LOOP('',(#2209));
#657=EDGE_LOOP('',(#2210,#2211,#2212,#2213));
#658=EDGE_LOOP('',(#2214));
#659=EDGE_LOOP('',(#2215));
#660=EDGE_LOOP('',(#2216));
#661=EDGE_LOOP('',(#2217));
#662=EDGE_LOOP('',(#2218));
#663=EDGE_LOOP('',(#2219));
#664=EDGE_LOOP('',(#2220));
#665=EDGE_LOOP('',(#2221));
#666=EDGE_LOOP('',(#2222));
#667=EDGE_LOOP('',(#2223));
#668=EDGE_LOOP('',(#2224));
#669=EDGE_LOOP('',(#2225));
#670=EDGE_LOOP('',(#2226));
#671=EDGE_LOOP('',(#2227));
#672=EDGE_LOOP('',(#2228));
#673=EDGE_LOOP('',(#2229));
#674=EDGE_LOOP('',(#2230));
#675=EDGE_LOOP('',(#2231));
#676=EDGE_LOOP('',(#2232));
#677=EDGE_LOOP('',(#2233));
#678=EDGE_LOOP('',(#2234));
#679=EDGE_LOOP('',(#2235));
#680=EDGE_LOOP('',(#2236));
#681=EDGE_LOOP('',(#2237));
#682=EDGE_LOOP('',(#2238));
#683=EDGE_LOOP('',(#2239));
#684=EDGE_LOOP('',(#2240));
#685=EDGE_LOOP('',(#2241));
#686=EDGE_LOOP('',(#2242));
#687=EDGE_LOOP('',(#2243));
#688=EDGE_LOOP('',(#2244));
#689=EDGE_LOOP('',(#2245));
#690=EDGE_LOOP('',(#2246));
#691=EDGE_LOOP('',(#2247));
#692=EDGE_LOOP('',(#2248,#2249,#2250,#2251));
#693=EDGE_LOOP('',(#2252));
#694=EDGE_LOOP('',(#2253));
#695=EDGE_LOOP('',(#2254,#2255,#2256,#2257));
#696=EDGE_LOOP('',(#2258));
#697=EDGE_LOOP('',(#2259,#2260,#2261,#2262));
#698=EDGE_LOOP('',(#2263));
#699=EDGE_LOOP('',(#2264));
#700=EDGE_LOOP('',(#2265));
#701=EDGE_LOOP('',(#2266));
#702=EDGE_LOOP('',(#2267));
#703=EDGE_LOOP('',(#2268));
#704=EDGE_LOOP('',(#2269));
#705=EDGE_LOOP('',(#2270));
#706=EDGE_LOOP('',(#2271));
#707=EDGE_LOOP('',(#2272));
#708=EDGE_LOOP('',(#2273));
#709=EDGE_LOOP('',(#2274));
#710=EDGE_LOOP('',(#2275));
#711=EDGE_LOOP('',(#2276));
#712=EDGE_LOOP('',(#2277));
#713=EDGE_LOOP('',(#2278));
#714=EDGE_LOOP('',(#2279));
#715=EDGE_LOOP('',(#2280));
#716=EDGE_LOOP('',(#2281,#2282,#2283,#2284));
#717=EDGE_LOOP('',(#2285));
#718=EDGE_LOOP('',(#2286));
#719=EDGE_LOOP('',(#2287));
#720=EDGE_LOOP('',(#2288,#2289,#2290,#2291));
#721=EDGE_LOOP('',(#2292));
#722=EDGE_LOOP('',(#2293));
#723=EDGE_LOOP('',(#2294));
#724=EDGE_LOOP('',(#2295));
#725=EDGE_LOOP('',(#2296));
#726=EDGE_LOOP('',(#2297));
#727=EDGE_LOOP('',(#2298));
#728=EDGE_LOOP('',(#2299));
#729=EDGE_LOOP('',(#2300));
#730=EDGE_LOOP('',(#2301));
#731=EDGE_LOOP('',(#2302));
#732=EDGE_LOOP('',(#2303));
#733=EDGE_LOOP('',(#2304));
#734=EDGE_LOOP('',(#2305));
#735=EDGE_LOOP('',(#2306));
#736=EDGE_LOOP('',(#2307));
#737=EDGE_LOOP('',(#2308));
#738=EDGE_LOOP('',(#2309));
#739=EDGE_LOOP('',(#2310));
#740=EDGE_LOOP('',(#2311));
#741=EDGE_LOOP('',(#2312));
#742=EDGE_LOOP('',(#2313));
#743=EDGE_LOOP('',(#2314));
#744=EDGE_LOOP('',(#2315));
#745=EDGE_LOOP('',(#2316));
#746=EDGE_LOOP('',(#2317));
#747=EDGE_LOOP('',(#2318));
#748=EDGE_LOOP('',(#2319));
#749=EDGE_LOOP('',(#2320));
#750=EDGE_LOOP('',(#2321));
#751=EDGE_LOOP('',(#2322));
#752=EDGE_LOOP('',(#2323));
#753=EDGE_LOOP('',(#2324));
#754=EDGE_LOOP('',(#2325));
#755=EDGE_LOOP('',(#2326,#2327,#2328,#2329));
#756=EDGE_LOOP('',(#2330,#2331,#2332,#2333));
#757=EDGE_LOOP('',(#2334,#2335,#2336,#2337));
#758=EDGE_LOOP('',(#2338,#2339,#2340,#2341));
#759=EDGE_LOOP('',(#2342,#2343,#2344,#2345));
#760=EDGE_LOOP('',(#2346,#2347,#2348,#2349));
#761=EDGE_LOOP('',(#2350,#2351,#2352,#2353));
#762=EDGE_LOOP('',(#2354,#2355,#2356,#2357));
#763=EDGE_LOOP('',(#2358,#2359,#2360,#2361));
#764=EDGE_LOOP('',(#2362,#2363,#2364,#2365));
#765=EDGE_LOOP('',(#2366,#2367,#2368,#2369));
#766=EDGE_LOOP('',(#2370,#2371,#2372,#2373));
#767=EDGE_LOOP('',(#2374,#2375,#2376,#2377));
#768=EDGE_LOOP('',(#2378,#2379,#2380,#2381));
#769=EDGE_LOOP('',(#2382,#2383,#2384,#2385));
#770=EDGE_LOOP('',(#2386,#2387,#2388,#2389));
#771=EDGE_LOOP('',(#2390,#2391,#2392,#2393));
#772=EDGE_LOOP('',(#2394,#2395,#2396,#2397));
#773=EDGE_LOOP('',(#2398,#2399,#2400,#2401));
#774=EDGE_LOOP('',(#2402,#2403,#2404,#2405));
#775=EDGE_LOOP('',(#2406,#2407,#2408,#2409));
#776=EDGE_LOOP('',(#2410,#2411,#2412,#2413));
#777=EDGE_LOOP('',(#2414,#2415,#2416,#2417));
#778=EDGE_LOOP('',(#2418,#2419,#2420,#2421));
#779=EDGE_LOOP('',(#2422,#2423,#2424,#2425));
#780=EDGE_LOOP('',(#2426,#2427,#2428,#2429));
#781=EDGE_LOOP('',(#2430,#2431,#2432,#2433));
#782=EDGE_LOOP('',(#2434,#2435,#2436,#2437));
#783=EDGE_LOOP('',(#2438,#2439,#2440,#2441));
#784=EDGE_LOOP('',(#2442,#2443,#2444,#2445));
#785=EDGE_LOOP('',(#2446,#2447,#2448,#2449));
#786=EDGE_LOOP('',(#2450,#2451,#2452,#2453));
#787=EDGE_LOOP('',(#2454,#2455,#2456,#2457));
#788=EDGE_LOOP('',(#2458,#2459,#2460,#2461));
#789=EDGE_LOOP('',(#2462,#2463,#2464,#2465));
#790=EDGE_LOOP('',(#2466,#2467,#2468,#2469));
#791=EDGE_LOOP('',(#2470,#2471,#2472,#2473));
#792=EDGE_LOOP('',(#2474,#2475,#2476,#2477));
#793=EDGE_LOOP('',(#2478,#2479,#2480,#2481));
#794=EDGE_LOOP('',(#2482,#2483,#2484,#2485));
#795=EDGE_LOOP('',(#2486,#2487,#2488,#2489));
#796=EDGE_LOOP('',(#2490,#2491,#2492,#2493));
#797=EDGE_LOOP('',(#2494,#2495,#2496,#2497));
#798=EDGE_LOOP('',(#2498,#2499,#2500,#2501));
#799=EDGE_LOOP('',(#2502,#2503,#2504,#2505));
#800=EDGE_LOOP('',(#2506,#2507,#2508,#2509));
#801=EDGE_LOOP('',(#2510,#2511,#2512,#2513));
#802=EDGE_LOOP('',(#2514,#2515,#2516,#2517));
#803=EDGE_LOOP('',(#2518,#2519,#2520,#2521));
#804=EDGE_LOOP('',(#2522,#2523,#2524,#2525));
#805=EDGE_LOOP('',(#2526,#2527,#2528,#2529));
#806=EDGE_LOOP('',(#2530,#2531,#2532,#2533));
#807=EDGE_LOOP('',(#2534,#2535,#2536,#2537));
#808=EDGE_LOOP('',(#2538,#2539,#2540,#2541));
#809=EDGE_LOOP('',(#2542,#2543,#2544,#2545));
#810=EDGE_LOOP('',(#2546,#2547,#2548,#2549));
#811=EDGE_LOOP('',(#2550,#2551,#2552,#2553));
#812=EDGE_LOOP('',(#2554,#2555,#2556,#2557));
#813=EDGE_LOOP('',(#2558,#2559,#2560,#2561));
#814=EDGE_LOOP('',(#2562,#2563,#2564,#2565));
#815=EDGE_LOOP('',(#2566,#2567,#2568,#2569));
#816=EDGE_LOOP('',(#2570,#2571,#2572,#2573));
#817=EDGE_LOOP('',(#2574,#2575,#2576,#2577));
#818=EDGE_LOOP('',(#2578,#2579,#2580,#2581));
#819=EDGE_LOOP('',(#2582,#2583,#2584,#2585));
#820=EDGE_LOOP('',(#2586,#2587,#2588,#2589));
#821=EDGE_LOOP('',(#2590,#2591,#2592,#2593));
#822=EDGE_LOOP('',(#2594,#2595,#2596,#2597));
#823=EDGE_LOOP('',(#2598,#2599,#2600,#2601));
#824=EDGE_LOOP('',(#2602,#2603,#2604,#2605));
#825=EDGE_LOOP('',(#2606,#2607,#2608,#2609));
#826=EDGE_LOOP('',(#2610,#2611,#2612,#2613));
#827=EDGE_LOOP('',(#2614,#2615,#2616,#2617));
#828=EDGE_LOOP('',(#2618,#2619,#2620,#2621));
#829=EDGE_LOOP('',(#2622,#2623,#2624,#2625));
#830=EDGE_LOOP('',(#2626,#2627,#2628,#2629));
#831=EDGE_LOOP('',(#2630));
#832=EDGE_LOOP('',(#2631));
#833=EDGE_LOOP('',(#2632,#2633,#2634,#2635));
#834=EDGE_LOOP('',(#2636));
#835=EDGE_LOOP('',(#2637));
#836=EDGE_LOOP('',(#2638,#2639,#2640,#2641));
#837=EDGE_LOOP('',(#2642));
#838=EDGE_LOOP('',(#2643));
#839=EDGE_LOOP('',(#2644,#2645,#2646,#2647));
#840=EDGE_LOOP('',(#2648));
#841=EDGE_LOOP('',(#2649));
#842=EDGE_LOOP('',(#2650,#2651,#2652,#2653,#2654,#2655,#2656,#2657));
#843=EDGE_LOOP('',(#2658,#2659,#2660,#2661,#2662,#2663));
#844=EDGE_LOOP('',(#2664,#2665,#2666,#2667,#2668,#2669));
#845=EDGE_LOOP('',(#2670,#2671,#2672,#2673,#2674,#2675));
#846=EDGE_LOOP('',(#2676,#2677,#2678));
#847=EDGE_LOOP('',(#2679,#2680,#2681,#2682));
#848=EDGE_LOOP('',(#2683,#2684,#2685,#2686,#2687));
#849=EDGE_LOOP('',(#2688,#2689));
#850=EDGE_LOOP('',(#2690,#2691,#2692));
#851=EDGE_LOOP('',(#2693,#2694,#2695,#2696));
#852=EDGE_LOOP('',(#2697,#2698,#2699,#2700,#2701,#2702,#2703,#2704,#2705,
#2706,#2707,#2708,#2709,#2710,#2711));
#853=EDGE_LOOP('',(#2712,#2713));
#854=EDGE_LOOP('',(#2714,#2715,#2716,#2717,#2718,#2719));
#855=EDGE_LOOP('',(#2720,#2721,#2722,#2723));
#856=EDGE_LOOP('',(#2724,#2725,#2726,#2727,#2728));
#857=EDGE_LOOP('',(#2729,#2730,#2731,#2732,#2733,#2734));
#858=EDGE_LOOP('',(#2735,#2736,#2737,#2738,#2739));
#859=EDGE_LOOP('',(#2740,#2741,#2742,#2743,#2744,#2745,#2746,#2747,#2748,
#2749));
#860=EDGE_LOOP('',(#2750,#2751,#2752,#2753,#2754,#2755,#2756,#2757,#2758,
#2759,#2760,#2761));
#861=EDGE_LOOP('',(#2762,#2763,#2764,#2765));
#862=EDGE_LOOP('',(#2766,#2767,#2768,#2769));
#863=EDGE_LOOP('',(#2770,#2771,#2772,#2773));
#864=EDGE_LOOP('',(#2774,#2775,#2776,#2777));
#865=EDGE_LOOP('',(#2778,#2779,#2780,#2781));
#866=EDGE_LOOP('',(#2782,#2783,#2784,#2785));
#867=EDGE_LOOP('',(#2786,#2787,#2788,#2789));
#868=EDGE_LOOP('',(#2790,#2791,#2792,#2793));
#869=EDGE_LOOP('',(#2794,#2795,#2796,#2797));
#870=EDGE_LOOP('',(#2798,#2799,#2800,#2801));
#871=EDGE_LOOP('',(#2802,#2803,#2804,#2805));
#872=EDGE_LOOP('',(#2806,#2807,#2808,#2809));
#873=EDGE_LOOP('',(#2810,#2811,#2812,#2813));
#874=EDGE_LOOP('',(#2814,#2815,#2816,#2817));
#875=EDGE_LOOP('',(#2818,#2819,#2820,#2821));
#876=EDGE_LOOP('',(#2822,#2823,#2824,#2825));
#877=EDGE_LOOP('',(#2826,#2827,#2828,#2829));
#878=EDGE_LOOP('',(#2830,#2831,#2832,#2833));
#879=EDGE_LOOP('',(#2834,#2835,#2836,#2837,#2838,#2839,#2840,#2841,#2842,
#2843,#2844,#2845));
#880=EDGE_LOOP('',(#2846));
#881=EDGE_LOOP('',(#2847));
#882=EDGE_LOOP('',(#2848));
#883=EDGE_LOOP('',(#2849));
#884=EDGE_LOOP('',(#2850,#2851,#2852,#2853));
#885=EDGE_LOOP('',(#2854,#2855,#2856,#2857));
#886=EDGE_LOOP('',(#2858,#2859,#2860,#2861,#2862,#2863));
#887=EDGE_LOOP('',(#2864,#2865,#2866,#2867,#2868,#2869));
#888=EDGE_LOOP('',(#2870,#2871,#2872,#2873));
#889=EDGE_LOOP('',(#2874,#2875,#2876,#2877));
#890=EDGE_LOOP('',(#2878,#2879,#2880,#2881));
#891=EDGE_LOOP('',(#2882,#2883,#2884,#2885));
#892=EDGE_LOOP('',(#2886,#2887,#2888,#2889));
#893=EDGE_LOOP('',(#2890));
#894=EDGE_LOOP('',(#2891,#2892,#2893,#2894));
#895=EDGE_LOOP('',(#2895));
#896=EDGE_LOOP('',(#2896));
#897=EDGE_LOOP('',(#2897));
#898=EDGE_LOOP('',(#2898));
#899=EDGE_LOOP('',(#2899));
#900=EDGE_LOOP('',(#2900,#2901,#2902,#2903));
#901=EDGE_LOOP('',(#2904,#2905,#2906,#2907));
#902=EDGE_LOOP('',(#2908,#2909,#2910));
#903=EDGE_LOOP('',(#2911));
#904=EDGE_LOOP('',(#2912,#2913,#2914,#2915,#2916,#2917,#2918,#2919));
#905=EDGE_LOOP('',(#2920,#2921,#2922,#2923));
#906=EDGE_LOOP('',(#2924,#2925,#2926));
#907=EDGE_LOOP('',(#2927));
#908=EDGE_LOOP('',(#2928,#2929,#2930,#2931,#2932,#2933,#2934,#2935));
#909=EDGE_LOOP('',(#2936,#2937,#2938,#2939,#2940,#2941,#2942,#2943));
#910=EDGE_LOOP('',(#2944,#2945,#2946));
#911=EDGE_LOOP('',(#2947));
#912=EDGE_LOOP('',(#2948,#2949,#2950,#2951,#2952,#2953,#2954,#2955));
#913=EDGE_LOOP('',(#2956,#2957,#2958));
#914=EDGE_LOOP('',(#2959));
#915=EDGE_LOOP('',(#2960,#2961,#2962,#2963));
#916=EDGE_LOOP('',(#2964,#2965,#2966,#2967));
#917=EDGE_LOOP('',(#2968,#2969,#2970,#2971));
#918=EDGE_LOOP('',(#2972));
#919=EDGE_LOOP('',(#2973,#2974,#2975,#2976));
#920=EDGE_LOOP('',(#2977));
#921=EDGE_LOOP('',(#2978,#2979,#2980,#2981));
#922=EDGE_LOOP('',(#2982));
#923=EDGE_LOOP('',(#2983,#2984,#2985,#2986));
#924=EDGE_LOOP('',(#2987));
#925=EDGE_LOOP('',(#2988,#2989,#2990,#2991));
#926=EDGE_LOOP('',(#2992,#2993,#2994,#2995));
#927=EDGE_LOOP('',(#2996,#2997,#2998,#2999));
#928=EDGE_LOOP('',(#3000,#3001,#3002,#3003));
#929=EDGE_LOOP('',(#3004,#3005,#3006,#3007,#3008,#3009,#3010,#3011));
#930=EDGE_LOOP('',(#3012));
#931=EDGE_LOOP('',(#3013));
#932=EDGE_LOOP('',(#3014,#3015,#3016,#3017));
#933=EDGE_LOOP('',(#3018,#3019,#3020,#3021));
#934=EDGE_LOOP('',(#3022,#3023,#3024,#3025));
#935=EDGE_LOOP('',(#3026,#3027,#3028,#3029));
#936=EDGE_LOOP('',(#3030,#3031,#3032,#3033));
#937=EDGE_LOOP('',(#3034,#3035,#3036,#3037));
#938=LINE('',#4644,#1183);
#939=LINE('',#4646,#1184);
#940=LINE('',#4648,#1185);
#941=LINE('',#4649,#1186);
#942=LINE('',#4653,#1187);
#943=LINE('',#4654,#1188);
#944=LINE('',#4655,#1189);
#945=LINE('',#4658,#1190);
#946=LINE('',#4660,#1191);
#947=LINE('',#4661,#1192);
#948=LINE('',#4663,#1193);
#949=LINE('',#4672,#1194);
#950=LINE('',#4675,#1195);
#951=LINE('',#4682,#1196);
#952=LINE('',#4685,#1197);
#953=LINE('',#4726,#1198);
#954=LINE('',#4729,#1199);
#955=LINE('',#4740,#1200);
#956=LINE('',#4743,#1201);
#957=LINE('',#4813,#1202);
#958=LINE('',#4822,#1203);
#959=LINE('',#4825,#1204);
#960=LINE('',#4832,#1205);
#961=LINE('',#4835,#1206);
#962=LINE('',#4876,#1207);
#963=LINE('',#4879,#1208);
#964=LINE('',#4890,#1209);
#965=LINE('',#4893,#1210);
#966=LINE('',#4964,#1211);
#967=LINE('',#4966,#1212);
#968=LINE('',#4968,#1213);
#969=LINE('',#4969,#1214);
#970=LINE('',#4971,#1215);
#971=LINE('',#4973,#1216);
#972=LINE('',#4976,#1217);
#973=LINE('',#4978,#1218);
#974=LINE('',#4979,#1219);
#975=LINE('',#4981,#1220);
#976=LINE('',#4983,#1221);
#977=LINE('',#4986,#1222);
#978=LINE('',#4988,#1223);
#979=LINE('',#4990,#1224);
#980=LINE('',#4992,#1225);
#981=LINE('',#4994,#1226);
#982=LINE('',#4996,#1227);
#983=LINE('',#4998,#1228);
#984=LINE('',#5000,#1229);
#985=LINE('',#5002,#1230);
#986=LINE('',#5004,#1231);
#987=LINE('',#5006,#1232);
#988=LINE('',#5008,#1233);
#989=LINE('',#5010,#1234);
#990=LINE('',#5012,#1235);
#991=LINE('',#5014,#1236);
#992=LINE('',#5016,#1237);
#993=LINE('',#5018,#1238);
#994=LINE('',#5020,#1239);
#995=LINE('',#5022,#1240);
#996=LINE('',#5023,#1241);
#997=LINE('',#5025,#1242);
#998=LINE('',#5027,#1243);
#999=LINE('',#5030,#1244);
#1000=LINE('',#5032,#1245);
#1001=LINE('',#5034,#1246);
#1002=LINE('',#5036,#1247);
#1003=LINE('',#5037,#1248);
#1004=LINE('',#5039,#1249);
#1005=LINE('',#5041,#1250);
#1006=LINE('',#5044,#1251);
#1007=LINE('',#5046,#1252);
#1008=LINE('',#5048,#1253);
#1009=LINE('',#5050,#1254);
#1010=LINE('',#5052,#1255);
#1011=LINE('',#5054,#1256);
#1012=LINE('',#5056,#1257);
#1013=LINE('',#5058,#1258);
#1014=LINE('',#5060,#1259);
#1015=LINE('',#5062,#1260);
#1016=LINE('',#5064,#1261);
#1017=LINE('',#5066,#1262);
#1018=LINE('',#5068,#1263);
#1019=LINE('',#5070,#1264);
#1020=LINE('',#5072,#1265);
#1021=LINE('',#5074,#1266);
#1022=LINE('',#5076,#1267);
#1023=LINE('',#5078,#1268);
#1024=LINE('',#5080,#1269);
#1025=LINE('',#5082,#1270);
#1026=LINE('',#5084,#1271);
#1027=LINE('',#5086,#1272);
#1028=LINE('',#5088,#1273);
#1029=LINE('',#5090,#1274);
#1030=LINE('',#5092,#1275);
#1031=LINE('',#5094,#1276);
#1032=LINE('',#5096,#1277);
#1033=LINE('',#5098,#1278);
#1034=LINE('',#5100,#1279);
#1035=LINE('',#5102,#1280);
#1036=LINE('',#5104,#1281);
#1037=LINE('',#5106,#1282);
#1038=LINE('',#5108,#1283);
#1039=LINE('',#5110,#1284);
#1040=LINE('',#5116,#1285);
#1041=LINE('',#5125,#1286);
#1042=LINE('',#5134,#1287);
#1043=LINE('',#5143,#1288);
#1044=LINE('',#5159,#1289);
#1045=LINE('',#5167,#1290);
#1046=LINE('',#5175,#1291);
#1047=LINE('',#5183,#1292);
#1048=LINE('',#5187,#1293);
#1049=LINE('',#5191,#1294);
#1050=LINE('',#5194,#1295);
#1051=LINE('',#5196,#1296);
#1052=LINE('',#5202,#1297);
#1053=LINE('',#5207,#1298);
#1054=LINE('',#5209,#1299);
#1055=LINE('',#5211,#1300);
#1056=LINE('',#5212,#1301);
#1057=LINE('',#5216,#1302);
#1058=LINE('',#5221,#1303);
#1059=LINE('',#5223,#1304);
#1060=LINE('',#5224,#1305);
#1061=LINE('',#5225,#1306);
#1062=LINE('',#5226,#1307);
#1063=LINE('',#5231,#1308);
#1064=LINE('',#5234,#1309);
#1065=LINE('',#5237,#1310);
#1066=LINE('',#5240,#1311);
#1067=LINE('',#5243,#1312);
#1068=LINE('',#5246,#1313);
#1069=LINE('',#5249,#1314);
#1070=LINE('',#5252,#1315);
#1071=LINE('',#5255,#1316);
#1072=LINE('',#5256,#1317);
#1073=LINE('',#5259,#1318);
#1074=LINE('',#5260,#1319);
#1075=LINE('',#5261,#1320);
#1076=LINE('',#5262,#1321);
#1077=LINE('',#5263,#1322);
#1078=LINE('',#5266,#1323);
#1079=LINE('',#5268,#1324);
#1080=LINE('',#5270,#1325);
#1081=LINE('',#5272,#1326);
#1082=LINE('',#5274,#1327);
#1083=LINE('',#5276,#1328);
#1084=LINE('',#5278,#1329);
#1085=LINE('',#5280,#1330);
#1086=LINE('',#5282,#1331);
#1087=LINE('',#5284,#1332);
#1088=LINE('',#5286,#1333);
#1089=LINE('',#5287,#1334);
#1090=LINE('',#5291,#1335);
#1091=LINE('',#5293,#1336);
#1092=LINE('',#5294,#1337);
#1093=LINE('',#5297,#1338);
#1094=LINE('',#5298,#1339);
#1095=LINE('',#5301,#1340);
#1096=LINE('',#5303,#1341);
#1097=LINE('',#5304,#1342);
#1098=LINE('',#5307,#1343);
#1099=LINE('',#5308,#1344);
#1100=LINE('',#5311,#1345);
#1101=LINE('',#5312,#1346);
#1102=LINE('',#5315,#1347);
#1103=LINE('',#5317,#1348);
#1104=LINE('',#5318,#1349);
#1105=LINE('',#5321,#1350);
#1106=LINE('',#5322,#1351);
#1107=LINE('',#5325,#1352);
#1108=LINE('',#5326,#1353);
#1109=LINE('',#5329,#1354);
#1110=LINE('',#5330,#1355);
#1111=LINE('',#5332,#1356);
#1112=LINE('',#5334,#1357);
#1113=LINE('',#5336,#1358);
#1114=LINE('',#5339,#1359);
#1115=LINE('',#5341,#1360);
#1116=LINE('',#5342,#1361);
#1117=LINE('',#5345,#1362);
#1118=LINE('',#5346,#1363);
#1119=LINE('',#5349,#1364);
#1120=LINE('',#5350,#1365);
#1121=LINE('',#5352,#1366);
#1122=LINE('',#5355,#1367);
#1123=LINE('',#5362,#1368);
#1124=LINE('',#5364,#1369);
#1125=LINE('',#5366,#1370);
#1126=LINE('',#5367,#1371);
#1127=LINE('',#5370,#1372);
#1128=LINE('',#5372,#1373);
#1129=LINE('',#5373,#1374);
#1130=LINE('',#5376,#1375);
#1131=LINE('',#5378,#1376);
#1132=LINE('',#5379,#1377);
#1133=LINE('',#5381,#1378);
#1134=LINE('',#5382,#1379);
#1135=LINE('',#5387,#1380);
#1136=LINE('',#5394,#1381);
#1137=LINE('',#5406,#1382);
#1138=LINE('',#5410,#1383);
#1139=LINE('',#5416,#1384);
#1140=LINE('',#5417,#1385);
#1141=LINE('',#5422,#1386);
#1142=LINE('',#5424,#1387);
#1143=LINE('',#5426,#1388);
#1144=LINE('',#5428,#1389);
#1145=LINE('',#5430,#1390);
#1146=LINE('',#5432,#1391);
#1147=LINE('',#5433,#1392);
#1148=LINE('',#5437,#1393);
#1149=LINE('',#5440,#1394);
#1150=LINE('',#5445,#1395);
#1151=LINE('',#5447,#1396);
#1152=LINE('',#5448,#1397);
#1153=LINE('',#5450,#1398);
#1154=LINE('',#5451,#1399);
#1155=LINE('',#5454,#1400);
#1156=LINE('',#5456,#1401);
#1157=LINE('',#5458,#1402);
#1158=LINE('',#5460,#1403);
#1159=LINE('',#5462,#1404);
#1160=LINE('',#5463,#1405);
#1161=LINE('',#5467,#1406);
#1162=LINE('',#5472,#1407);
#1163=LINE('',#5474,#1408);
#1164=LINE('',#5476,#1409);
#1165=LINE('',#5477,#1410);
#1166=LINE('',#5478,#1411);
#1167=LINE('',#5486,#1412);
#1168=LINE('',#5488,#1413);
#1169=LINE('',#5490,#1414);
#1170=LINE('',#5491,#1415);
#1171=LINE('',#5494,#1416);
#1172=LINE('',#5499,#1417);
#1173=LINE('',#5504,#1418);
#1174=LINE('',#5509,#1419);
#1175=LINE('',#5515,#1420);
#1176=LINE('',#5517,#1421);
#1177=LINE('',#5519,#1422);
#1178=LINE('',#5520,#1423);
#1179=LINE('',#5531,#1424);
#1180=LINE('',#5532,#1425);
#1181=LINE('',#5534,#1426);
#1182=LINE('',#5536,#1427);
#1183=VECTOR('',#3669,1.);
#1184=VECTOR('',#3670,1.);
#1185=VECTOR('',#3671,1.);
#1186=VECTOR('',#3672,1.);
#1187=VECTOR('',#3675,1.);
#1188=VECTOR('',#3676,1.);
#1189=VECTOR('',#3677,1.);
#1190=VECTOR('',#3680,1.);
#1191=VECTOR('',#3681,1.);
#1192=VECTOR('',#3682,1.);
#1193=VECTOR('',#3685,1.);
#1194=VECTOR('',#3692,1.);
#1195=VECTOR('',#3695,1.);
#1196=VECTOR('',#3700,1.);
#1197=VECTOR('',#3703,1.);
#1198=VECTOR('',#3742,1.);
#1199=VECTOR('',#3745,1.);
#1200=VECTOR('',#3754,1.);
#1201=VECTOR('',#3757,1.);
#1202=VECTOR('',#3828,1.);
#1203=VECTOR('',#3835,1.);
#1204=VECTOR('',#3838,1.);
#1205=VECTOR('',#3843,1.);
#1206=VECTOR('',#3846,1.);
#1207=VECTOR('',#3885,1.);
#1208=VECTOR('',#3888,1.);
#1209=VECTOR('',#3897,1.);
#1210=VECTOR('',#3900,1.);
#1211=VECTOR('',#3973,0.5);
#1212=VECTOR('',#3976,0.5);
#1213=VECTOR('',#3979,1.);
#1214=VECTOR('',#3980,1.);
#1215=VECTOR('',#3983,1.);
#1216=VECTOR('',#3986,1.);
#1217=VECTOR('',#3991,0.5);
#1218=VECTOR('',#3994,1.);
#1219=VECTOR('',#3995,1.);
#1220=VECTOR('',#3998,1.);
#1221=VECTOR('',#4001,1.);
#1222=VECTOR('',#4006,0.5);
#1223=VECTOR('',#4009,0.5);
#1224=VECTOR('',#4012,0.85);
#1225=VECTOR('',#4015,2.);
#1226=VECTOR('',#4018,0.75);
#1227=VECTOR('',#4021,0.85);
#1228=VECTOR('',#4024,0.75);
#1229=VECTOR('',#4027,0.4);
#1230=VECTOR('',#4030,0.4);
#1231=VECTOR('',#4033,0.4);
#1232=VECTOR('',#4036,0.4);
#1233=VECTOR('',#4039,0.85);
#1234=VECTOR('',#4042,0.75);
#1235=VECTOR('',#4045,2.);
#1236=VECTOR('',#4048,0.85);
#1237=VECTOR('',#4051,0.75);
#1238=VECTOR('',#4054,0.5);
#1239=VECTOR('',#4057,0.5);
#1240=VECTOR('',#4060,1.);
#1241=VECTOR('',#4061,1.);
#1242=VECTOR('',#4064,1.);
#1243=VECTOR('',#4067,1.);
#1244=VECTOR('',#4072,0.5);
#1245=VECTOR('',#4075,0.5);
#1246=VECTOR('',#4078,0.5);
#1247=VECTOR('',#4081,1.);
#1248=VECTOR('',#4082,1.);
#1249=VECTOR('',#4085,1.);
#1250=VECTOR('',#4088,1.);
#1251=VECTOR('',#4093,1.6);
#1252=VECTOR('',#4096,0.4);
#1253=VECTOR('',#4099,0.4);
#1254=VECTOR('',#4102,0.4);
#1255=VECTOR('',#4105,0.4);
#1256=VECTOR('',#4108,0.5);
#1257=VECTOR('',#4111,0.5);
#1258=VECTOR('',#4114,0.85);
#1259=VECTOR('',#4117,2.);
#1260=VECTOR('',#4120,0.75);
#1261=VECTOR('',#4123,0.85);
#1262=VECTOR('',#4126,0.75);
#1263=VECTOR('',#4129,0.5);
#1264=VECTOR('',#4132,0.5);
#1265=VECTOR('',#4135,0.5);
#1266=VECTOR('',#4138,0.5);
#1267=VECTOR('',#4141,0.5);
#1268=VECTOR('',#4144,0.5);
#1269=VECTOR('',#4147,0.5);
#1270=VECTOR('',#4150,0.5);
#1271=VECTOR('',#4153,0.5);
#1272=VECTOR('',#4156,0.5);
#1273=VECTOR('',#4159,0.5);
#1274=VECTOR('',#4162,0.5);
#1275=VECTOR('',#4165,0.85);
#1276=VECTOR('',#4168,0.75);
#1277=VECTOR('',#4171,2.);
#1278=VECTOR('',#4174,0.85);
#1279=VECTOR('',#4177,0.75);
#1280=VECTOR('',#4180,1.6);
#1281=VECTOR('',#4183,0.5);
#1282=VECTOR('',#4186,0.5);
#1283=VECTOR('',#4189,0.5);
#1284=VECTOR('',#4192,0.5);
#1285=VECTOR('',#4199,3.22900000000001);
#1286=VECTOR('',#4210,3.22900000000001);
#1287=VECTOR('',#4221,3.22900000000001);
#1288=VECTOR('',#4232,3.22892476685475);
#1289=VECTOR('',#4251,2.15406587470667);
#1290=VECTOR('',#4260,2.15406587470667);
#1291=VECTOR('',#4269,2.13592829519122);
#1292=VECTOR('',#4278,2.14767311148723);
#1293=VECTOR('',#4283,10.);
#1294=VECTOR('',#4288,10.);
#1295=VECTOR('',#4291,10.);
#1296=VECTOR('',#4292,10.);
#1297=VECTOR('',#4301,10.);
#1298=VECTOR('',#4306,10.);
#1299=VECTOR('',#4307,10.);
#1300=VECTOR('',#4308,10.);
#1301=VECTOR('',#4309,10.);
#1302=VECTOR('',#4312,10.);
#1303=VECTOR('',#4317,10.);
#1304=VECTOR('',#4318,10.);
#1305=VECTOR('',#4319,10.);
#1306=VECTOR('',#4320,10.);
#1307=VECTOR('',#4321,10.);
#1308=VECTOR('',#4328,10.);
#1309=VECTOR('',#4331,10.);
#1310=VECTOR('',#4334,10.);
#1311=VECTOR('',#4337,10.);
#1312=VECTOR('',#4340,10.);
#1313=VECTOR('',#4343,10.);
#1314=VECTOR('',#4346,10.);
#1315=VECTOR('',#4349,10.);
#1316=VECTOR('',#4352,10.);
#1317=VECTOR('',#4353,10.);
#1318=VECTOR('',#4356,10.);
#1319=VECTOR('',#4357,10.);
#1320=VECTOR('',#4358,10.);
#1321=VECTOR('',#4359,10.);
#1322=VECTOR('',#4360,10.);
#1323=VECTOR('',#4361,10.);
#1324=VECTOR('',#4362,10.);
#1325=VECTOR('',#4363,10.);
#1326=VECTOR('',#4364,10.);
#1327=VECTOR('',#4365,10.);
#1328=VECTOR('',#4366,10.);
#1329=VECTOR('',#4367,10.);
#1330=VECTOR('',#4368,10.);
#1331=VECTOR('',#4369,10.);
#1332=VECTOR('',#4370,10.);
#1333=VECTOR('',#4371,10.);
#1334=VECTOR('',#4372,10.);
#1335=VECTOR('',#4377,10.);
#1336=VECTOR('',#4378,10.);
#1337=VECTOR('',#4379,10.);
#1338=VECTOR('',#4382,10.);
#1339=VECTOR('',#4383,10.);
#1340=VECTOR('',#4386,10.);
#1341=VECTOR('',#4387,10.);
#1342=VECTOR('',#4388,10.);
#1343=VECTOR('',#4391,10.);
#1344=VECTOR('',#4392,10.);
#1345=VECTOR('',#4395,10.);
#1346=VECTOR('',#4396,10.);
#1347=VECTOR('',#4399,10.);
#1348=VECTOR('',#4400,10.);
#1349=VECTOR('',#4401,10.);
#1350=VECTOR('',#4404,10.);
#1351=VECTOR('',#4405,10.);
#1352=VECTOR('',#4408,10.);
#1353=VECTOR('',#4409,10.);
#1354=VECTOR('',#4412,10.);
#1355=VECTOR('',#4413,10.);
#1356=VECTOR('',#4416,10.);
#1357=VECTOR('',#4419,10.);
#1358=VECTOR('',#4422,10.);
#1359=VECTOR('',#4425,10.);
#1360=VECTOR('',#4426,10.);
#1361=VECTOR('',#4427,10.);
#1362=VECTOR('',#4430,10.);
#1363=VECTOR('',#4431,10.);
#1364=VECTOR('',#4434,10.);
#1365=VECTOR('',#4435,10.);
#1366=VECTOR('',#4438,10.);
#1367=VECTOR('',#4443,10.);
#1368=VECTOR('',#4452,10.);
#1369=VECTOR('',#4453,10.);
#1370=VECTOR('',#4454,10.);
#1371=VECTOR('',#4455,10.);
#1372=VECTOR('',#4458,10.);
#1373=VECTOR('',#4459,10.);
#1374=VECTOR('',#4460,10.);
#1375=VECTOR('',#4463,10.);
#1376=VECTOR('',#4464,10.);
#1377=VECTOR('',#4465,10.);
#1378=VECTOR('',#4468,10.);
#1379=VECTOR('',#4469,10.);
#1380=VECTOR('',#4474,2.10000000000001);
#1381=VECTOR('',#4483,2.10000000000001);
#1382=VECTOR('',#4500,2.5);
#1383=VECTOR('',#4505,2.5);
#1384=VECTOR('',#4510,10.);
#1385=VECTOR('',#4511,10.);
#1386=VECTOR('',#4516,10.);
#1387=VECTOR('',#4517,10.);
#1388=VECTOR('',#4518,10.);
#1389=VECTOR('',#4519,10.);
#1390=VECTOR('',#4520,10.);
#1391=VECTOR('',#4521,10.);
#1392=VECTOR('',#4522,10.);
#1393=VECTOR('',#4525,10.);
#1394=VECTOR('',#4528,10.);
#1395=VECTOR('',#4533,10.);
#1396=VECTOR('',#4534,10.);
#1397=VECTOR('',#4535,10.);
#1398=VECTOR('',#4536,10.);
#1399=VECTOR('',#4537,10.);
#1400=VECTOR('',#4540,10.);
#1401=VECTOR('',#4541,10.);
#1402=VECTOR('',#4542,10.);
#1403=VECTOR('',#4543,10.);
#1404=VECTOR('',#4544,10.);
#1405=VECTOR('',#4545,10.);
#1406=VECTOR('',#4550,10.);
#1407=VECTOR('',#4555,10.);
#1408=VECTOR('',#4556,10.);
#1409=VECTOR('',#4557,10.);
#1410=VECTOR('',#4558,10.);
#1411=VECTOR('',#4559,10.);
#1412=VECTOR('',#4568,10.);
#1413=VECTOR('',#4569,10.);
#1414=VECTOR('',#4570,10.);
#1415=VECTOR('',#4571,10.);
#1416=VECTOR('',#4574,2.15);
#1417=VECTOR('',#4581,2.15);
#1418=VECTOR('',#4588,2.15);
#1419=VECTOR('',#4595,2.15);
#1420=VECTOR('',#4602,10.);
#1421=VECTOR('',#4603,10.);
#1422=VECTOR('',#4604,10.);
#1423=VECTOR('',#4605,10.);
#1424=VECTOR('',#4626,10.);
#1425=VECTOR('',#4627,10.);
#1426=VECTOR('',#4630,10.);
#1427=VECTOR('',#4633,10.);
#1428=VERTEX_POINT('',#4642);
#1429=VERTEX_POINT('',#4643);
#1430=VERTEX_POINT('',#4645);
#1431=VERTEX_POINT('',#4647);
#1432=VERTEX_POINT('',#4651);
#1433=VERTEX_POINT('',#4652);
#1434=VERTEX_POINT('',#4657);
#1435=VERTEX_POINT('',#4659);
#1436=VERTEX_POINT('',#4664);
#1437=VERTEX_POINT('',#4666);
#1438=VERTEX_POINT('',#4668);
#1439=VERTEX_POINT('',#4669);
#1440=VERTEX_POINT('',#4671);
#1441=VERTEX_POINT('',#4673);
#1442=VERTEX_POINT('',#4676);
#1443=VERTEX_POINT('',#4678);
#1444=VERTEX_POINT('',#4679);
#1445=VERTEX_POINT('',#4681);
#1446=VERTEX_POINT('',#4683);
#1447=VERTEX_POINT('',#4686);
#1448=VERTEX_POINT('',#4688);
#1449=VERTEX_POINT('',#4690);
#1450=VERTEX_POINT('',#4692);
#1451=VERTEX_POINT('',#4694);
#1452=VERTEX_POINT('',#4696);
#1453=VERTEX_POINT('',#4698);
#1454=VERTEX_POINT('',#4700);
#1455=VERTEX_POINT('',#4702);
#1456=VERTEX_POINT('',#4704);
#1457=VERTEX_POINT('',#4706);
#1458=VERTEX_POINT('',#4708);
#1459=VERTEX_POINT('',#4710);
#1460=VERTEX_POINT('',#4712);
#1461=VERTEX_POINT('',#4714);
#1462=VERTEX_POINT('',#4716);
#1463=VERTEX_POINT('',#4718);
#1464=VERTEX_POINT('',#4720);
#1465=VERTEX_POINT('',#4722);
#1466=VERTEX_POINT('',#4723);
#1467=VERTEX_POINT('',#4725);
#1468=VERTEX_POINT('',#4727);
#1469=VERTEX_POINT('',#4730);
#1470=VERTEX_POINT('',#4732);
#1471=VERTEX_POINT('',#4734);
#1472=VERTEX_POINT('',#4736);
#1473=VERTEX_POINT('',#4737);
#1474=VERTEX_POINT('',#4739);
#1475=VERTEX_POINT('',#4741);
#1476=VERTEX_POINT('',#4744);
#1477=VERTEX_POINT('',#4746);
#1478=VERTEX_POINT('',#4748);
#1479=VERTEX_POINT('',#4750);
#1480=VERTEX_POINT('',#4752);
#1481=VERTEX_POINT('',#4754);
#1482=VERTEX_POINT('',#4756);
#1483=VERTEX_POINT('',#4758);
#1484=VERTEX_POINT('',#4760);
#1485=VERTEX_POINT('',#4762);
#1486=VERTEX_POINT('',#4764);
#1487=VERTEX_POINT('',#4766);
#1488=VERTEX_POINT('',#4768);
#1489=VERTEX_POINT('',#4770);
#1490=VERTEX_POINT('',#4772);
#1491=VERTEX_POINT('',#4774);
#1492=VERTEX_POINT('',#4776);
#1493=VERTEX_POINT('',#4778);
#1494=VERTEX_POINT('',#4780);
#1495=VERTEX_POINT('',#4782);
#1496=VERTEX_POINT('',#4784);
#1497=VERTEX_POINT('',#4786);
#1498=VERTEX_POINT('',#4788);
#1499=VERTEX_POINT('',#4790);
#1500=VERTEX_POINT('',#4792);
#1501=VERTEX_POINT('',#4794);
#1502=VERTEX_POINT('',#4796);
#1503=VERTEX_POINT('',#4798);
#1504=VERTEX_POINT('',#4800);
#1505=VERTEX_POINT('',#4802);
#1506=VERTEX_POINT('',#4804);
#1507=VERTEX_POINT('',#4806);
#1508=VERTEX_POINT('',#4808);
#1509=VERTEX_POINT('',#4810);
#1510=VERTEX_POINT('',#4814);
#1511=VERTEX_POINT('',#4816);
#1512=VERTEX_POINT('',#4818);
#1513=VERTEX_POINT('',#4819);
#1514=VERTEX_POINT('',#4821);
#1515=VERTEX_POINT('',#4823);
#1516=VERTEX_POINT('',#4826);
#1517=VERTEX_POINT('',#4828);
#1518=VERTEX_POINT('',#4829);
#1519=VERTEX_POINT('',#4831);
#1520=VERTEX_POINT('',#4833);
#1521=VERTEX_POINT('',#4836);
#1522=VERTEX_POINT('',#4838);
#1523=VERTEX_POINT('',#4840);
#1524=VERTEX_POINT('',#4842);
#1525=VERTEX_POINT('',#4844);
#1526=VERTEX_POINT('',#4846);
#1527=VERTEX_POINT('',#4848);
#1528=VERTEX_POINT('',#4850);
#1529=VERTEX_POINT('',#4852);
#1530=VERTEX_POINT('',#4854);
#1531=VERTEX_POINT('',#4856);
#1532=VERTEX_POINT('',#4858);
#1533=VERTEX_POINT('',#4860);
#1534=VERTEX_POINT('',#4862);
#1535=VERTEX_POINT('',#4864);
#1536=VERTEX_POINT('',#4866);
#1537=VERTEX_POINT('',#4868);
#1538=VERTEX_POINT('',#4870);
#1539=VERTEX_POINT('',#4872);
#1540=VERTEX_POINT('',#4873);
#1541=VERTEX_POINT('',#4875);
#1542=VERTEX_POINT('',#4877);
#1543=VERTEX_POINT('',#4880);
#1544=VERTEX_POINT('',#4882);
#1545=VERTEX_POINT('',#4884);
#1546=VERTEX_POINT('',#4886);
#1547=VERTEX_POINT('',#4887);
#1548=VERTEX_POINT('',#4889);
#1549=VERTEX_POINT('',#4891);
#1550=VERTEX_POINT('',#4894);
#1551=VERTEX_POINT('',#4896);
#1552=VERTEX_POINT('',#4898);
#1553=VERTEX_POINT('',#4900);
#1554=VERTEX_POINT('',#4902);
#1555=VERTEX_POINT('',#4904);
#1556=VERTEX_POINT('',#4906);
#1557=VERTEX_POINT('',#4908);
#1558=VERTEX_POINT('',#4910);
#1559=VERTEX_POINT('',#4912);
#1560=VERTEX_POINT('',#4914);
#1561=VERTEX_POINT('',#4916);
#1562=VERTEX_POINT('',#4918);
#1563=VERTEX_POINT('',#4920);
#1564=VERTEX_POINT('',#4922);
#1565=VERTEX_POINT('',#4924);
#1566=VERTEX_POINT('',#4926);
#1567=VERTEX_POINT('',#4928);
#1568=VERTEX_POINT('',#4930);
#1569=VERTEX_POINT('',#4932);
#1570=VERTEX_POINT('',#4934);
#1571=VERTEX_POINT('',#4936);
#1572=VERTEX_POINT('',#4938);
#1573=VERTEX_POINT('',#4940);
#1574=VERTEX_POINT('',#4942);
#1575=VERTEX_POINT('',#4944);
#1576=VERTEX_POINT('',#4946);
#1577=VERTEX_POINT('',#4948);
#1578=VERTEX_POINT('',#4950);
#1579=VERTEX_POINT('',#4952);
#1580=VERTEX_POINT('',#4954);
#1581=VERTEX_POINT('',#4956);
#1582=VERTEX_POINT('',#4958);
#1583=VERTEX_POINT('',#4960);
#1584=VERTEX_POINT('',#5113);
#1585=VERTEX_POINT('',#5115);
#1586=VERTEX_POINT('',#5119);
#1587=VERTEX_POINT('',#5122);
#1588=VERTEX_POINT('',#5124);
#1589=VERTEX_POINT('',#5128);
#1590=VERTEX_POINT('',#5131);
#1591=VERTEX_POINT('',#5133);
#1592=VERTEX_POINT('',#5137);
#1593=VERTEX_POINT('',#5140);
#1594=VERTEX_POINT('',#5142);
#1595=VERTEX_POINT('',#5146);
#1596=VERTEX_POINT('',#5149);
#1597=VERTEX_POINT('',#5150);
#1598=VERTEX_POINT('',#5152);
#1599=VERTEX_POINT('',#5154);
#1600=VERTEX_POINT('',#5156);
#1601=VERTEX_POINT('',#5161);
#1602=VERTEX_POINT('',#5162);
#1603=VERTEX_POINT('',#5164);
#1604=VERTEX_POINT('',#5169);
#1605=VERTEX_POINT('',#5170);
#1606=VERTEX_POINT('',#5172);
#1607=VERTEX_POINT('',#5177);
#1608=VERTEX_POINT('',#5178);
#1609=VERTEX_POINT('',#5180);
#1610=VERTEX_POINT('',#5185);
#1611=VERTEX_POINT('',#5189);
#1612=VERTEX_POINT('',#5193);
#1613=VERTEX_POINT('',#5195);
#1614=VERTEX_POINT('',#5201);
#1615=VERTEX_POINT('',#5205);
#1616=VERTEX_POINT('',#5206);
#1617=VERTEX_POINT('',#5208);
#1618=VERTEX_POINT('',#5210);
#1619=VERTEX_POINT('',#5213);
#1620=VERTEX_POINT('',#5215);
#1621=VERTEX_POINT('',#5218);
#1622=VERTEX_POINT('',#5220);
#1623=VERTEX_POINT('',#5222);
#1624=VERTEX_POINT('',#5230);
#1625=VERTEX_POINT('',#5232);
#1626=VERTEX_POINT('',#5236);
#1627=VERTEX_POINT('',#5238);
#1628=VERTEX_POINT('',#5242);
#1629=VERTEX_POINT('',#5244);
#1630=VERTEX_POINT('',#5248);
#1631=VERTEX_POINT('',#5250);
#1632=VERTEX_POINT('',#5254);
#1633=VERTEX_POINT('',#5258);
#1634=VERTEX_POINT('',#5264);
#1635=VERTEX_POINT('',#5265);
#1636=VERTEX_POINT('',#5267);
#1637=VERTEX_POINT('',#5269);
#1638=VERTEX_POINT('',#5271);
#1639=VERTEX_POINT('',#5273);
#1640=VERTEX_POINT('',#5275);
#1641=VERTEX_POINT('',#5277);
#1642=VERTEX_POINT('',#5279);
#1643=VERTEX_POINT('',#5281);
#1644=VERTEX_POINT('',#5283);
#1645=VERTEX_POINT('',#5285);
#1646=VERTEX_POINT('',#5290);
#1647=VERTEX_POINT('',#5292);
#1648=VERTEX_POINT('',#5296);
#1649=VERTEX_POINT('',#5300);
#1650=VERTEX_POINT('',#5302);
#1651=VERTEX_POINT('',#5306);
#1652=VERTEX_POINT('',#5310);
#1653=VERTEX_POINT('',#5314);
#1654=VERTEX_POINT('',#5316);
#1655=VERTEX_POINT('',#5320);
#1656=VERTEX_POINT('',#5324);
#1657=VERTEX_POINT('',#5328);
#1658=VERTEX_POINT('',#5338);
#1659=VERTEX_POINT('',#5340);
#1660=VERTEX_POINT('',#5344);
#1661=VERTEX_POINT('',#5348);
#1662=VERTEX_POINT('',#5360);
#1663=VERTEX_POINT('',#5361);
#1664=VERTEX_POINT('',#5363);
#1665=VERTEX_POINT('',#5365);
#1666=VERTEX_POINT('',#5369);
#1667=VERTEX_POINT('',#5371);
#1668=VERTEX_POINT('',#5375);
#1669=VERTEX_POINT('',#5377);
#1670=VERTEX_POINT('',#5384);
#1671=VERTEX_POINT('',#5386);
#1672=VERTEX_POINT('',#5391);
#1673=VERTEX_POINT('',#5393);
#1674=VERTEX_POINT('',#5398);
#1675=VERTEX_POINT('',#5401);
#1676=VERTEX_POINT('',#5404);
#1677=VERTEX_POINT('',#5408);
#1678=VERTEX_POINT('',#5412);
#1679=VERTEX_POINT('',#5413);
#1680=VERTEX_POINT('',#5415);
#1681=VERTEX_POINT('',#5418);
#1682=VERTEX_POINT('',#5421);
#1683=VERTEX_POINT('',#5423);
#1684=VERTEX_POINT('',#5425);
#1685=VERTEX_POINT('',#5427);
#1686=VERTEX_POINT('',#5429);
#1687=VERTEX_POINT('',#5431);
#1688=VERTEX_POINT('',#5435);
#1689=VERTEX_POINT('',#5436);
#1690=VERTEX_POINT('',#5438);
#1691=VERTEX_POINT('',#5441);
#1692=VERTEX_POINT('',#5444);
#1693=VERTEX_POINT('',#5446);
#1694=VERTEX_POINT('',#5449);
#1695=VERTEX_POINT('',#5453);
#1696=VERTEX_POINT('',#5455);
#1697=VERTEX_POINT('',#5457);
#1698=VERTEX_POINT('',#5459);
#1699=VERTEX_POINT('',#5461);
#1700=VERTEX_POINT('',#5465);
#1701=VERTEX_POINT('',#5468);
#1702=VERTEX_POINT('',#5471);
#1703=VERTEX_POINT('',#5473);
#1704=VERTEX_POINT('',#5475);
#1705=VERTEX_POINT('',#5481);
#1706=VERTEX_POINT('',#5484);
#1707=VERTEX_POINT('',#5485);
#1708=VERTEX_POINT('',#5487);
#1709=VERTEX_POINT('',#5489);
#1710=VERTEX_POINT('',#5493);
#1711=VERTEX_POINT('',#5498);
#1712=VERTEX_POINT('',#5503);
#1713=VERTEX_POINT('',#5508);
#1714=VERTEX_POINT('',#5513);
#1715=VERTEX_POINT('',#5514);
#1716=VERTEX_POINT('',#5516);
#1717=VERTEX_POINT('',#5518);
#1718=EDGE_CURVE('',#1428,#1429,#938,.T.);
#1719=EDGE_CURVE('',#1429,#1430,#939,.T.);
#1720=EDGE_CURVE('',#1431,#1430,#940,.T.);
#1721=EDGE_CURVE('',#1428,#1431,#941,.T.);
#1722=EDGE_CURVE('',#1432,#1433,#942,.T.);
#1723=EDGE_CURVE('',#1433,#1429,#943,.T.);
#1724=EDGE_CURVE('',#1432,#1428,#944,.T.);
#1725=EDGE_CURVE('',#1430,#1434,#945,.T.);
#1726=EDGE_CURVE('',#1435,#1434,#946,.T.);
#1727=EDGE_CURVE('',#1431,#1435,#947,.T.);
#1728=EDGE_CURVE('',#1435,#1432,#948,.T.);
#1729=EDGE_CURVE('',#1436,#1436,#265,.T.);
#1730=EDGE_CURVE('',#1437,#1437,#266,.T.);
#1731=EDGE_CURVE('',#1438,#1439,#267,.T.);
#1732=EDGE_CURVE('',#1440,#1438,#949,.T.);
#1733=EDGE_CURVE('',#1441,#1440,#268,.T.);
#1734=EDGE_CURVE('',#1439,#1441,#950,.T.);
#1735=EDGE_CURVE('',#1442,#1442,#269,.T.);
#1736=EDGE_CURVE('',#1443,#1444,#270,.T.);
#1737=EDGE_CURVE('',#1445,#1443,#951,.T.);
#1738=EDGE_CURVE('',#1446,#1445,#271,.T.);
#1739=EDGE_CURVE('',#1444,#1446,#952,.T.);
#1740=EDGE_CURVE('',#1447,#1447,#272,.T.);
#1741=EDGE_CURVE('',#1448,#1448,#273,.T.);
#1742=EDGE_CURVE('',#1449,#1449,#274,.T.);
#1743=EDGE_CURVE('',#1450,#1450,#275,.T.);
#1744=EDGE_CURVE('',#1451,#1451,#276,.T.);
#1745=EDGE_CURVE('',#1452,#1452,#277,.T.);
#1746=EDGE_CURVE('',#1453,#1453,#278,.T.);
#1747=EDGE_CURVE('',#1454,#1454,#279,.T.);
#1748=EDGE_CURVE('',#1455,#1455,#280,.T.);
#1749=EDGE_CURVE('',#1456,#1456,#281,.T.);
#1750=EDGE_CURVE('',#1457,#1457,#282,.T.);
#1751=EDGE_CURVE('',#1458,#1458,#283,.T.);
#1752=EDGE_CURVE('',#1459,#1459,#284,.T.);
#1753=EDGE_CURVE('',#1460,#1460,#285,.T.);
#1754=EDGE_CURVE('',#1461,#1461,#286,.T.);
#1755=EDGE_CURVE('',#1462,#1462,#287,.T.);
#1756=EDGE_CURVE('',#1463,#1463,#288,.T.);
#1757=EDGE_CURVE('',#1464,#1464,#289,.T.);
#1758=EDGE_CURVE('',#1465,#1466,#290,.T.);
#1759=EDGE_CURVE('',#1467,#1465,#953,.T.);
#1760=EDGE_CURVE('',#1468,#1467,#291,.T.);
#1761=EDGE_CURVE('',#1466,#1468,#954,.T.);
#1762=EDGE_CURVE('',#1469,#1469,#292,.T.);
#1763=EDGE_CURVE('',#1470,#1470,#293,.T.);
#1764=EDGE_CURVE('',#1471,#1471,#294,.T.);
#1765=EDGE_CURVE('',#1472,#1473,#295,.T.);
#1766=EDGE_CURVE('',#1474,#1472,#955,.T.);
#1767=EDGE_CURVE('',#1475,#1474,#296,.T.);
#1768=EDGE_CURVE('',#1473,#1475,#956,.T.);
#1769=EDGE_CURVE('',#1476,#1476,#297,.T.);
#1770=EDGE_CURVE('',#1477,#1477,#298,.T.);
#1771=EDGE_CURVE('',#1478,#1478,#299,.T.);
#1772=EDGE_CURVE('',#1479,#1479,#300,.T.);
#1773=EDGE_CURVE('',#1480,#1480,#301,.T.);
#1774=EDGE_CURVE('',#1481,#1481,#302,.T.);
#1775=EDGE_CURVE('',#1482,#1482,#303,.T.);
#1776=EDGE_CURVE('',#1483,#1483,#304,.T.);
#1777=EDGE_CURVE('',#1484,#1484,#305,.T.);
#1778=EDGE_CURVE('',#1485,#1485,#306,.T.);
#1779=EDGE_CURVE('',#1486,#1486,#307,.T.);
#1780=EDGE_CURVE('',#1487,#1487,#308,.T.);
#1781=EDGE_CURVE('',#1488,#1488,#309,.T.);
#1782=EDGE_CURVE('',#1489,#1489,#310,.T.);
#1783=EDGE_CURVE('',#1490,#1490,#311,.T.);
#1784=EDGE_CURVE('',#1491,#1491,#312,.T.);
#1785=EDGE_CURVE('',#1492,#1492,#313,.T.);
#1786=EDGE_CURVE('',#1493,#1493,#314,.T.);
#1787=EDGE_CURVE('',#1494,#1494,#315,.T.);
#1788=EDGE_CURVE('',#1495,#1495,#316,.T.);
#1789=EDGE_CURVE('',#1496,#1496,#317,.T.);
#1790=EDGE_CURVE('',#1497,#1497,#318,.T.);
#1791=EDGE_CURVE('',#1498,#1498,#319,.T.);
#1792=EDGE_CURVE('',#1499,#1499,#320,.T.);
#1793=EDGE_CURVE('',#1500,#1500,#321,.T.);
#1794=EDGE_CURVE('',#1501,#1501,#322,.T.);
#1795=EDGE_CURVE('',#1502,#1502,#323,.T.);
#1796=EDGE_CURVE('',#1503,#1503,#324,.T.);
#1797=EDGE_CURVE('',#1504,#1504,#325,.T.);
#1798=EDGE_CURVE('',#1505,#1505,#326,.T.);
#1799=EDGE_CURVE('',#1506,#1506,#327,.T.);
#1800=EDGE_CURVE('',#1507,#1507,#328,.T.);
#1801=EDGE_CURVE('',#1508,#1508,#329,.T.);
#1802=EDGE_CURVE('',#1509,#1509,#330,.T.);
#1803=EDGE_CURVE('',#1434,#1433,#957,.T.);
#1804=EDGE_CURVE('',#1510,#1510,#331,.T.);
#1805=EDGE_CURVE('',#1511,#1511,#332,.T.);
#1806=EDGE_CURVE('',#1512,#1513,#333,.T.);
#1807=EDGE_CURVE('',#1513,#1514,#958,.T.);
#1808=EDGE_CURVE('',#1514,#1515,#334,.T.);
#1809=EDGE_CURVE('',#1515,#1512,#959,.T.);
#1810=EDGE_CURVE('',#1516,#1516,#335,.T.);
#1811=EDGE_CURVE('',#1517,#1518,#336,.T.);
#1812=EDGE_CURVE('',#1518,#1519,#960,.T.);
#1813=EDGE_CURVE('',#1519,#1520,#337,.T.);
#1814=EDGE_CURVE('',#1520,#1517,#961,.T.);
#1815=EDGE_CURVE('',#1521,#1521,#338,.T.);
#1816=EDGE_CURVE('',#1522,#1522,#339,.T.);
#1817=EDGE_CURVE('',#1523,#1523,#340,.T.);
#1818=EDGE_CURVE('',#1524,#1524,#341,.T.);
#1819=EDGE_CURVE('',#1525,#1525,#342,.T.);
#1820=EDGE_CURVE('',#1526,#1526,#343,.T.);
#1821=EDGE_CURVE('',#1527,#1527,#344,.T.);
#1822=EDGE_CURVE('',#1528,#1528,#345,.T.);
#1823=EDGE_CURVE('',#1529,#1529,#346,.T.);
#1824=EDGE_CURVE('',#1530,#1530,#347,.T.);
#1825=EDGE_CURVE('',#1531,#1531,#348,.T.);
#1826=EDGE_CURVE('',#1532,#1532,#349,.T.);
#1827=EDGE_CURVE('',#1533,#1533,#350,.T.);
#1828=EDGE_CURVE('',#1534,#1534,#351,.T.);
#1829=EDGE_CURVE('',#1535,#1535,#352,.T.);
#1830=EDGE_CURVE('',#1536,#1536,#353,.T.);
#1831=EDGE_CURVE('',#1537,#1537,#354,.T.);
#1832=EDGE_CURVE('',#1538,#1538,#355,.T.);
#1833=EDGE_CURVE('',#1539,#1540,#356,.T.);
#1834=EDGE_CURVE('',#1540,#1541,#962,.T.);
#1835=EDGE_CURVE('',#1541,#1542,#357,.T.);
#1836=EDGE_CURVE('',#1542,#1539,#963,.T.);
#1837=EDGE_CURVE('',#1543,#1543,#358,.T.);
#1838=EDGE_CURVE('',#1544,#1544,#359,.T.);
#1839=EDGE_CURVE('',#1545,#1545,#360,.T.);
#1840=EDGE_CURVE('',#1546,#1547,#361,.T.);
#1841=EDGE_CURVE('',#1547,#1548,#964,.T.);
#1842=EDGE_CURVE('',#1548,#1549,#362,.T.);
#1843=EDGE_CURVE('',#1549,#1546,#965,.T.);
#1844=EDGE_CURVE('',#1550,#1550,#363,.T.);
#1845=EDGE_CURVE('',#1551,#1551,#364,.T.);
#1846=EDGE_CURVE('',#1552,#1552,#365,.T.);
#1847=EDGE_CURVE('',#1553,#1553,#366,.T.);
#1848=EDGE_CURVE('',#1554,#1554,#367,.T.);
#1849=EDGE_CURVE('',#1555,#1555,#368,.T.);
#1850=EDGE_CURVE('',#1556,#1556,#369,.T.);
#1851=EDGE_CURVE('',#1557,#1557,#370,.T.);
#1852=EDGE_CURVE('',#1558,#1558,#371,.T.);
#1853=EDGE_CURVE('',#1559,#1559,#372,.T.);
#1854=EDGE_CURVE('',#1560,#1560,#373,.T.);
#1855=EDGE_CURVE('',#1561,#1561,#374,.T.);
#1856=EDGE_CURVE('',#1562,#1562,#375,.T.);
#1857=EDGE_CURVE('',#1563,#1563,#376,.T.);
#1858=EDGE_CURVE('',#1564,#1564,#377,.T.);
#1859=EDGE_CURVE('',#1565,#1565,#378,.T.);
#1860=EDGE_CURVE('',#1566,#1566,#379,.T.);
#1861=EDGE_CURVE('',#1567,#1567,#380,.T.);
#1862=EDGE_CURVE('',#1568,#1568,#381,.T.);
#1863=EDGE_CURVE('',#1569,#1569,#382,.T.);
#1864=EDGE_CURVE('',#1570,#1570,#383,.T.);
#1865=EDGE_CURVE('',#1571,#1571,#384,.T.);
#1866=EDGE_CURVE('',#1572,#1572,#385,.T.);
#1867=EDGE_CURVE('',#1573,#1573,#386,.T.);
#1868=EDGE_CURVE('',#1574,#1574,#387,.T.);
#1869=EDGE_CURVE('',#1575,#1575,#388,.T.);
#1870=EDGE_CURVE('',#1576,#1576,#389,.T.);
#1871=EDGE_CURVE('',#1577,#1577,#390,.T.);
#1872=EDGE_CURVE('',#1578,#1578,#391,.T.);
#1873=EDGE_CURVE('',#1579,#1579,#392,.T.);
#1874=EDGE_CURVE('',#1580,#1580,#393,.T.);
#1875=EDGE_CURVE('',#1581,#1581,#394,.T.);
#1876=EDGE_CURVE('',#1582,#1582,#395,.T.);
#1877=EDGE_CURVE('',#1583,#1583,#396,.T.);
#1878=EDGE_CURVE('',#1510,#1436,#966,.T.);
#1879=EDGE_CURVE('',#1511,#1437,#967,.T.);
#1880=EDGE_CURVE('',#1439,#1513,#968,.T.);
#1881=EDGE_CURVE('',#1438,#1512,#969,.T.);
#1882=EDGE_CURVE('',#1440,#1515,#970,.T.);
#1883=EDGE_CURVE('',#1441,#1514,#971,.T.);
#1884=EDGE_CURVE('',#1516,#1442,#972,.T.);
#1885=EDGE_CURVE('',#1444,#1518,#973,.T.);
#1886=EDGE_CURVE('',#1443,#1517,#974,.T.);
#1887=EDGE_CURVE('',#1445,#1520,#975,.T.);
#1888=EDGE_CURVE('',#1446,#1519,#976,.T.);
#1889=EDGE_CURVE('',#1521,#1447,#977,.T.);
#1890=EDGE_CURVE('',#1522,#1448,#978,.T.);
#1891=EDGE_CURVE('',#1523,#1449,#979,.T.);
#1892=EDGE_CURVE('',#1524,#1450,#980,.T.);
#1893=EDGE_CURVE('',#1525,#1451,#981,.T.);
#1894=EDGE_CURVE('',#1526,#1452,#982,.T.);
#1895=EDGE_CURVE('',#1527,#1453,#983,.T.);
#1896=EDGE_CURVE('',#1528,#1454,#984,.T.);
#1897=EDGE_CURVE('',#1529,#1455,#985,.T.);
#1898=EDGE_CURVE('',#1530,#1456,#986,.T.);
#1899=EDGE_CURVE('',#1531,#1457,#987,.T.);
#1900=EDGE_CURVE('',#1532,#1458,#988,.T.);
#1901=EDGE_CURVE('',#1533,#1459,#989,.T.);
#1902=EDGE_CURVE('',#1534,#1460,#990,.T.);
#1903=EDGE_CURVE('',#1535,#1461,#991,.T.);
#1904=EDGE_CURVE('',#1536,#1462,#992,.T.);
#1905=EDGE_CURVE('',#1537,#1463,#993,.T.);
#1906=EDGE_CURVE('',#1538,#1464,#994,.T.);
#1907=EDGE_CURVE('',#1466,#1540,#995,.T.);
#1908=EDGE_CURVE('',#1465,#1539,#996,.T.);
#1909=EDGE_CURVE('',#1467,#1542,#997,.T.);
#1910=EDGE_CURVE('',#1468,#1541,#998,.T.);
#1911=EDGE_CURVE('',#1543,#1469,#999,.T.);
#1912=EDGE_CURVE('',#1544,#1470,#1000,.T.);
#1913=EDGE_CURVE('',#1545,#1471,#1001,.T.);
#1914=EDGE_CURVE('',#1473,#1547,#1002,.T.);
#1915=EDGE_CURVE('',#1472,#1546,#1003,.T.);
#1916=EDGE_CURVE('',#1474,#1549,#1004,.T.);
#1917=EDGE_CURVE('',#1475,#1548,#1005,.T.);
#1918=EDGE_CURVE('',#1550,#1476,#1006,.T.);
#1919=EDGE_CURVE('',#1551,#1477,#1007,.T.);
#1920=EDGE_CURVE('',#1552,#1478,#1008,.T.);
#1921=EDGE_CURVE('',#1553,#1479,#1009,.T.);
#1922=EDGE_CURVE('',#1554,#1480,#1010,.T.);
#1923=EDGE_CURVE('',#1555,#1481,#1011,.T.);
#1924=EDGE_CURVE('',#1556,#1482,#1012,.T.);
#1925=EDGE_CURVE('',#1557,#1483,#1013,.T.);
#1926=EDGE_CURVE('',#1558,#1484,#1014,.T.);
#1927=EDGE_CURVE('',#1559,#1485,#1015,.T.);
#1928=EDGE_CURVE('',#1560,#1486,#1016,.T.);
#1929=EDGE_CURVE('',#1561,#1487,#1017,.T.);
#1930=EDGE_CURVE('',#1562,#1488,#1018,.T.);
#1931=EDGE_CURVE('',#1563,#1489,#1019,.T.);
#1932=EDGE_CURVE('',#1564,#1490,#1020,.T.);
#1933=EDGE_CURVE('',#1565,#1491,#1021,.T.);
#1934=EDGE_CURVE('',#1566,#1492,#1022,.T.);
#1935=EDGE_CURVE('',#1567,#1493,#1023,.T.);
#1936=EDGE_CURVE('',#1568,#1494,#1024,.T.);
#1937=EDGE_CURVE('',#1569,#1495,#1025,.T.);
#1938=EDGE_CURVE('',#1570,#1496,#1026,.T.);
#1939=EDGE_CURVE('',#1571,#1497,#1027,.T.);
#1940=EDGE_CURVE('',#1572,#1498,#1028,.T.);
#1941=EDGE_CURVE('',#1573,#1499,#1029,.T.);
#1942=EDGE_CURVE('',#1574,#1500,#1030,.T.);
#1943=EDGE_CURVE('',#1575,#1501,#1031,.T.);
#1944=EDGE_CURVE('',#1576,#1502,#1032,.T.);
#1945=EDGE_CURVE('',#1577,#1503,#1033,.T.);
#1946=EDGE_CURVE('',#1578,#1504,#1034,.T.);
#1947=EDGE_CURVE('',#1579,#1505,#1035,.T.);
#1948=EDGE_CURVE('',#1580,#1506,#1036,.T.);
#1949=EDGE_CURVE('',#1581,#1507,#1037,.T.);
#1950=EDGE_CURVE('',#1582,#1508,#1038,.T.);
#1951=EDGE_CURVE('',#1583,#1509,#1039,.T.);
#1952=EDGE_CURVE('',#1584,#1584,#397,.T.);
#1953=EDGE_CURVE('',#1584,#1585,#1040,.T.);
#1954=EDGE_CURVE('',#1585,#1585,#398,.T.);
#1955=EDGE_CURVE('',#1586,#1586,#399,.T.);
#1956=EDGE_CURVE('',#1587,#1587,#400,.T.);
#1957=EDGE_CURVE('',#1587,#1588,#1041,.T.);
#1958=EDGE_CURVE('',#1588,#1588,#401,.T.);
#1959=EDGE_CURVE('',#1589,#1589,#402,.T.);
#1960=EDGE_CURVE('',#1590,#1590,#403,.T.);
#1961=EDGE_CURVE('',#1590,#1591,#1042,.T.);
#1962=EDGE_CURVE('',#1591,#1591,#404,.T.);
#1963=EDGE_CURVE('',#1592,#1592,#405,.T.);
#1964=EDGE_CURVE('',#1593,#1593,#406,.T.);
#1965=EDGE_CURVE('',#1593,#1594,#1043,.T.);
#1966=EDGE_CURVE('',#1594,#1594,#407,.T.);
#1967=EDGE_CURVE('',#1595,#1595,#408,.T.);
#1968=EDGE_CURVE('',#1596,#1597,#409,.T.);
#1969=EDGE_CURVE('',#1598,#1596,#410,.T.);
#1970=EDGE_CURVE('',#1599,#1598,#411,.T.);
#1971=EDGE_CURVE('',#1600,#1599,#412,.T.);
#1972=EDGE_CURVE('',#1597,#1600,#413,.T.);
#1973=EDGE_CURVE('',#1597,#1595,#1044,.T.);
#1974=EDGE_CURVE('',#1601,#1602,#414,.T.);
#1975=EDGE_CURVE('',#1603,#1601,#415,.T.);
#1976=EDGE_CURVE('',#1602,#1603,#416,.T.);
#1977=EDGE_CURVE('',#1602,#1589,#1045,.T.);
#1978=EDGE_CURVE('',#1604,#1605,#417,.T.);
#1979=EDGE_CURVE('',#1606,#1604,#418,.T.);
#1980=EDGE_CURVE('',#1605,#1606,#419,.T.);
#1981=EDGE_CURVE('',#1605,#1592,#1046,.T.);
#1982=EDGE_CURVE('',#1607,#1608,#420,.T.);
#1983=EDGE_CURVE('',#1609,#1607,#421,.T.);
#1984=EDGE_CURVE('',#1608,#1609,#422,.T.);
#1985=EDGE_CURVE('',#1608,#1586,#1047,.T.);
#1986=EDGE_CURVE('',#1599,#1610,#423,.T.);
#1987=EDGE_CURVE('',#1610,#1598,#1048,.T.);
#1988=EDGE_CURVE('',#1611,#1600,#424,.T.);
#1989=EDGE_CURVE('',#1596,#1611,#1049,.T.);
#1990=EDGE_CURVE('',#1601,#1612,#1050,.T.);
#1991=EDGE_CURVE('',#1613,#1603,#1051,.T.);
#1992=EDGE_CURVE('',#1612,#1613,#425,.T.);
#1993=EDGE_CURVE('',#1606,#1604,#426,.T.);
#1994=EDGE_CURVE('',#1614,#1607,#1052,.T.);
#1995=EDGE_CURVE('',#1609,#1614,#427,.T.);
#1996=EDGE_CURVE('',#1615,#1616,#1053,.T.);
#1997=EDGE_CURVE('',#1617,#1615,#1054,.T.);
#1998=EDGE_CURVE('',#1618,#1617,#1055,.T.);
#1999=EDGE_CURVE('',#1616,#1618,#1056,.T.);
#2000=EDGE_CURVE('',#1619,#1609,#428,.T.);
#2001=EDGE_CURVE('',#1620,#1619,#1057,.T.);
#2002=EDGE_CURVE('',#1604,#1620,#429,.T.);
#2003=EDGE_CURVE('',#1621,#1606,#430,.T.);
#2004=EDGE_CURVE('',#1622,#1621,#1058,.T.);
#2005=EDGE_CURVE('',#1623,#1622,#1059,.T.);
#2006=EDGE_CURVE('',#1598,#1623,#1060,.T.);
#2007=EDGE_CURVE('',#1603,#1596,#1061,.T.);
#2008=EDGE_CURVE('',#1607,#1601,#1062,.T.);
#2009=EDGE_CURVE('',#1600,#1599,#431,.T.);
#2010=EDGE_CURVE('',#1624,#1610,#1063,.T.);
#2011=EDGE_CURVE('',#1625,#1624,#432,.T.);
#2012=EDGE_CURVE('',#1611,#1625,#1064,.T.);
#2013=EDGE_CURVE('',#1626,#1613,#1065,.T.);
#2014=EDGE_CURVE('',#1627,#1626,#433,.T.);
#2015=EDGE_CURVE('',#1612,#1627,#1066,.T.);
#2016=EDGE_CURVE('',#1628,#1614,#1067,.T.);
#2017=EDGE_CURVE('',#1629,#1628,#434,.T.);
#2018=EDGE_CURVE('',#1619,#1629,#1068,.T.);
#2019=EDGE_CURVE('',#1630,#1620,#1069,.T.);
#2020=EDGE_CURVE('',#1631,#1630,#435,.T.);
#2021=EDGE_CURVE('',#1621,#1631,#1070,.T.);
#2022=EDGE_CURVE('',#1623,#1632,#1071,.T.);
#2023=EDGE_CURVE('',#1624,#1632,#1072,.T.);
#2024=EDGE_CURVE('',#1632,#1633,#1073,.T.);
#2025=EDGE_CURVE('',#1633,#1631,#1074,.T.);
#2026=EDGE_CURVE('',#1630,#1629,#1075,.T.);
#2027=EDGE_CURVE('',#1628,#1627,#1076,.T.);
#2028=EDGE_CURVE('',#1626,#1625,#1077,.T.);
#2029=EDGE_CURVE('',#1634,#1635,#1078,.T.);
#2030=EDGE_CURVE('',#1635,#1636,#1079,.T.);
#2031=EDGE_CURVE('',#1636,#1637,#1080,.T.);
#2032=EDGE_CURVE('',#1637,#1638,#1081,.T.);
#2033=EDGE_CURVE('',#1638,#1639,#1082,.T.);
#2034=EDGE_CURVE('',#1639,#1640,#1083,.T.);
#2035=EDGE_CURVE('',#1640,#1641,#1084,.T.);
#2036=EDGE_CURVE('',#1641,#1642,#1085,.T.);
#2037=EDGE_CURVE('',#1642,#1643,#1086,.T.);
#2038=EDGE_CURVE('',#1643,#1644,#1087,.T.);
#2039=EDGE_CURVE('',#1644,#1645,#1088,.T.);
#2040=EDGE_CURVE('',#1645,#1634,#1089,.T.);
#2041=EDGE_CURVE('',#1646,#1634,#1090,.T.);
#2042=EDGE_CURVE('',#1647,#1646,#1091,.T.);
#2043=EDGE_CURVE('',#1647,#1635,#1092,.T.);
#2044=EDGE_CURVE('',#1648,#1647,#1093,.T.);
#2045=EDGE_CURVE('',#1636,#1648,#1094,.T.);
#2046=EDGE_CURVE('',#1642,#1649,#1095,.T.);
#2047=EDGE_CURVE('',#1650,#1641,#1096,.T.);
#2048=EDGE_CURVE('',#1649,#1650,#1097,.T.);
#2049=EDGE_CURVE('',#1651,#1648,#1098,.T.);
#2050=EDGE_CURVE('',#1637,#1651,#1099,.T.);
#2051=EDGE_CURVE('',#1652,#1649,#1100,.T.);
#2052=EDGE_CURVE('',#1643,#1652,#1101,.T.);
#2053=EDGE_CURVE('',#1639,#1653,#1102,.T.);
#2054=EDGE_CURVE('',#1638,#1654,#1103,.T.);
#2055=EDGE_CURVE('',#1653,#1654,#1104,.T.);
#2056=EDGE_CURVE('',#1655,#1653,#1105,.T.);
#2057=EDGE_CURVE('',#1640,#1655,#1106,.T.);
#2058=EDGE_CURVE('',#1645,#1656,#1107,.T.);
#2059=EDGE_CURVE('',#1646,#1656,#1108,.T.);
#2060=EDGE_CURVE('',#1656,#1657,#1109,.T.);
#2061=EDGE_CURVE('',#1644,#1657,#1110,.T.);
#2062=EDGE_CURVE('',#1657,#1652,#1111,.T.);
#2063=EDGE_CURVE('',#1650,#1655,#1112,.T.);
#2064=EDGE_CURVE('',#1654,#1651,#1113,.T.);
#2065=EDGE_CURVE('',#1615,#1658,#1114,.T.);
#2066=EDGE_CURVE('',#1659,#1658,#1115,.T.);
#2067=EDGE_CURVE('',#1617,#1659,#1116,.T.);
#2068=EDGE_CURVE('',#1660,#1659,#1117,.T.);
#2069=EDGE_CURVE('',#1618,#1660,#1118,.T.);
#2070=EDGE_CURVE('',#1661,#1660,#1119,.T.);
#2071=EDGE_CURVE('',#1616,#1661,#1120,.T.);
#2072=EDGE_CURVE('',#1658,#1661,#1121,.T.);
#2073=EDGE_CURVE('',#1622,#1633,#1122,.T.);
#2074=EDGE_CURVE('',#1662,#1663,#1123,.T.);
#2075=EDGE_CURVE('',#1664,#1662,#1124,.T.);
#2076=EDGE_CURVE('',#1665,#1664,#1125,.T.);
#2077=EDGE_CURVE('',#1665,#1663,#1126,.T.);
#2078=EDGE_CURVE('',#1663,#1666,#1127,.T.);
#2079=EDGE_CURVE('',#1667,#1665,#1128,.T.);
#2080=EDGE_CURVE('',#1667,#1666,#1129,.T.);
#2081=EDGE_CURVE('',#1666,#1668,#1130,.T.);
#2082=EDGE_CURVE('',#1669,#1667,#1131,.T.);
#2083=EDGE_CURVE('',#1669,#1668,#1132,.T.);
#2084=EDGE_CURVE('',#1668,#1662,#1133,.T.);
#2085=EDGE_CURVE('',#1664,#1669,#1134,.T.);
#2086=EDGE_CURVE('',#1670,#1670,#436,.T.);
#2087=EDGE_CURVE('',#1670,#1671,#1135,.T.);
#2088=EDGE_CURVE('',#1671,#1671,#437,.T.);
#2089=EDGE_CURVE('',#1672,#1672,#438,.T.);
#2090=EDGE_CURVE('',#1672,#1673,#1136,.T.);
#2091=EDGE_CURVE('',#1673,#1673,#439,.T.);
#2092=EDGE_CURVE('',#1674,#1674,#440,.T.);
#2093=EDGE_CURVE('',#1675,#1675,#441,.T.);
#2094=EDGE_CURVE('',#1676,#1676,#442,.T.);
#2095=EDGE_CURVE('',#1676,#1674,#1137,.T.);
#2096=EDGE_CURVE('',#1677,#1677,#443,.T.);
#2097=EDGE_CURVE('',#1677,#1675,#1138,.T.);
#2098=EDGE_CURVE('',#1678,#1679,#444,.T.);
#2099=EDGE_CURVE('',#1680,#1679,#1139,.T.);
#2100=EDGE_CURVE('',#1678,#1680,#1140,.T.);
#2101=EDGE_CURVE('',#1681,#1681,#445,.T.);
#2102=EDGE_CURVE('',#1682,#1678,#1141,.T.);
#2103=EDGE_CURVE('',#1683,#1680,#1142,.T.);
#2104=EDGE_CURVE('',#1684,#1683,#1143,.T.);
#2105=EDGE_CURVE('',#1684,#1685,#1144,.T.);
#2106=EDGE_CURVE('',#1685,#1686,#1145,.T.);
#2107=EDGE_CURVE('',#1686,#1687,#1146,.T.);
#2108=EDGE_CURVE('',#1687,#1682,#1147,.T.);
#2109=EDGE_CURVE('',#1688,#1689,#1148,.T.);
#2110=EDGE_CURVE('',#1688,#1690,#446,.T.);
#2111=EDGE_CURVE('',#1689,#1690,#1149,.T.);
#2112=EDGE_CURVE('',#1691,#1691,#447,.T.);
#2113=EDGE_CURVE('',#1679,#1692,#1150,.T.);
#2114=EDGE_CURVE('',#1692,#1693,#1151,.T.);
#2115=EDGE_CURVE('',#1693,#1688,#1152,.T.);
#2116=EDGE_CURVE('',#1689,#1694,#1153,.T.);
#2117=EDGE_CURVE('',#1683,#1694,#1154,.T.);
#2118=EDGE_CURVE('',#1690,#1695,#1155,.T.);
#2119=EDGE_CURVE('',#1695,#1696,#1156,.T.);
#2120=EDGE_CURVE('',#1696,#1697,#1157,.T.);
#2121=EDGE_CURVE('',#1697,#1698,#1158,.T.);
#2122=EDGE_CURVE('',#1699,#1698,#1159,.T.);
#2123=EDGE_CURVE('',#1694,#1699,#1160,.T.);
#2124=EDGE_CURVE('',#1697,#1700,#448,.T.);
#2125=EDGE_CURVE('',#1698,#1700,#1161,.T.);
#2126=EDGE_CURVE('',#1701,#1701,#449,.T.);
#2127=EDGE_CURVE('',#1700,#1702,#1162,.T.);
#2128=EDGE_CURVE('',#1702,#1703,#1163,.T.);
#2129=EDGE_CURVE('',#1703,#1704,#1164,.T.);
#2130=EDGE_CURVE('',#1704,#1685,#1165,.T.);
#2131=EDGE_CURVE('',#1699,#1684,#1166,.T.);
#2132=EDGE_CURVE('',#1704,#1686,#450,.T.);
#2133=EDGE_CURVE('',#1705,#1705,#451,.T.);
#2134=EDGE_CURVE('',#1706,#1707,#1167,.T.);
#2135=EDGE_CURVE('',#1707,#1708,#1168,.T.);
#2136=EDGE_CURVE('',#1708,#1709,#1169,.T.);
#2137=EDGE_CURVE('',#1709,#1706,#1170,.T.);
#2138=EDGE_CURVE('',#1705,#1710,#1171,.T.);
#2139=EDGE_CURVE('',#1710,#1710,#452,.T.);
#2140=EDGE_CURVE('',#1701,#1711,#1172,.T.);
#2141=EDGE_CURVE('',#1711,#1711,#453,.T.);
#2142=EDGE_CURVE('',#1681,#1712,#1173,.T.);
#2143=EDGE_CURVE('',#1712,#1712,#454,.T.);
#2144=EDGE_CURVE('',#1691,#1713,#1174,.T.);
#2145=EDGE_CURVE('',#1713,#1713,#455,.T.);
#2146=EDGE_CURVE('',#1714,#1715,#1175,.T.);
#2147=EDGE_CURVE('',#1715,#1716,#1176,.T.);
#2148=EDGE_CURVE('',#1716,#1717,#1177,.T.);
#2149=EDGE_CURVE('',#1717,#1714,#1178,.T.);
#2150=EDGE_CURVE('',#1687,#1703,#456,.T.);
#2151=EDGE_CURVE('',#1702,#1696,#457,.T.);
#2152=EDGE_CURVE('',#1695,#1693,#458,.T.);
#2153=EDGE_CURVE('',#1692,#1682,#459,.T.);
#2154=EDGE_CURVE('',#1708,#1717,#1179,.T.);
#2155=EDGE_CURVE('',#1714,#1707,#1180,.T.);
#2156=EDGE_CURVE('',#1709,#1716,#1181,.T.);
#2157=EDGE_CURVE('',#1706,#1715,#1182,.T.);
#2158=ORIENTED_EDGE('',*,*,#1718,.T.);
#2159=ORIENTED_EDGE('',*,*,#1719,.T.);
#2160=ORIENTED_EDGE('',*,*,#1720,.F.);
#2161=ORIENTED_EDGE('',*,*,#1721,.F.);
#2162=ORIENTED_EDGE('',*,*,#1722,.T.);
#2163=ORIENTED_EDGE('',*,*,#1723,.T.);
#2164=ORIENTED_EDGE('',*,*,#1718,.F.);
#2165=ORIENTED_EDGE('',*,*,#1724,.F.);
#2166=ORIENTED_EDGE('',*,*,#1720,.T.);
#2167=ORIENTED_EDGE('',*,*,#1725,.T.);
#2168=ORIENTED_EDGE('',*,*,#1726,.F.);
#2169=ORIENTED_EDGE('',*,*,#1727,.F.);
#2170=ORIENTED_EDGE('',*,*,#1721,.T.);
#2171=ORIENTED_EDGE('',*,*,#1727,.T.);
#2172=ORIENTED_EDGE('',*,*,#1728,.T.);
#2173=ORIENTED_EDGE('',*,*,#1724,.T.);
#2174=ORIENTED_EDGE('',*,*,#1729,.F.);
#2175=ORIENTED_EDGE('',*,*,#1730,.F.);
#2176=ORIENTED_EDGE('',*,*,#1731,.F.);
#2177=ORIENTED_EDGE('',*,*,#1732,.F.);
#2178=ORIENTED_EDGE('',*,*,#1733,.F.);
#2179=ORIENTED_EDGE('',*,*,#1734,.F.);
#2180=ORIENTED_EDGE('',*,*,#1735,.F.);
#2181=ORIENTED_EDGE('',*,*,#1736,.F.);
#2182=ORIENTED_EDGE('',*,*,#1737,.F.);
#2183=ORIENTED_EDGE('',*,*,#1738,.F.);
#2184=ORIENTED_EDGE('',*,*,#1739,.F.);
#2185=ORIENTED_EDGE('',*,*,#1740,.F.);
#2186=ORIENTED_EDGE('',*,*,#1741,.F.);
#2187=ORIENTED_EDGE('',*,*,#1742,.F.);
#2188=ORIENTED_EDGE('',*,*,#1743,.F.);
#2189=ORIENTED_EDGE('',*,*,#1744,.F.);
#2190=ORIENTED_EDGE('',*,*,#1745,.F.);
#2191=ORIENTED_EDGE('',*,*,#1746,.F.);
#2192=ORIENTED_EDGE('',*,*,#1747,.F.);
#2193=ORIENTED_EDGE('',*,*,#1748,.F.);
#2194=ORIENTED_EDGE('',*,*,#1749,.F.);
#2195=ORIENTED_EDGE('',*,*,#1750,.F.);
#2196=ORIENTED_EDGE('',*,*,#1751,.F.);
#2197=ORIENTED_EDGE('',*,*,#1752,.F.);
#2198=ORIENTED_EDGE('',*,*,#1753,.F.);
#2199=ORIENTED_EDGE('',*,*,#1754,.F.);
#2200=ORIENTED_EDGE('',*,*,#1755,.F.);
#2201=ORIENTED_EDGE('',*,*,#1756,.F.);
#2202=ORIENTED_EDGE('',*,*,#1757,.F.);
#2203=ORIENTED_EDGE('',*,*,#1758,.F.);
#2204=ORIENTED_EDGE('',*,*,#1759,.F.);
#2205=ORIENTED_EDGE('',*,*,#1760,.F.);
#2206=ORIENTED_EDGE('',*,*,#1761,.F.);
#2207=ORIENTED_EDGE('',*,*,#1762,.F.);
#2208=ORIENTED_EDGE('',*,*,#1763,.F.);
#2209=ORIENTED_EDGE('',*,*,#1764,.F.);
#2210=ORIENTED_EDGE('',*,*,#1765,.F.);
#2211=ORIENTED_EDGE('',*,*,#1766,.F.);
#2212=ORIENTED_EDGE('',*,*,#1767,.F.);
#2213=ORIENTED_EDGE('',*,*,#1768,.F.);
#2214=ORIENTED_EDGE('',*,*,#1769,.F.);
#2215=ORIENTED_EDGE('',*,*,#1770,.F.);
#2216=ORIENTED_EDGE('',*,*,#1771,.F.);
#2217=ORIENTED_EDGE('',*,*,#1772,.F.);
#2218=ORIENTED_EDGE('',*,*,#1773,.F.);
#2219=ORIENTED_EDGE('',*,*,#1774,.F.);
#2220=ORIENTED_EDGE('',*,*,#1775,.F.);
#2221=ORIENTED_EDGE('',*,*,#1776,.F.);
#2222=ORIENTED_EDGE('',*,*,#1777,.F.);
#2223=ORIENTED_EDGE('',*,*,#1778,.F.);
#2224=ORIENTED_EDGE('',*,*,#1779,.F.);
#2225=ORIENTED_EDGE('',*,*,#1780,.F.);
#2226=ORIENTED_EDGE('',*,*,#1781,.F.);
#2227=ORIENTED_EDGE('',*,*,#1782,.F.);
#2228=ORIENTED_EDGE('',*,*,#1783,.F.);
#2229=ORIENTED_EDGE('',*,*,#1784,.F.);
#2230=ORIENTED_EDGE('',*,*,#1785,.F.);
#2231=ORIENTED_EDGE('',*,*,#1786,.F.);
#2232=ORIENTED_EDGE('',*,*,#1787,.F.);
#2233=ORIENTED_EDGE('',*,*,#1788,.F.);
#2234=ORIENTED_EDGE('',*,*,#1789,.F.);
#2235=ORIENTED_EDGE('',*,*,#1790,.F.);
#2236=ORIENTED_EDGE('',*,*,#1791,.F.);
#2237=ORIENTED_EDGE('',*,*,#1792,.F.);
#2238=ORIENTED_EDGE('',*,*,#1793,.F.);
#2239=ORIENTED_EDGE('',*,*,#1794,.F.);
#2240=ORIENTED_EDGE('',*,*,#1795,.F.);
#2241=ORIENTED_EDGE('',*,*,#1796,.F.);
#2242=ORIENTED_EDGE('',*,*,#1797,.F.);
#2243=ORIENTED_EDGE('',*,*,#1798,.F.);
#2244=ORIENTED_EDGE('',*,*,#1799,.F.);
#2245=ORIENTED_EDGE('',*,*,#1800,.F.);
#2246=ORIENTED_EDGE('',*,*,#1801,.F.);
#2247=ORIENTED_EDGE('',*,*,#1802,.F.);
#2248=ORIENTED_EDGE('',*,*,#1719,.F.);
#2249=ORIENTED_EDGE('',*,*,#1723,.F.);
#2250=ORIENTED_EDGE('',*,*,#1803,.F.);
#2251=ORIENTED_EDGE('',*,*,#1725,.F.);
#2252=ORIENTED_EDGE('',*,*,#1804,.T.);
#2253=ORIENTED_EDGE('',*,*,#1805,.T.);
#2254=ORIENTED_EDGE('',*,*,#1806,.T.);
#2255=ORIENTED_EDGE('',*,*,#1807,.T.);
#2256=ORIENTED_EDGE('',*,*,#1808,.T.);
#2257=ORIENTED_EDGE('',*,*,#1809,.T.);
#2258=ORIENTED_EDGE('',*,*,#1810,.T.);
#2259=ORIENTED_EDGE('',*,*,#1811,.T.);
#2260=ORIENTED_EDGE('',*,*,#1812,.T.);
#2261=ORIENTED_EDGE('',*,*,#1813,.T.);
#2262=ORIENTED_EDGE('',*,*,#1814,.T.);
#2263=ORIENTED_EDGE('',*,*,#1815,.T.);
#2264=ORIENTED_EDGE('',*,*,#1816,.T.);
#2265=ORIENTED_EDGE('',*,*,#1817,.T.);
#2266=ORIENTED_EDGE('',*,*,#1818,.T.);
#2267=ORIENTED_EDGE('',*,*,#1819,.T.);
#2268=ORIENTED_EDGE('',*,*,#1820,.T.);
#2269=ORIENTED_EDGE('',*,*,#1821,.T.);
#2270=ORIENTED_EDGE('',*,*,#1822,.T.);
#2271=ORIENTED_EDGE('',*,*,#1823,.T.);
#2272=ORIENTED_EDGE('',*,*,#1824,.T.);
#2273=ORIENTED_EDGE('',*,*,#1825,.T.);
#2274=ORIENTED_EDGE('',*,*,#1826,.T.);
#2275=ORIENTED_EDGE('',*,*,#1827,.T.);
#2276=ORIENTED_EDGE('',*,*,#1828,.T.);
#2277=ORIENTED_EDGE('',*,*,#1829,.T.);
#2278=ORIENTED_EDGE('',*,*,#1830,.T.);
#2279=ORIENTED_EDGE('',*,*,#1831,.T.);
#2280=ORIENTED_EDGE('',*,*,#1832,.T.);
#2281=ORIENTED_EDGE('',*,*,#1833,.T.);
#2282=ORIENTED_EDGE('',*,*,#1834,.T.);
#2283=ORIENTED_EDGE('',*,*,#1835,.T.);
#2284=ORIENTED_EDGE('',*,*,#1836,.T.);
#2285=ORIENTED_EDGE('',*,*,#1837,.T.);
#2286=ORIENTED_EDGE('',*,*,#1838,.T.);
#2287=ORIENTED_EDGE('',*,*,#1839,.T.);
#2288=ORIENTED_EDGE('',*,*,#1840,.T.);
#2289=ORIENTED_EDGE('',*,*,#1841,.T.);
#2290=ORIENTED_EDGE('',*,*,#1842,.T.);
#2291=ORIENTED_EDGE('',*,*,#1843,.T.);
#2292=ORIENTED_EDGE('',*,*,#1844,.T.);
#2293=ORIENTED_EDGE('',*,*,#1845,.T.);
#2294=ORIENTED_EDGE('',*,*,#1846,.T.);
#2295=ORIENTED_EDGE('',*,*,#1847,.T.);
#2296=ORIENTED_EDGE('',*,*,#1848,.T.);
#2297=ORIENTED_EDGE('',*,*,#1849,.T.);
#2298=ORIENTED_EDGE('',*,*,#1850,.T.);
#2299=ORIENTED_EDGE('',*,*,#1851,.T.);
#2300=ORIENTED_EDGE('',*,*,#1852,.T.);
#2301=ORIENTED_EDGE('',*,*,#1853,.T.);
#2302=ORIENTED_EDGE('',*,*,#1854,.T.);
#2303=ORIENTED_EDGE('',*,*,#1855,.T.);
#2304=ORIENTED_EDGE('',*,*,#1856,.T.);
#2305=ORIENTED_EDGE('',*,*,#1857,.T.);
#2306=ORIENTED_EDGE('',*,*,#1858,.T.);
#2307=ORIENTED_EDGE('',*,*,#1859,.T.);
#2308=ORIENTED_EDGE('',*,*,#1860,.T.);
#2309=ORIENTED_EDGE('',*,*,#1861,.T.);
#2310=ORIENTED_EDGE('',*,*,#1862,.T.);
#2311=ORIENTED_EDGE('',*,*,#1863,.T.);
#2312=ORIENTED_EDGE('',*,*,#1864,.T.);
#2313=ORIENTED_EDGE('',*,*,#1865,.T.);
#2314=ORIENTED_EDGE('',*,*,#1866,.T.);
#2315=ORIENTED_EDGE('',*,*,#1867,.T.);
#2316=ORIENTED_EDGE('',*,*,#1868,.T.);
#2317=ORIENTED_EDGE('',*,*,#1869,.T.);
#2318=ORIENTED_EDGE('',*,*,#1870,.T.);
#2319=ORIENTED_EDGE('',*,*,#1871,.T.);
#2320=ORIENTED_EDGE('',*,*,#1872,.T.);
#2321=ORIENTED_EDGE('',*,*,#1873,.T.);
#2322=ORIENTED_EDGE('',*,*,#1874,.T.);
#2323=ORIENTED_EDGE('',*,*,#1875,.T.);
#2324=ORIENTED_EDGE('',*,*,#1876,.T.);
#2325=ORIENTED_EDGE('',*,*,#1877,.T.);
#2326=ORIENTED_EDGE('',*,*,#1726,.T.);
#2327=ORIENTED_EDGE('',*,*,#1803,.T.);
#2328=ORIENTED_EDGE('',*,*,#1722,.F.);
#2329=ORIENTED_EDGE('',*,*,#1728,.F.);
#2330=ORIENTED_EDGE('',*,*,#1804,.F.);
#2331=ORIENTED_EDGE('',*,*,#1878,.T.);
#2332=ORIENTED_EDGE('',*,*,#1729,.T.);
#2333=ORIENTED_EDGE('',*,*,#1878,.F.);
#2334=ORIENTED_EDGE('',*,*,#1805,.F.);
#2335=ORIENTED_EDGE('',*,*,#1879,.T.);
#2336=ORIENTED_EDGE('',*,*,#1730,.T.);
#2337=ORIENTED_EDGE('',*,*,#1879,.F.);
#2338=ORIENTED_EDGE('',*,*,#1731,.T.);
#2339=ORIENTED_EDGE('',*,*,#1880,.T.);
#2340=ORIENTED_EDGE('',*,*,#1806,.F.);
#2341=ORIENTED_EDGE('',*,*,#1881,.F.);
#2342=ORIENTED_EDGE('',*,*,#1732,.T.);
#2343=ORIENTED_EDGE('',*,*,#1881,.T.);
#2344=ORIENTED_EDGE('',*,*,#1809,.F.);
#2345=ORIENTED_EDGE('',*,*,#1882,.F.);
#2346=ORIENTED_EDGE('',*,*,#1733,.T.);
#2347=ORIENTED_EDGE('',*,*,#1882,.T.);
#2348=ORIENTED_EDGE('',*,*,#1808,.F.);
#2349=ORIENTED_EDGE('',*,*,#1883,.F.);
#2350=ORIENTED_EDGE('',*,*,#1734,.T.);
#2351=ORIENTED_EDGE('',*,*,#1883,.T.);
#2352=ORIENTED_EDGE('',*,*,#1807,.F.);
#2353=ORIENTED_EDGE('',*,*,#1880,.F.);
#2354=ORIENTED_EDGE('',*,*,#1810,.F.);
#2355=ORIENTED_EDGE('',*,*,#1884,.T.);
#2356=ORIENTED_EDGE('',*,*,#1735,.T.);
#2357=ORIENTED_EDGE('',*,*,#1884,.F.);
#2358=ORIENTED_EDGE('',*,*,#1736,.T.);
#2359=ORIENTED_EDGE('',*,*,#1885,.T.);
#2360=ORIENTED_EDGE('',*,*,#1811,.F.);
#2361=ORIENTED_EDGE('',*,*,#1886,.F.);
#2362=ORIENTED_EDGE('',*,*,#1737,.T.);
#2363=ORIENTED_EDGE('',*,*,#1886,.T.);
#2364=ORIENTED_EDGE('',*,*,#1814,.F.);
#2365=ORIENTED_EDGE('',*,*,#1887,.F.);
#2366=ORIENTED_EDGE('',*,*,#1738,.T.);
#2367=ORIENTED_EDGE('',*,*,#1887,.T.);
#2368=ORIENTED_EDGE('',*,*,#1813,.F.);
#2369=ORIENTED_EDGE('',*,*,#1888,.F.);
#2370=ORIENTED_EDGE('',*,*,#1739,.T.);
#2371=ORIENTED_EDGE('',*,*,#1888,.T.);
#2372=ORIENTED_EDGE('',*,*,#1812,.F.);
#2373=ORIENTED_EDGE('',*,*,#1885,.F.);
#2374=ORIENTED_EDGE('',*,*,#1815,.F.);
#2375=ORIENTED_EDGE('',*,*,#1889,.T.);
#2376=ORIENTED_EDGE('',*,*,#1740,.T.);
#2377=ORIENTED_EDGE('',*,*,#1889,.F.);
#2378=ORIENTED_EDGE('',*,*,#1816,.F.);
#2379=ORIENTED_EDGE('',*,*,#1890,.T.);
#2380=ORIENTED_EDGE('',*,*,#1741,.T.);
#2381=ORIENTED_EDGE('',*,*,#1890,.F.);
#2382=ORIENTED_EDGE('',*,*,#1817,.F.);
#2383=ORIENTED_EDGE('',*,*,#1891,.T.);
#2384=ORIENTED_EDGE('',*,*,#1742,.T.);
#2385=ORIENTED_EDGE('',*,*,#1891,.F.);
#2386=ORIENTED_EDGE('',*,*,#1818,.F.);
#2387=ORIENTED_EDGE('',*,*,#1892,.T.);
#2388=ORIENTED_EDGE('',*,*,#1743,.T.);
#2389=ORIENTED_EDGE('',*,*,#1892,.F.);
#2390=ORIENTED_EDGE('',*,*,#1819,.F.);
#2391=ORIENTED_EDGE('',*,*,#1893,.T.);
#2392=ORIENTED_EDGE('',*,*,#1744,.T.);
#2393=ORIENTED_EDGE('',*,*,#1893,.F.);
#2394=ORIENTED_EDGE('',*,*,#1820,.F.);
#2395=ORIENTED_EDGE('',*,*,#1894,.T.);
#2396=ORIENTED_EDGE('',*,*,#1745,.T.);
#2397=ORIENTED_EDGE('',*,*,#1894,.F.);
#2398=ORIENTED_EDGE('',*,*,#1821,.F.);
#2399=ORIENTED_EDGE('',*,*,#1895,.T.);
#2400=ORIENTED_EDGE('',*,*,#1746,.T.);
#2401=ORIENTED_EDGE('',*,*,#1895,.F.);
#2402=ORIENTED_EDGE('',*,*,#1822,.F.);
#2403=ORIENTED_EDGE('',*,*,#1896,.T.);
#2404=ORIENTED_EDGE('',*,*,#1747,.T.);
#2405=ORIENTED_EDGE('',*,*,#1896,.F.);
#2406=ORIENTED_EDGE('',*,*,#1823,.F.);
#2407=ORIENTED_EDGE('',*,*,#1897,.T.);
#2408=ORIENTED_EDGE('',*,*,#1748,.T.);
#2409=ORIENTED_EDGE('',*,*,#1897,.F.);
#2410=ORIENTED_EDGE('',*,*,#1824,.F.);
#2411=ORIENTED_EDGE('',*,*,#1898,.T.);
#2412=ORIENTED_EDGE('',*,*,#1749,.T.);
#2413=ORIENTED_EDGE('',*,*,#1898,.F.);
#2414=ORIENTED_EDGE('',*,*,#1825,.F.);
#2415=ORIENTED_EDGE('',*,*,#1899,.T.);
#2416=ORIENTED_EDGE('',*,*,#1750,.T.);
#2417=ORIENTED_EDGE('',*,*,#1899,.F.);
#2418=ORIENTED_EDGE('',*,*,#1826,.F.);
#2419=ORIENTED_EDGE('',*,*,#1900,.T.);
#2420=ORIENTED_EDGE('',*,*,#1751,.T.);
#2421=ORIENTED_EDGE('',*,*,#1900,.F.);
#2422=ORIENTED_EDGE('',*,*,#1827,.F.);
#2423=ORIENTED_EDGE('',*,*,#1901,.T.);
#2424=ORIENTED_EDGE('',*,*,#1752,.T.);
#2425=ORIENTED_EDGE('',*,*,#1901,.F.);
#2426=ORIENTED_EDGE('',*,*,#1828,.F.);
#2427=ORIENTED_EDGE('',*,*,#1902,.T.);
#2428=ORIENTED_EDGE('',*,*,#1753,.T.);
#2429=ORIENTED_EDGE('',*,*,#1902,.F.);
#2430=ORIENTED_EDGE('',*,*,#1829,.F.);
#2431=ORIENTED_EDGE('',*,*,#1903,.T.);
#2432=ORIENTED_EDGE('',*,*,#1754,.T.);
#2433=ORIENTED_EDGE('',*,*,#1903,.F.);
#2434=ORIENTED_EDGE('',*,*,#1830,.F.);
#2435=ORIENTED_EDGE('',*,*,#1904,.T.);
#2436=ORIENTED_EDGE('',*,*,#1755,.T.);
#2437=ORIENTED_EDGE('',*,*,#1904,.F.);
#2438=ORIENTED_EDGE('',*,*,#1831,.F.);
#2439=ORIENTED_EDGE('',*,*,#1905,.T.);
#2440=ORIENTED_EDGE('',*,*,#1756,.T.);
#2441=ORIENTED_EDGE('',*,*,#1905,.F.);
#2442=ORIENTED_EDGE('',*,*,#1832,.F.);
#2443=ORIENTED_EDGE('',*,*,#1906,.T.);
#2444=ORIENTED_EDGE('',*,*,#1757,.T.);
#2445=ORIENTED_EDGE('',*,*,#1906,.F.);
#2446=ORIENTED_EDGE('',*,*,#1758,.T.);
#2447=ORIENTED_EDGE('',*,*,#1907,.T.);
#2448=ORIENTED_EDGE('',*,*,#1833,.F.);
#2449=ORIENTED_EDGE('',*,*,#1908,.F.);
#2450=ORIENTED_EDGE('',*,*,#1759,.T.);
#2451=ORIENTED_EDGE('',*,*,#1908,.T.);
#2452=ORIENTED_EDGE('',*,*,#1836,.F.);
#2453=ORIENTED_EDGE('',*,*,#1909,.F.);
#2454=ORIENTED_EDGE('',*,*,#1760,.T.);
#2455=ORIENTED_EDGE('',*,*,#1909,.T.);
#2456=ORIENTED_EDGE('',*,*,#1835,.F.);
#2457=ORIENTED_EDGE('',*,*,#1910,.F.);
#2458=ORIENTED_EDGE('',*,*,#1761,.T.);
#2459=ORIENTED_EDGE('',*,*,#1910,.T.);
#2460=ORIENTED_EDGE('',*,*,#1834,.F.);
#2461=ORIENTED_EDGE('',*,*,#1907,.F.);
#2462=ORIENTED_EDGE('',*,*,#1837,.F.);
#2463=ORIENTED_EDGE('',*,*,#1911,.T.);
#2464=ORIENTED_EDGE('',*,*,#1762,.T.);
#2465=ORIENTED_EDGE('',*,*,#1911,.F.);
#2466=ORIENTED_EDGE('',*,*,#1838,.F.);
#2467=ORIENTED_EDGE('',*,*,#1912,.T.);
#2468=ORIENTED_EDGE('',*,*,#1763,.T.);
#2469=ORIENTED_EDGE('',*,*,#1912,.F.);
#2470=ORIENTED_EDGE('',*,*,#1839,.F.);
#2471=ORIENTED_EDGE('',*,*,#1913,.T.);
#2472=ORIENTED_EDGE('',*,*,#1764,.T.);
#2473=ORIENTED_EDGE('',*,*,#1913,.F.);
#2474=ORIENTED_EDGE('',*,*,#1765,.T.);
#2475=ORIENTED_EDGE('',*,*,#1914,.T.);
#2476=ORIENTED_EDGE('',*,*,#1840,.F.);
#2477=ORIENTED_EDGE('',*,*,#1915,.F.);
#2478=ORIENTED_EDGE('',*,*,#1766,.T.);
#2479=ORIENTED_EDGE('',*,*,#1915,.T.);
#2480=ORIENTED_EDGE('',*,*,#1843,.F.);
#2481=ORIENTED_EDGE('',*,*,#1916,.F.);
#2482=ORIENTED_EDGE('',*,*,#1767,.T.);
#2483=ORIENTED_EDGE('',*,*,#1916,.T.);
#2484=ORIENTED_EDGE('',*,*,#1842,.F.);
#2485=ORIENTED_EDGE('',*,*,#1917,.F.);
#2486=ORIENTED_EDGE('',*,*,#1768,.T.);
#2487=ORIENTED_EDGE('',*,*,#1917,.T.);
#2488=ORIENTED_EDGE('',*,*,#1841,.F.);
#2489=ORIENTED_EDGE('',*,*,#1914,.F.);
#2490=ORIENTED_EDGE('',*,*,#1844,.F.);
#2491=ORIENTED_EDGE('',*,*,#1918,.T.);
#2492=ORIENTED_EDGE('',*,*,#1769,.T.);
#2493=ORIENTED_EDGE('',*,*,#1918,.F.);
#2494=ORIENTED_EDGE('',*,*,#1845,.F.);
#2495=ORIENTED_EDGE('',*,*,#1919,.T.);
#2496=ORIENTED_EDGE('',*,*,#1770,.T.);
#2497=ORIENTED_EDGE('',*,*,#1919,.F.);
#2498=ORIENTED_EDGE('',*,*,#1846,.F.);
#2499=ORIENTED_EDGE('',*,*,#1920,.T.);
#2500=ORIENTED_EDGE('',*,*,#1771,.T.);
#2501=ORIENTED_EDGE('',*,*,#1920,.F.);
#2502=ORIENTED_EDGE('',*,*,#1847,.F.);
#2503=ORIENTED_EDGE('',*,*,#1921,.T.);
#2504=ORIENTED_EDGE('',*,*,#1772,.T.);
#2505=ORIENTED_EDGE('',*,*,#1921,.F.);
#2506=ORIENTED_EDGE('',*,*,#1848,.F.);
#2507=ORIENTED_EDGE('',*,*,#1922,.T.);
#2508=ORIENTED_EDGE('',*,*,#1773,.T.);
#2509=ORIENTED_EDGE('',*,*,#1922,.F.);
#2510=ORIENTED_EDGE('',*,*,#1849,.F.);
#2511=ORIENTED_EDGE('',*,*,#1923,.T.);
#2512=ORIENTED_EDGE('',*,*,#1774,.T.);
#2513=ORIENTED_EDGE('',*,*,#1923,.F.);
#2514=ORIENTED_EDGE('',*,*,#1850,.F.);
#2515=ORIENTED_EDGE('',*,*,#1924,.T.);
#2516=ORIENTED_EDGE('',*,*,#1775,.T.);
#2517=ORIENTED_EDGE('',*,*,#1924,.F.);
#2518=ORIENTED_EDGE('',*,*,#1851,.F.);
#2519=ORIENTED_EDGE('',*,*,#1925,.T.);
#2520=ORIENTED_EDGE('',*,*,#1776,.T.);
#2521=ORIENTED_EDGE('',*,*,#1925,.F.);
#2522=ORIENTED_EDGE('',*,*,#1852,.F.);
#2523=ORIENTED_EDGE('',*,*,#1926,.T.);
#2524=ORIENTED_EDGE('',*,*,#1777,.T.);
#2525=ORIENTED_EDGE('',*,*,#1926,.F.);
#2526=ORIENTED_EDGE('',*,*,#1853,.F.);
#2527=ORIENTED_EDGE('',*,*,#1927,.T.);
#2528=ORIENTED_EDGE('',*,*,#1778,.T.);
#2529=ORIENTED_EDGE('',*,*,#1927,.F.);
#2530=ORIENTED_EDGE('',*,*,#1854,.F.);
#2531=ORIENTED_EDGE('',*,*,#1928,.T.);
#2532=ORIENTED_EDGE('',*,*,#1779,.T.);
#2533=ORIENTED_EDGE('',*,*,#1928,.F.);
#2534=ORIENTED_EDGE('',*,*,#1855,.F.);
#2535=ORIENTED_EDGE('',*,*,#1929,.T.);
#2536=ORIENTED_EDGE('',*,*,#1780,.T.);
#2537=ORIENTED_EDGE('',*,*,#1929,.F.);
#2538=ORIENTED_EDGE('',*,*,#1856,.F.);
#2539=ORIENTED_EDGE('',*,*,#1930,.T.);
#2540=ORIENTED_EDGE('',*,*,#1781,.T.);
#2541=ORIENTED_EDGE('',*,*,#1930,.F.);
#2542=ORIENTED_EDGE('',*,*,#1857,.F.);
#2543=ORIENTED_EDGE('',*,*,#1931,.T.);
#2544=ORIENTED_EDGE('',*,*,#1782,.T.);
#2545=ORIENTED_EDGE('',*,*,#1931,.F.);
#2546=ORIENTED_EDGE('',*,*,#1858,.F.);
#2547=ORIENTED_EDGE('',*,*,#1932,.T.);
#2548=ORIENTED_EDGE('',*,*,#1783,.T.);
#2549=ORIENTED_EDGE('',*,*,#1932,.F.);
#2550=ORIENTED_EDGE('',*,*,#1859,.F.);
#2551=ORIENTED_EDGE('',*,*,#1933,.T.);
#2552=ORIENTED_EDGE('',*,*,#1784,.T.);
#2553=ORIENTED_EDGE('',*,*,#1933,.F.);
#2554=ORIENTED_EDGE('',*,*,#1860,.F.);
#2555=ORIENTED_EDGE('',*,*,#1934,.T.);
#2556=ORIENTED_EDGE('',*,*,#1785,.T.);
#2557=ORIENTED_EDGE('',*,*,#1934,.F.);
#2558=ORIENTED_EDGE('',*,*,#1861,.F.);
#2559=ORIENTED_EDGE('',*,*,#1935,.T.);
#2560=ORIENTED_EDGE('',*,*,#1786,.T.);
#2561=ORIENTED_EDGE('',*,*,#1935,.F.);
#2562=ORIENTED_EDGE('',*,*,#1862,.F.);
#2563=ORIENTED_EDGE('',*,*,#1936,.T.);
#2564=ORIENTED_EDGE('',*,*,#1787,.T.);
#2565=ORIENTED_EDGE('',*,*,#1936,.F.);
#2566=ORIENTED_EDGE('',*,*,#1863,.F.);
#2567=ORIENTED_EDGE('',*,*,#1937,.T.);
#2568=ORIENTED_EDGE('',*,*,#1788,.T.);
#2569=ORIENTED_EDGE('',*,*,#1937,.F.);
#2570=ORIENTED_EDGE('',*,*,#1864,.F.);
#2571=ORIENTED_EDGE('',*,*,#1938,.T.);
#2572=ORIENTED_EDGE('',*,*,#1789,.T.);
#2573=ORIENTED_EDGE('',*,*,#1938,.F.);
#2574=ORIENTED_EDGE('',*,*,#1865,.F.);
#2575=ORIENTED_EDGE('',*,*,#1939,.T.);
#2576=ORIENTED_EDGE('',*,*,#1790,.T.);
#2577=ORIENTED_EDGE('',*,*,#1939,.F.);
#2578=ORIENTED_EDGE('',*,*,#1866,.F.);
#2579=ORIENTED_EDGE('',*,*,#1940,.T.);
#2580=ORIENTED_EDGE('',*,*,#1791,.T.);
#2581=ORIENTED_EDGE('',*,*,#1940,.F.);
#2582=ORIENTED_EDGE('',*,*,#1867,.F.);
#2583=ORIENTED_EDGE('',*,*,#1941,.T.);
#2584=ORIENTED_EDGE('',*,*,#1792,.T.);
#2585=ORIENTED_EDGE('',*,*,#1941,.F.);
#2586=ORIENTED_EDGE('',*,*,#1868,.F.);
#2587=ORIENTED_EDGE('',*,*,#1942,.T.);
#2588=ORIENTED_EDGE('',*,*,#1793,.T.);
#2589=ORIENTED_EDGE('',*,*,#1942,.F.);
#2590=ORIENTED_EDGE('',*,*,#1869,.F.);
#2591=ORIENTED_EDGE('',*,*,#1943,.T.);
#2592=ORIENTED_EDGE('',*,*,#1794,.T.);
#2593=ORIENTED_EDGE('',*,*,#1943,.F.);
#2594=ORIENTED_EDGE('',*,*,#1870,.F.);
#2595=ORIENTED_EDGE('',*,*,#1944,.T.);
#2596=ORIENTED_EDGE('',*,*,#1795,.T.);
#2597=ORIENTED_EDGE('',*,*,#1944,.F.);
#2598=ORIENTED_EDGE('',*,*,#1871,.F.);
#2599=ORIENTED_EDGE('',*,*,#1945,.T.);
#2600=ORIENTED_EDGE('',*,*,#1796,.T.);
#2601=ORIENTED_EDGE('',*,*,#1945,.F.);
#2602=ORIENTED_EDGE('',*,*,#1872,.F.);
#2603=ORIENTED_EDGE('',*,*,#1946,.T.);
#2604=ORIENTED_EDGE('',*,*,#1797,.T.);
#2605=ORIENTED_EDGE('',*,*,#1946,.F.);
#2606=ORIENTED_EDGE('',*,*,#1873,.F.);
#2607=ORIENTED_EDGE('',*,*,#1947,.T.);
#2608=ORIENTED_EDGE('',*,*,#1798,.T.);
#2609=ORIENTED_EDGE('',*,*,#1947,.F.);
#2610=ORIENTED_EDGE('',*,*,#1874,.F.);
#2611=ORIENTED_EDGE('',*,*,#1948,.T.);
#2612=ORIENTED_EDGE('',*,*,#1799,.T.);
#2613=ORIENTED_EDGE('',*,*,#1948,.F.);
#2614=ORIENTED_EDGE('',*,*,#1875,.F.);
#2615=ORIENTED_EDGE('',*,*,#1949,.T.);
#2616=ORIENTED_EDGE('',*,*,#1800,.T.);
#2617=ORIENTED_EDGE('',*,*,#1949,.F.);
#2618=ORIENTED_EDGE('',*,*,#1876,.F.);
#2619=ORIENTED_EDGE('',*,*,#1950,.T.);
#2620=ORIENTED_EDGE('',*,*,#1801,.T.);
#2621=ORIENTED_EDGE('',*,*,#1950,.F.);
#2622=ORIENTED_EDGE('',*,*,#1877,.F.);
#2623=ORIENTED_EDGE('',*,*,#1951,.T.);
#2624=ORIENTED_EDGE('',*,*,#1802,.T.);
#2625=ORIENTED_EDGE('',*,*,#1951,.F.);
#2626=ORIENTED_EDGE('',*,*,#1952,.F.);
#2627=ORIENTED_EDGE('',*,*,#1953,.T.);
#2628=ORIENTED_EDGE('',*,*,#1954,.T.);
#2629=ORIENTED_EDGE('',*,*,#1953,.F.);
#2630=ORIENTED_EDGE('',*,*,#1954,.F.);
#2631=ORIENTED_EDGE('',*,*,#1955,.F.);
#2632=ORIENTED_EDGE('',*,*,#1956,.F.);
#2633=ORIENTED_EDGE('',*,*,#1957,.T.);
#2634=ORIENTED_EDGE('',*,*,#1958,.T.);
#2635=ORIENTED_EDGE('',*,*,#1957,.F.);
#2636=ORIENTED_EDGE('',*,*,#1958,.F.);
#2637=ORIENTED_EDGE('',*,*,#1959,.F.);
#2638=ORIENTED_EDGE('',*,*,#1960,.F.);
#2639=ORIENTED_EDGE('',*,*,#1961,.T.);
#2640=ORIENTED_EDGE('',*,*,#1962,.T.);
#2641=ORIENTED_EDGE('',*,*,#1961,.F.);
#2642=ORIENTED_EDGE('',*,*,#1962,.F.);
#2643=ORIENTED_EDGE('',*,*,#1963,.F.);
#2644=ORIENTED_EDGE('',*,*,#1964,.F.);
#2645=ORIENTED_EDGE('',*,*,#1965,.T.);
#2646=ORIENTED_EDGE('',*,*,#1966,.T.);
#2647=ORIENTED_EDGE('',*,*,#1965,.F.);
#2648=ORIENTED_EDGE('',*,*,#1966,.F.);
#2649=ORIENTED_EDGE('',*,*,#1967,.F.);
#2650=ORIENTED_EDGE('',*,*,#1968,.F.);
#2651=ORIENTED_EDGE('',*,*,#1969,.F.);
#2652=ORIENTED_EDGE('',*,*,#1970,.F.);
#2653=ORIENTED_EDGE('',*,*,#1971,.F.);
#2654=ORIENTED_EDGE('',*,*,#1972,.F.);
#2655=ORIENTED_EDGE('',*,*,#1973,.T.);
#2656=ORIENTED_EDGE('',*,*,#1967,.T.);
#2657=ORIENTED_EDGE('',*,*,#1973,.F.);
#2658=ORIENTED_EDGE('',*,*,#1974,.F.);
#2659=ORIENTED_EDGE('',*,*,#1975,.F.);
#2660=ORIENTED_EDGE('',*,*,#1976,.F.);
#2661=ORIENTED_EDGE('',*,*,#1977,.T.);
#2662=ORIENTED_EDGE('',*,*,#1959,.T.);
#2663=ORIENTED_EDGE('',*,*,#1977,.F.);
#2664=ORIENTED_EDGE('',*,*,#1978,.F.);
#2665=ORIENTED_EDGE('',*,*,#1979,.F.);
#2666=ORIENTED_EDGE('',*,*,#1980,.F.);
#2667=ORIENTED_EDGE('',*,*,#1981,.T.);
#2668=ORIENTED_EDGE('',*,*,#1963,.T.);
#2669=ORIENTED_EDGE('',*,*,#1981,.F.);
#2670=ORIENTED_EDGE('',*,*,#1982,.F.);
#2671=ORIENTED_EDGE('',*,*,#1983,.F.);
#2672=ORIENTED_EDGE('',*,*,#1984,.F.);
#2673=ORIENTED_EDGE('',*,*,#1985,.T.);
#2674=ORIENTED_EDGE('',*,*,#1955,.T.);
#2675=ORIENTED_EDGE('',*,*,#1985,.F.);
#2676=ORIENTED_EDGE('',*,*,#1986,.F.);
#2677=ORIENTED_EDGE('',*,*,#1970,.T.);
#2678=ORIENTED_EDGE('',*,*,#1987,.F.);
#2679=ORIENTED_EDGE('',*,*,#1988,.F.);
#2680=ORIENTED_EDGE('',*,*,#1989,.F.);
#2681=ORIENTED_EDGE('',*,*,#1968,.T.);
#2682=ORIENTED_EDGE('',*,*,#1972,.T.);
#2683=ORIENTED_EDGE('',*,*,#1990,.F.);
#2684=ORIENTED_EDGE('',*,*,#1974,.T.);
#2685=ORIENTED_EDGE('',*,*,#1976,.T.);
#2686=ORIENTED_EDGE('',*,*,#1991,.F.);
#2687=ORIENTED_EDGE('',*,*,#1992,.F.);
#2688=ORIENTED_EDGE('',*,*,#1993,.F.);
#2689=ORIENTED_EDGE('',*,*,#1979,.T.);
#2690=ORIENTED_EDGE('',*,*,#1994,.F.);
#2691=ORIENTED_EDGE('',*,*,#1995,.F.);
#2692=ORIENTED_EDGE('',*,*,#1983,.T.);
#2693=ORIENTED_EDGE('',*,*,#1996,.F.);
#2694=ORIENTED_EDGE('',*,*,#1997,.F.);
#2695=ORIENTED_EDGE('',*,*,#1998,.F.);
#2696=ORIENTED_EDGE('',*,*,#1999,.F.);
#2697=ORIENTED_EDGE('',*,*,#1982,.T.);
#2698=ORIENTED_EDGE('',*,*,#1984,.T.);
#2699=ORIENTED_EDGE('',*,*,#2000,.F.);
#2700=ORIENTED_EDGE('',*,*,#2001,.F.);
#2701=ORIENTED_EDGE('',*,*,#2002,.F.);
#2702=ORIENTED_EDGE('',*,*,#1978,.T.);
#2703=ORIENTED_EDGE('',*,*,#1980,.T.);
#2704=ORIENTED_EDGE('',*,*,#2003,.F.);
#2705=ORIENTED_EDGE('',*,*,#2004,.F.);
#2706=ORIENTED_EDGE('',*,*,#2005,.F.);
#2707=ORIENTED_EDGE('',*,*,#2006,.F.);
#2708=ORIENTED_EDGE('',*,*,#1969,.T.);
#2709=ORIENTED_EDGE('',*,*,#2007,.F.);
#2710=ORIENTED_EDGE('',*,*,#1975,.T.);
#2711=ORIENTED_EDGE('',*,*,#2008,.F.);
#2712=ORIENTED_EDGE('',*,*,#1971,.T.);
#2713=ORIENTED_EDGE('',*,*,#2009,.F.);
#2714=ORIENTED_EDGE('',*,*,#1988,.T.);
#2715=ORIENTED_EDGE('',*,*,#2009,.T.);
#2716=ORIENTED_EDGE('',*,*,#1986,.T.);
#2717=ORIENTED_EDGE('',*,*,#2010,.F.);
#2718=ORIENTED_EDGE('',*,*,#2011,.F.);
#2719=ORIENTED_EDGE('',*,*,#2012,.F.);
#2720=ORIENTED_EDGE('',*,*,#1992,.T.);
#2721=ORIENTED_EDGE('',*,*,#2013,.F.);
#2722=ORIENTED_EDGE('',*,*,#2014,.F.);
#2723=ORIENTED_EDGE('',*,*,#2015,.F.);
#2724=ORIENTED_EDGE('',*,*,#2000,.T.);
#2725=ORIENTED_EDGE('',*,*,#1995,.T.);
#2726=ORIENTED_EDGE('',*,*,#2016,.F.);
#2727=ORIENTED_EDGE('',*,*,#2017,.F.);
#2728=ORIENTED_EDGE('',*,*,#2018,.F.);
#2729=ORIENTED_EDGE('',*,*,#2003,.T.);
#2730=ORIENTED_EDGE('',*,*,#1993,.T.);
#2731=ORIENTED_EDGE('',*,*,#2002,.T.);
#2732=ORIENTED_EDGE('',*,*,#2019,.F.);
#2733=ORIENTED_EDGE('',*,*,#2020,.F.);
#2734=ORIENTED_EDGE('',*,*,#2021,.F.);
#2735=ORIENTED_EDGE('',*,*,#2010,.T.);
#2736=ORIENTED_EDGE('',*,*,#1987,.T.);
#2737=ORIENTED_EDGE('',*,*,#2006,.T.);
#2738=ORIENTED_EDGE('',*,*,#2022,.T.);
#2739=ORIENTED_EDGE('',*,*,#2023,.F.);
#2740=ORIENTED_EDGE('',*,*,#2011,.T.);
#2741=ORIENTED_EDGE('',*,*,#2023,.T.);
#2742=ORIENTED_EDGE('',*,*,#2024,.T.);
#2743=ORIENTED_EDGE('',*,*,#2025,.T.);
#2744=ORIENTED_EDGE('',*,*,#2020,.T.);
#2745=ORIENTED_EDGE('',*,*,#2026,.T.);
#2746=ORIENTED_EDGE('',*,*,#2017,.T.);
#2747=ORIENTED_EDGE('',*,*,#2027,.T.);
#2748=ORIENTED_EDGE('',*,*,#2014,.T.);
#2749=ORIENTED_EDGE('',*,*,#2028,.T.);
#2750=ORIENTED_EDGE('',*,*,#2029,.T.);
#2751=ORIENTED_EDGE('',*,*,#2030,.T.);
#2752=ORIENTED_EDGE('',*,*,#2031,.T.);
#2753=ORIENTED_EDGE('',*,*,#2032,.T.);
#2754=ORIENTED_EDGE('',*,*,#2033,.T.);
#2755=ORIENTED_EDGE('',*,*,#2034,.T.);
#2756=ORIENTED_EDGE('',*,*,#2035,.T.);
#2757=ORIENTED_EDGE('',*,*,#2036,.T.);
#2758=ORIENTED_EDGE('',*,*,#2037,.T.);
#2759=ORIENTED_EDGE('',*,*,#2038,.T.);
#2760=ORIENTED_EDGE('',*,*,#2039,.T.);
#2761=ORIENTED_EDGE('',*,*,#2040,.T.);
#2762=ORIENTED_EDGE('',*,*,#2019,.T.);
#2763=ORIENTED_EDGE('',*,*,#2001,.T.);
#2764=ORIENTED_EDGE('',*,*,#2018,.T.);
#2765=ORIENTED_EDGE('',*,*,#2026,.F.);
#2766=ORIENTED_EDGE('',*,*,#2041,.F.);
#2767=ORIENTED_EDGE('',*,*,#2042,.F.);
#2768=ORIENTED_EDGE('',*,*,#2043,.T.);
#2769=ORIENTED_EDGE('',*,*,#2029,.F.);
#2770=ORIENTED_EDGE('',*,*,#2030,.F.);
#2771=ORIENTED_EDGE('',*,*,#2043,.F.);
#2772=ORIENTED_EDGE('',*,*,#2044,.F.);
#2773=ORIENTED_EDGE('',*,*,#2045,.F.);
#2774=ORIENTED_EDGE('',*,*,#2046,.F.);
#2775=ORIENTED_EDGE('',*,*,#2036,.F.);
#2776=ORIENTED_EDGE('',*,*,#2047,.F.);
#2777=ORIENTED_EDGE('',*,*,#2048,.F.);
#2778=ORIENTED_EDGE('',*,*,#2045,.T.);
#2779=ORIENTED_EDGE('',*,*,#2049,.F.);
#2780=ORIENTED_EDGE('',*,*,#2050,.F.);
#2781=ORIENTED_EDGE('',*,*,#2031,.F.);
#2782=ORIENTED_EDGE('',*,*,#2046,.T.);
#2783=ORIENTED_EDGE('',*,*,#2051,.F.);
#2784=ORIENTED_EDGE('',*,*,#2052,.F.);
#2785=ORIENTED_EDGE('',*,*,#2037,.F.);
#2786=ORIENTED_EDGE('',*,*,#2053,.F.);
#2787=ORIENTED_EDGE('',*,*,#2033,.F.);
#2788=ORIENTED_EDGE('',*,*,#2054,.T.);
#2789=ORIENTED_EDGE('',*,*,#2055,.F.);
#2790=ORIENTED_EDGE('',*,*,#2053,.T.);
#2791=ORIENTED_EDGE('',*,*,#2056,.F.);
#2792=ORIENTED_EDGE('',*,*,#2057,.F.);
#2793=ORIENTED_EDGE('',*,*,#2034,.F.);
#2794=ORIENTED_EDGE('',*,*,#2041,.T.);
#2795=ORIENTED_EDGE('',*,*,#2040,.F.);
#2796=ORIENTED_EDGE('',*,*,#2058,.T.);
#2797=ORIENTED_EDGE('',*,*,#2059,.F.);
#2798=ORIENTED_EDGE('',*,*,#2060,.F.);
#2799=ORIENTED_EDGE('',*,*,#2058,.F.);
#2800=ORIENTED_EDGE('',*,*,#2039,.F.);
#2801=ORIENTED_EDGE('',*,*,#2061,.T.);
#2802=ORIENTED_EDGE('',*,*,#2062,.F.);
#2803=ORIENTED_EDGE('',*,*,#2061,.F.);
#2804=ORIENTED_EDGE('',*,*,#2038,.F.);
#2805=ORIENTED_EDGE('',*,*,#2052,.T.);
#2806=ORIENTED_EDGE('',*,*,#2047,.T.);
#2807=ORIENTED_EDGE('',*,*,#2035,.F.);
#2808=ORIENTED_EDGE('',*,*,#2057,.T.);
#2809=ORIENTED_EDGE('',*,*,#2063,.F.);
#2810=ORIENTED_EDGE('',*,*,#2064,.F.);
#2811=ORIENTED_EDGE('',*,*,#2054,.F.);
#2812=ORIENTED_EDGE('',*,*,#2032,.F.);
#2813=ORIENTED_EDGE('',*,*,#2050,.T.);
#2814=ORIENTED_EDGE('',*,*,#1997,.T.);
#2815=ORIENTED_EDGE('',*,*,#2065,.T.);
#2816=ORIENTED_EDGE('',*,*,#2066,.F.);
#2817=ORIENTED_EDGE('',*,*,#2067,.F.);
#2818=ORIENTED_EDGE('',*,*,#1998,.T.);
#2819=ORIENTED_EDGE('',*,*,#2067,.T.);
#2820=ORIENTED_EDGE('',*,*,#2068,.F.);
#2821=ORIENTED_EDGE('',*,*,#2069,.F.);
#2822=ORIENTED_EDGE('',*,*,#1999,.T.);
#2823=ORIENTED_EDGE('',*,*,#2069,.T.);
#2824=ORIENTED_EDGE('',*,*,#2070,.F.);
#2825=ORIENTED_EDGE('',*,*,#2071,.F.);
#2826=ORIENTED_EDGE('',*,*,#1996,.T.);
#2827=ORIENTED_EDGE('',*,*,#2071,.T.);
#2828=ORIENTED_EDGE('',*,*,#2072,.F.);
#2829=ORIENTED_EDGE('',*,*,#2065,.F.);
#2830=ORIENTED_EDGE('',*,*,#2072,.T.);
#2831=ORIENTED_EDGE('',*,*,#2070,.T.);
#2832=ORIENTED_EDGE('',*,*,#2068,.T.);
#2833=ORIENTED_EDGE('',*,*,#2066,.T.);
#2834=ORIENTED_EDGE('',*,*,#2042,.T.);
#2835=ORIENTED_EDGE('',*,*,#2059,.T.);
#2836=ORIENTED_EDGE('',*,*,#2060,.T.);
#2837=ORIENTED_EDGE('',*,*,#2062,.T.);
#2838=ORIENTED_EDGE('',*,*,#2051,.T.);
#2839=ORIENTED_EDGE('',*,*,#2048,.T.);
#2840=ORIENTED_EDGE('',*,*,#2063,.T.);
#2841=ORIENTED_EDGE('',*,*,#2056,.T.);
#2842=ORIENTED_EDGE('',*,*,#2055,.T.);
#2843=ORIENTED_EDGE('',*,*,#2064,.T.);
#2844=ORIENTED_EDGE('',*,*,#2049,.T.);
#2845=ORIENTED_EDGE('',*,*,#2044,.T.);
#2846=ORIENTED_EDGE('',*,*,#1964,.T.);
#2847=ORIENTED_EDGE('',*,*,#1960,.T.);
#2848=ORIENTED_EDGE('',*,*,#1956,.T.);
#2849=ORIENTED_EDGE('',*,*,#1952,.T.);
#2850=ORIENTED_EDGE('',*,*,#2021,.T.);
#2851=ORIENTED_EDGE('',*,*,#2025,.F.);
#2852=ORIENTED_EDGE('',*,*,#2073,.F.);
#2853=ORIENTED_EDGE('',*,*,#2004,.T.);
#2854=ORIENTED_EDGE('',*,*,#2005,.T.);
#2855=ORIENTED_EDGE('',*,*,#2073,.T.);
#2856=ORIENTED_EDGE('',*,*,#2024,.F.);
#2857=ORIENTED_EDGE('',*,*,#2022,.F.);
#2858=ORIENTED_EDGE('',*,*,#2012,.T.);
#2859=ORIENTED_EDGE('',*,*,#2028,.F.);
#2860=ORIENTED_EDGE('',*,*,#2013,.T.);
#2861=ORIENTED_EDGE('',*,*,#1991,.T.);
#2862=ORIENTED_EDGE('',*,*,#2007,.T.);
#2863=ORIENTED_EDGE('',*,*,#1989,.T.);
#2864=ORIENTED_EDGE('',*,*,#2015,.T.);
#2865=ORIENTED_EDGE('',*,*,#2027,.F.);
#2866=ORIENTED_EDGE('',*,*,#2016,.T.);
#2867=ORIENTED_EDGE('',*,*,#1994,.T.);
#2868=ORIENTED_EDGE('',*,*,#2008,.T.);
#2869=ORIENTED_EDGE('',*,*,#1990,.T.);
#2870=ORIENTED_EDGE('',*,*,#2074,.F.);
#2871=ORIENTED_EDGE('',*,*,#2075,.F.);
#2872=ORIENTED_EDGE('',*,*,#2076,.F.);
#2873=ORIENTED_EDGE('',*,*,#2077,.T.);
#2874=ORIENTED_EDGE('',*,*,#2078,.F.);
#2875=ORIENTED_EDGE('',*,*,#2077,.F.);
#2876=ORIENTED_EDGE('',*,*,#2079,.F.);
#2877=ORIENTED_EDGE('',*,*,#2080,.T.);
#2878=ORIENTED_EDGE('',*,*,#2081,.F.);
#2879=ORIENTED_EDGE('',*,*,#2080,.F.);
#2880=ORIENTED_EDGE('',*,*,#2082,.F.);
#2881=ORIENTED_EDGE('',*,*,#2083,.T.);
#2882=ORIENTED_EDGE('',*,*,#2084,.F.);
#2883=ORIENTED_EDGE('',*,*,#2083,.F.);
#2884=ORIENTED_EDGE('',*,*,#2085,.F.);
#2885=ORIENTED_EDGE('',*,*,#2075,.T.);
#2886=ORIENTED_EDGE('',*,*,#2086,.F.);
#2887=ORIENTED_EDGE('',*,*,#2087,.T.);
#2888=ORIENTED_EDGE('',*,*,#2088,.T.);
#2889=ORIENTED_EDGE('',*,*,#2087,.F.);
#2890=ORIENTED_EDGE('',*,*,#2088,.F.);
#2891=ORIENTED_EDGE('',*,*,#2089,.F.);
#2892=ORIENTED_EDGE('',*,*,#2090,.T.);
#2893=ORIENTED_EDGE('',*,*,#2091,.T.);
#2894=ORIENTED_EDGE('',*,*,#2090,.F.);
#2895=ORIENTED_EDGE('',*,*,#2091,.F.);
#2896=ORIENTED_EDGE('',*,*,#2092,.T.);
#2897=ORIENTED_EDGE('',*,*,#2086,.T.);
#2898=ORIENTED_EDGE('',*,*,#2093,.T.);
#2899=ORIENTED_EDGE('',*,*,#2089,.T.);
#2900=ORIENTED_EDGE('',*,*,#2094,.F.);
#2901=ORIENTED_EDGE('',*,*,#2095,.T.);
#2902=ORIENTED_EDGE('',*,*,#2092,.F.);
#2903=ORIENTED_EDGE('',*,*,#2095,.F.);
#2904=ORIENTED_EDGE('',*,*,#2096,.F.);
#2905=ORIENTED_EDGE('',*,*,#2097,.T.);
#2906=ORIENTED_EDGE('',*,*,#2093,.F.);
#2907=ORIENTED_EDGE('',*,*,#2097,.F.);
#2908=ORIENTED_EDGE('',*,*,#2098,.T.);
#2909=ORIENTED_EDGE('',*,*,#2099,.F.);
#2910=ORIENTED_EDGE('',*,*,#2100,.F.);
#2911=ORIENTED_EDGE('',*,*,#2101,.T.);
#2912=ORIENTED_EDGE('',*,*,#2102,.T.);
#2913=ORIENTED_EDGE('',*,*,#2100,.T.);
#2914=ORIENTED_EDGE('',*,*,#2103,.F.);
#2915=ORIENTED_EDGE('',*,*,#2104,.F.);
#2916=ORIENTED_EDGE('',*,*,#2105,.T.);
#2917=ORIENTED_EDGE('',*,*,#2106,.T.);
#2918=ORIENTED_EDGE('',*,*,#2107,.T.);
#2919=ORIENTED_EDGE('',*,*,#2108,.T.);
#2920=ORIENTED_EDGE('',*,*,#2082,.T.);
#2921=ORIENTED_EDGE('',*,*,#2079,.T.);
#2922=ORIENTED_EDGE('',*,*,#2076,.T.);
#2923=ORIENTED_EDGE('',*,*,#2085,.T.);
#2924=ORIENTED_EDGE('',*,*,#2109,.F.);
#2925=ORIENTED_EDGE('',*,*,#2110,.T.);
#2926=ORIENTED_EDGE('',*,*,#2111,.F.);
#2927=ORIENTED_EDGE('',*,*,#2112,.T.);
#2928=ORIENTED_EDGE('',*,*,#2113,.T.);
#2929=ORIENTED_EDGE('',*,*,#2114,.T.);
#2930=ORIENTED_EDGE('',*,*,#2115,.T.);
#2931=ORIENTED_EDGE('',*,*,#2109,.T.);
#2932=ORIENTED_EDGE('',*,*,#2116,.T.);
#2933=ORIENTED_EDGE('',*,*,#2117,.F.);
#2934=ORIENTED_EDGE('',*,*,#2103,.T.);
#2935=ORIENTED_EDGE('',*,*,#2099,.T.);
#2936=ORIENTED_EDGE('',*,*,#2111,.T.);
#2937=ORIENTED_EDGE('',*,*,#2118,.T.);
#2938=ORIENTED_EDGE('',*,*,#2119,.T.);
#2939=ORIENTED_EDGE('',*,*,#2120,.T.);
#2940=ORIENTED_EDGE('',*,*,#2121,.T.);
#2941=ORIENTED_EDGE('',*,*,#2122,.F.);
#2942=ORIENTED_EDGE('',*,*,#2123,.F.);
#2943=ORIENTED_EDGE('',*,*,#2116,.F.);
#2944=ORIENTED_EDGE('',*,*,#2121,.F.);
#2945=ORIENTED_EDGE('',*,*,#2124,.T.);
#2946=ORIENTED_EDGE('',*,*,#2125,.F.);
#2947=ORIENTED_EDGE('',*,*,#2126,.T.);
#2948=ORIENTED_EDGE('',*,*,#2125,.T.);
#2949=ORIENTED_EDGE('',*,*,#2127,.T.);
#2950=ORIENTED_EDGE('',*,*,#2128,.T.);
#2951=ORIENTED_EDGE('',*,*,#2129,.T.);
#2952=ORIENTED_EDGE('',*,*,#2130,.T.);
#2953=ORIENTED_EDGE('',*,*,#2105,.F.);
#2954=ORIENTED_EDGE('',*,*,#2131,.F.);
#2955=ORIENTED_EDGE('',*,*,#2122,.T.);
#2956=ORIENTED_EDGE('',*,*,#2130,.F.);
#2957=ORIENTED_EDGE('',*,*,#2132,.T.);
#2958=ORIENTED_EDGE('',*,*,#2106,.F.);
#2959=ORIENTED_EDGE('',*,*,#2133,.T.);
#2960=ORIENTED_EDGE('',*,*,#2134,.T.);
#2961=ORIENTED_EDGE('',*,*,#2135,.T.);
#2962=ORIENTED_EDGE('',*,*,#2136,.T.);
#2963=ORIENTED_EDGE('',*,*,#2137,.T.);
#2964=ORIENTED_EDGE('',*,*,#2117,.T.);
#2965=ORIENTED_EDGE('',*,*,#2123,.T.);
#2966=ORIENTED_EDGE('',*,*,#2131,.T.);
#2967=ORIENTED_EDGE('',*,*,#2104,.T.);
#2968=ORIENTED_EDGE('',*,*,#2133,.F.);
#2969=ORIENTED_EDGE('',*,*,#2138,.T.);
#2970=ORIENTED_EDGE('',*,*,#2139,.T.);
#2971=ORIENTED_EDGE('',*,*,#2138,.F.);
#2972=ORIENTED_EDGE('',*,*,#2139,.F.);
#2973=ORIENTED_EDGE('',*,*,#2126,.F.);
#2974=ORIENTED_EDGE('',*,*,#2140,.T.);
#2975=ORIENTED_EDGE('',*,*,#2141,.T.);
#2976=ORIENTED_EDGE('',*,*,#2140,.F.);
#2977=ORIENTED_EDGE('',*,*,#2141,.F.);
#2978=ORIENTED_EDGE('',*,*,#2101,.F.);
#2979=ORIENTED_EDGE('',*,*,#2142,.T.);
#2980=ORIENTED_EDGE('',*,*,#2143,.T.);
#2981=ORIENTED_EDGE('',*,*,#2142,.F.);
#2982=ORIENTED_EDGE('',*,*,#2143,.F.);
#2983=ORIENTED_EDGE('',*,*,#2112,.F.);
#2984=ORIENTED_EDGE('',*,*,#2144,.T.);
#2985=ORIENTED_EDGE('',*,*,#2145,.T.);
#2986=ORIENTED_EDGE('',*,*,#2144,.F.);
#2987=ORIENTED_EDGE('',*,*,#2145,.F.);
#2988=ORIENTED_EDGE('',*,*,#2146,.T.);
#2989=ORIENTED_EDGE('',*,*,#2147,.T.);
#2990=ORIENTED_EDGE('',*,*,#2148,.T.);
#2991=ORIENTED_EDGE('',*,*,#2149,.T.);
#2992=ORIENTED_EDGE('',*,*,#2150,.F.);
#2993=ORIENTED_EDGE('',*,*,#2107,.F.);
#2994=ORIENTED_EDGE('',*,*,#2132,.F.);
#2995=ORIENTED_EDGE('',*,*,#2129,.F.);
#2996=ORIENTED_EDGE('',*,*,#2151,.F.);
#2997=ORIENTED_EDGE('',*,*,#2127,.F.);
#2998=ORIENTED_EDGE('',*,*,#2124,.F.);
#2999=ORIENTED_EDGE('',*,*,#2120,.F.);
#3000=ORIENTED_EDGE('',*,*,#2152,.F.);
#3001=ORIENTED_EDGE('',*,*,#2118,.F.);
#3002=ORIENTED_EDGE('',*,*,#2110,.F.);
#3003=ORIENTED_EDGE('',*,*,#2115,.F.);
#3004=ORIENTED_EDGE('',*,*,#2151,.T.);
#3005=ORIENTED_EDGE('',*,*,#2119,.F.);
#3006=ORIENTED_EDGE('',*,*,#2152,.T.);
#3007=ORIENTED_EDGE('',*,*,#2114,.F.);
#3008=ORIENTED_EDGE('',*,*,#2153,.T.);
#3009=ORIENTED_EDGE('',*,*,#2108,.F.);
#3010=ORIENTED_EDGE('',*,*,#2150,.T.);
#3011=ORIENTED_EDGE('',*,*,#2128,.F.);
#3012=ORIENTED_EDGE('',*,*,#2094,.T.);
#3013=ORIENTED_EDGE('',*,*,#2096,.T.);
#3014=ORIENTED_EDGE('',*,*,#2153,.F.);
#3015=ORIENTED_EDGE('',*,*,#2113,.F.);
#3016=ORIENTED_EDGE('',*,*,#2098,.F.);
#3017=ORIENTED_EDGE('',*,*,#2102,.F.);
#3018=ORIENTED_EDGE('',*,*,#2154,.F.);
#3019=ORIENTED_EDGE('',*,*,#2135,.F.);
#3020=ORIENTED_EDGE('',*,*,#2155,.F.);
#3021=ORIENTED_EDGE('',*,*,#2149,.F.);
#3022=ORIENTED_EDGE('',*,*,#2081,.T.);
#3023=ORIENTED_EDGE('',*,*,#2084,.T.);
#3024=ORIENTED_EDGE('',*,*,#2074,.T.);
#3025=ORIENTED_EDGE('',*,*,#2078,.T.);
#3026=ORIENTED_EDGE('',*,*,#2156,.F.);
#3027=ORIENTED_EDGE('',*,*,#2136,.F.);
#3028=ORIENTED_EDGE('',*,*,#2154,.T.);
#3029=ORIENTED_EDGE('',*,*,#2148,.F.);
#3030=ORIENTED_EDGE('',*,*,#2157,.F.);
#3031=ORIENTED_EDGE('',*,*,#2137,.F.);
#3032=ORIENTED_EDGE('',*,*,#2156,.T.);
#3033=ORIENTED_EDGE('',*,*,#2147,.F.);
#3034=ORIENTED_EDGE('',*,*,#2155,.T.);
#3035=ORIENTED_EDGE('',*,*,#2134,.F.);
#3036=ORIENTED_EDGE('',*,*,#2157,.T.);
#3037=ORIENTED_EDGE('',*,*,#2146,.F.);
#3038=PLANE('',#3298);
#3039=PLANE('',#3299);
#3040=PLANE('',#3300);
#3041=PLANE('',#3301);
#3042=PLANE('',#3368);
#3043=PLANE('',#3435);
#3044=PLANE('',#3439);
#3045=PLANE('',#3441);
#3046=PLANE('',#3444);
#3047=PLANE('',#3446);
#3048=PLANE('',#3466);
#3049=PLANE('',#3468);
#3050=PLANE('',#3473);
#3051=PLANE('',#3475);
#3052=PLANE('',#3514);
#3053=PLANE('',#3519);
#3054=PLANE('',#3524);
#3055=PLANE('',#3529);
#3056=PLANE('',#3549);
#3057=PLANE('',#3551);
#3058=PLANE('',#3553);
#3059=PLANE('',#3555);
#3060=PLANE('',#3557);
#3061=PLANE('',#3559);
#3062=PLANE('',#3563);
#3063=PLANE('',#3573);
#3064=PLANE('',#3574);
#3065=PLANE('',#3575);
#3066=PLANE('',#3576);
#3067=PLANE('',#3577);
#3068=PLANE('',#3578);
#3069=PLANE('',#3579);
#3070=PLANE('',#3580);
#3071=PLANE('',#3581);
#3072=PLANE('',#3582);
#3073=PLANE('',#3583);
#3074=PLANE('',#3584);
#3075=PLANE('',#3585);
#3076=PLANE('',#3586);
#3077=PLANE('',#3587);
#3078=PLANE('',#3588);
#3079=PLANE('',#3589);
#3080=PLANE('',#3590);
#3081=PLANE('',#3591);
#3082=PLANE('',#3592);
#3083=PLANE('',#3593);
#3084=PLANE('',#3594);
#3085=PLANE('',#3595);
#3086=PLANE('',#3596);
#3087=PLANE('',#3597);
#3088=PLANE('',#3598);
#3089=PLANE('',#3599);
#3090=PLANE('',#3600);
#3091=PLANE('',#3604);
#3092=PLANE('',#3608);
#3093=PLANE('',#3609);
#3094=PLANE('',#3611);
#3095=PLANE('',#3617);
#3096=PLANE('',#3620);
#3097=PLANE('',#3621);
#3098=PLANE('',#3624);
#3099=PLANE('',#3625);
#3100=PLANE('',#3626);
#3101=PLANE('',#3629);
#3102=PLANE('',#3630);
#3103=PLANE('',#3633);
#3104=PLANE('',#3636);
#3105=PLANE('',#3639);
#3106=PLANE('',#3642);
#3107=PLANE('',#3645);
#3108=PLANE('',#3646);
#3109=PLANE('',#3653);
#3110=PLANE('',#3656);
#3111=PLANE('',#3657);
#3112=PLANE('',#3658);
#3113=PLANE('',#3659);
#3114=ADVANCED_FACE('',(#460),#3038,.T.);
#3115=ADVANCED_FACE('',(#461),#3039,.T.);
#3116=ADVANCED_FACE('',(#462),#3040,.T.);
#3117=ADVANCED_FACE('',(#463,#119,#120,#121,#122,#123,#124,#125,#126,#127,
#128,#129,#130,#131,#132,#133,#134,#135,#136,#137,#138,#139,#140,#141,#142,
#143,#144,#145,#146,#147,#148,#149,#150,#151,#152,#153,#154,#155,#156,#157,
#158,#159,#160,#161,#162,#163,#164,#165,#166,#167,#168,#169,#170,#171,#172,
#173,#174,#175,#176,#177,#178,#179,#180),#3041,.F.);
#3118=ADVANCED_FACE('',(#464,#181,#182,#183,#184,#185,#186,#187,#188,#189,
#190,#191,#192,#193,#194,#195,#196,#197,#198,#199,#200,#201,#202,#203,#204,
#205,#206,#207,#208,#209,#210,#211,#212,#213,#214,#215,#216,#217,#218,#219,
#220,#221,#222,#223,#224,#225,#226,#227,#228,#229,#230,#231,#232,#233,#234,
#235,#236,#237,#238,#239,#240,#241,#242),#3042,.T.);
#3119=ADVANCED_FACE('',(#465),#3043,.T.);
#3120=ADVANCED_FACE('',(#466),#29,.F.);
#3121=ADVANCED_FACE('',(#467),#30,.F.);
#3122=ADVANCED_FACE('',(#468),#31,.F.);
#3123=ADVANCED_FACE('',(#469),#3044,.T.);
#3124=ADVANCED_FACE('',(#470),#32,.F.);
#3125=ADVANCED_FACE('',(#471),#3045,.T.);
#3126=ADVANCED_FACE('',(#472),#33,.F.);
#3127=ADVANCED_FACE('',(#473),#34,.F.);
#3128=ADVANCED_FACE('',(#474),#3046,.T.);
#3129=ADVANCED_FACE('',(#475),#35,.F.);
#3130=ADVANCED_FACE('',(#476),#3047,.T.);
#3131=ADVANCED_FACE('',(#477),#36,.F.);
#3132=ADVANCED_FACE('',(#478),#37,.F.);
#3133=ADVANCED_FACE('',(#479),#38,.F.);
#3134=ADVANCED_FACE('',(#480),#39,.F.);
#3135=ADVANCED_FACE('',(#481),#40,.F.);
#3136=ADVANCED_FACE('',(#482),#41,.F.);
#3137=ADVANCED_FACE('',(#483),#42,.F.);
#3138=ADVANCED_FACE('',(#484),#43,.F.);
#3139=ADVANCED_FACE('',(#485),#44,.F.);
#3140=ADVANCED_FACE('',(#486),#45,.F.);
#3141=ADVANCED_FACE('',(#487),#46,.F.);
#3142=ADVANCED_FACE('',(#488),#47,.F.);
#3143=ADVANCED_FACE('',(#489),#48,.F.);
#3144=ADVANCED_FACE('',(#490),#49,.F.);
#3145=ADVANCED_FACE('',(#491),#50,.F.);
#3146=ADVANCED_FACE('',(#492),#51,.F.);
#3147=ADVANCED_FACE('',(#493),#52,.F.);
#3148=ADVANCED_FACE('',(#494),#53,.F.);
#3149=ADVANCED_FACE('',(#495),#54,.F.);
#3150=ADVANCED_FACE('',(#496),#3048,.T.);
#3151=ADVANCED_FACE('',(#497),#55,.F.);
#3152=ADVANCED_FACE('',(#498),#3049,.T.);
#3153=ADVANCED_FACE('',(#499),#56,.F.);
#3154=ADVANCED_FACE('',(#500),#57,.F.);
#3155=ADVANCED_FACE('',(#501),#58,.F.);
#3156=ADVANCED_FACE('',(#502),#59,.F.);
#3157=ADVANCED_FACE('',(#503),#3050,.T.);
#3158=ADVANCED_FACE('',(#504),#60,.F.);
#3159=ADVANCED_FACE('',(#505),#3051,.T.);
#3160=ADVANCED_FACE('',(#506),#61,.F.);
#3161=ADVANCED_FACE('',(#507),#62,.F.);
#3162=ADVANCED_FACE('',(#508),#63,.F.);
#3163=ADVANCED_FACE('',(#509),#64,.F.);
#3164=ADVANCED_FACE('',(#510),#65,.F.);
#3165=ADVANCED_FACE('',(#511),#66,.F.);
#3166=ADVANCED_FACE('',(#512),#67,.F.);
#3167=ADVANCED_FACE('',(#513),#68,.F.);
#3168=ADVANCED_FACE('',(#514),#69,.F.);
#3169=ADVANCED_FACE('',(#515),#70,.F.);
#3170=ADVANCED_FACE('',(#516),#71,.F.);
#3171=ADVANCED_FACE('',(#517),#72,.F.);
#3172=ADVANCED_FACE('',(#518),#73,.F.);
#3173=ADVANCED_FACE('',(#519),#74,.F.);
#3174=ADVANCED_FACE('',(#520),#75,.F.);
#3175=ADVANCED_FACE('',(#521),#76,.F.);
#3176=ADVANCED_FACE('',(#522),#77,.F.);
#3177=ADVANCED_FACE('',(#523),#78,.F.);
#3178=ADVANCED_FACE('',(#524),#79,.F.);
#3179=ADVANCED_FACE('',(#525),#80,.F.);
#3180=ADVANCED_FACE('',(#526),#81,.F.);
#3181=ADVANCED_FACE('',(#527),#82,.F.);
#3182=ADVANCED_FACE('',(#528),#83,.F.);
#3183=ADVANCED_FACE('',(#529),#84,.F.);
#3184=ADVANCED_FACE('',(#530),#85,.F.);
#3185=ADVANCED_FACE('',(#531),#86,.F.);
#3186=ADVANCED_FACE('',(#532),#87,.F.);
#3187=ADVANCED_FACE('',(#533),#88,.F.);
#3188=ADVANCED_FACE('',(#534),#89,.F.);
#3189=ADVANCED_FACE('',(#535),#90,.F.);
#3190=ADVANCED_FACE('',(#536),#91,.F.);
#3191=ADVANCED_FACE('',(#537),#92,.F.);
#3192=ADVANCED_FACE('',(#538),#93,.F.);
#3193=ADVANCED_FACE('',(#539),#94,.F.);
#3194=ADVANCED_FACE('',(#540),#95,.F.);
#3195=ADVANCED_FACE('',(#541,#243),#3052,.T.);
#3196=ADVANCED_FACE('',(#542),#96,.F.);
#3197=ADVANCED_FACE('',(#543,#244),#3053,.T.);
#3198=ADVANCED_FACE('',(#544),#97,.F.);
#3199=ADVANCED_FACE('',(#545,#245),#3054,.T.);
#3200=ADVANCED_FACE('',(#546),#98,.F.);
#3201=ADVANCED_FACE('',(#547,#246),#3055,.T.);
#3202=ADVANCED_FACE('',(#548),#99,.F.);
#3203=ADVANCED_FACE('',(#549),#100,.F.);
#3204=ADVANCED_FACE('',(#550),#101,.F.);
#3205=ADVANCED_FACE('',(#551),#102,.F.);
#3206=ADVANCED_FACE('',(#552),#3056,.T.);
#3207=ADVANCED_FACE('',(#553),#3057,.T.);
#3208=ADVANCED_FACE('',(#554),#3058,.T.);
#3209=ADVANCED_FACE('',(#555),#3059,.T.);
#3210=ADVANCED_FACE('',(#556),#3060,.T.);
#3211=ADVANCED_FACE('',(#557,#247),#3061,.F.);
#3212=ADVANCED_FACE('',(#558),#3062,.F.);
#3213=ADVANCED_FACE('',(#559),#103,.F.);
#3214=ADVANCED_FACE('',(#560),#104,.F.);
#3215=ADVANCED_FACE('',(#561),#105,.F.);
#3216=ADVANCED_FACE('',(#562),#106,.F.);
#3217=ADVANCED_FACE('',(#563),#3063,.T.);
#3218=ADVANCED_FACE('',(#564,#248),#3064,.T.);
#3219=ADVANCED_FACE('',(#565),#3065,.T.);
#3220=ADVANCED_FACE('',(#566),#3066,.F.);
#3221=ADVANCED_FACE('',(#567),#3067,.F.);
#3222=ADVANCED_FACE('',(#568),#3068,.F.);
#3223=ADVANCED_FACE('',(#569),#3069,.F.);
#3224=ADVANCED_FACE('',(#570),#3070,.F.);
#3225=ADVANCED_FACE('',(#571),#3071,.F.);
#3226=ADVANCED_FACE('',(#572),#3072,.F.);
#3227=ADVANCED_FACE('',(#573),#3073,.F.);
#3228=ADVANCED_FACE('',(#574),#3074,.F.);
#3229=ADVANCED_FACE('',(#575),#3075,.F.);
#3230=ADVANCED_FACE('',(#576),#3076,.F.);
#3231=ADVANCED_FACE('',(#577),#3077,.F.);
#3232=ADVANCED_FACE('',(#578),#3078,.T.);
#3233=ADVANCED_FACE('',(#579),#3079,.T.);
#3234=ADVANCED_FACE('',(#580),#3080,.T.);
#3235=ADVANCED_FACE('',(#581),#3081,.T.);
#3236=ADVANCED_FACE('',(#582,#249,#250,#251,#252,#253),#3082,.T.);
#3237=ADVANCED_FACE('',(#583),#3083,.T.);
#3238=ADVANCED_FACE('',(#584),#3084,.T.);
#3239=ADVANCED_FACE('',(#585),#3085,.T.);
#3240=ADVANCED_FACE('',(#586),#3086,.T.);
#3241=ADVANCED_FACE('',(#587),#3087,.F.);
#3242=ADVANCED_FACE('',(#588),#3088,.F.);
#3243=ADVANCED_FACE('',(#589),#3089,.F.);
#3244=ADVANCED_FACE('',(#590),#3090,.F.);
#3245=ADVANCED_FACE('',(#591),#107,.F.);
#3246=ADVANCED_FACE('',(#592),#3091,.T.);
#3247=ADVANCED_FACE('',(#593),#108,.F.);
#3248=ADVANCED_FACE('',(#594),#3092,.T.);
#3249=ADVANCED_FACE('',(#595,#254),#3093,.F.);
#3250=ADVANCED_FACE('',(#596,#255),#3094,.F.);
#3251=ADVANCED_FACE('',(#597),#109,.T.);
#3252=ADVANCED_FACE('',(#598),#110,.T.);
#3253=ADVANCED_FACE('',(#599,#256),#3095,.T.);
#3254=ADVANCED_FACE('',(#600,#257),#3096,.T.);
#3255=ADVANCED_FACE('',(#601,#258),#3097,.T.);
#3256=ADVANCED_FACE('',(#602),#3098,.T.);
#3257=ADVANCED_FACE('',(#603),#3099,.T.);
#3258=ADVANCED_FACE('',(#604,#259),#3100,.T.);
#3259=ADVANCED_FACE('',(#605),#3101,.T.);
#3260=ADVANCED_FACE('',(#606,#260),#3102,.T.);
#3261=ADVANCED_FACE('',(#607,#261),#3103,.T.);
#3262=ADVANCED_FACE('',(#608),#111,.F.);
#3263=ADVANCED_FACE('',(#609),#3104,.T.);
#3264=ADVANCED_FACE('',(#610),#112,.F.);
#3265=ADVANCED_FACE('',(#611),#3105,.T.);
#3266=ADVANCED_FACE('',(#612),#113,.F.);
#3267=ADVANCED_FACE('',(#613),#3106,.T.);
#3268=ADVANCED_FACE('',(#614),#114,.F.);
#3269=ADVANCED_FACE('',(#615),#3107,.T.);
#3270=ADVANCED_FACE('',(#616),#3108,.T.);
#3271=ADVANCED_FACE('',(#617),#115,.T.);
#3272=ADVANCED_FACE('',(#618),#116,.T.);
#3273=ADVANCED_FACE('',(#619),#117,.T.);
#3274=ADVANCED_FACE('',(#620,#262,#263),#3109,.T.);
#3275=ADVANCED_FACE('',(#621),#118,.T.);
#3276=ADVANCED_FACE('',(#622,#264),#3110,.T.);
#3277=ADVANCED_FACE('',(#623),#3111,.T.);
#3278=ADVANCED_FACE('',(#624),#3112,.T.);
#3279=ADVANCED_FACE('',(#625),#3113,.T.);
#3280=CLOSED_SHELL('',(#3114,#3115,#3116,#3117,#3118,#3119,#3120,#3121,
#3122,#3123,#3124,#3125,#3126,#3127,#3128,#3129,#3130,#3131,#3132,#3133,
#3134,#3135,#3136,#3137,#3138,#3139,#3140,#3141,#3142,#3143,#3144,#3145,
#3146,#3147,#3148,#3149,#3150,#3151,#3152,#3153,#3154,#3155,#3156,#3157,
#3158,#3159,#3160,#3161,#3162,#3163,#3164,#3165,#3166,#3167,#3168,#3169,
#3170,#3171,#3172,#3173,#3174,#3175,#3176,#3177,#3178,#3179,#3180,#3181,
#3182,#3183,#3184,#3185,#3186,#3187,#3188,#3189,#3190,#3191,#3192,#3193));
#3281=CLOSED_SHELL('',(#3194,#3195,#3196,#3197,#3198,#3199,#3200,#3201,
#3202,#3203,#3204,#3205,#3206,#3207,#3208,#3209,#3210,#3211,#3212,#3213,
#3214,#3215,#3216,#3217,#3218,#3219,#3220,#3221,#3222,#3223,#3224,#3225,
#3226,#3227,#3228,#3229,#3230,#3231,#3232,#3233,#3234,#3235,#3236,#3237,
#3238,#3239,#3240));
#3282=CLOSED_SHELL('',(#3241,#3242,#3243,#3244,#3245,#3246,#3247,#3248,
#3249,#3250,#3251,#3252,#3253,#3254,#3255,#3256,#3257,#3258,#3259,#3260,
#3261,#3262,#3263,#3264,#3265,#3266,#3267,#3268,#3269,#3270,#3271,#3272,
#3273,#3274,#3275,#3276,#3277,#3278,#3279));
#3283=DERIVED_UNIT_ELEMENT(#3285,1.);
#3284=DERIVED_UNIT_ELEMENT(#5548,-3.);
#3285=(
MASS_UNIT()
NAMED_UNIT(*)
SI_UNIT(.KILO.,.GRAM.)
);
#3286=DERIVED_UNIT((#3283,#3284));
#3287=MEASURE_REPRESENTATION_ITEM('density measure',
POSITIVE_RATIO_MEASURE(7850.),#3286);
#3288=PROPERTY_DEFINITION_REPRESENTATION(#3293,#3290);
#3289=PROPERTY_DEFINITION_REPRESENTATION(#3294,#3291);
#3290=REPRESENTATION('material name',(#3292),#5545);
#3291=REPRESENTATION('density',(#3287),#5545);
#3292=DESCRIPTIVE_REPRESENTATION_ITEM('Stal','Stal');
#3293=PROPERTY_DEFINITION('material property','material name',#5565);
#3294=PROPERTY_DEFINITION('material property','density of part',#5565);
#3295=AXIS2_PLACEMENT_3D('',#4638,#3661,#3662);
#3296=AXIS2_PLACEMENT_3D('',#4639,#3663,#3664);
#3297=AXIS2_PLACEMENT_3D('',#4640,#3665,#3666);
#3298=AXIS2_PLACEMENT_3D('',#4641,#3667,#3668);
#3299=AXIS2_PLACEMENT_3D('',#4650,#3673,#3674);
#3300=AXIS2_PLACEMENT_3D('',#4656,#3678,#3679);
#3301=AXIS2_PLACEMENT_3D('',#4662,#3683,#3684);
#3302=AXIS2_PLACEMENT_3D('',#4665,#3686,#3687);
#3303=AXIS2_PLACEMENT_3D('',#4667,#3688,#3689);
#3304=AXIS2_PLACEMENT_3D('',#4670,#3690,#3691);
#3305=AXIS2_PLACEMENT_3D('',#4674,#3693,#3694);
#3306=AXIS2_PLACEMENT_3D('',#4677,#3696,#3697);
#3307=AXIS2_PLACEMENT_3D('',#4680,#3698,#3699);
#3308=AXIS2_PLACEMENT_3D('',#4684,#3701,#3702);
#3309=AXIS2_PLACEMENT_3D('',#4687,#3704,#3705);
#3310=AXIS2_PLACEMENT_3D('',#4689,#3706,#3707);
#3311=AXIS2_PLACEMENT_3D('',#4691,#3708,#3709);
#3312=AXIS2_PLACEMENT_3D('',#4693,#3710,#3711);
#3313=AXIS2_PLACEMENT_3D('',#4695,#3712,#3713);
#3314=AXIS2_PLACEMENT_3D('',#4697,#3714,#3715);
#3315=AXIS2_PLACEMENT_3D('',#4699,#3716,#3717);
#3316=AXIS2_PLACEMENT_3D('',#4701,#3718,#3719);
#3317=AXIS2_PLACEMENT_3D('',#4703,#3720,#3721);
#3318=AXIS2_PLACEMENT_3D('',#4705,#3722,#3723);
#3319=AXIS2_PLACEMENT_3D('',#4707,#3724,#3725);
#3320=AXIS2_PLACEMENT_3D('',#4709,#3726,#3727);
#3321=AXIS2_PLACEMENT_3D('',#4711,#3728,#3729);
#3322=AXIS2_PLACEMENT_3D('',#4713,#3730,#3731);
#3323=AXIS2_PLACEMENT_3D('',#4715,#3732,#3733);
#3324=AXIS2_PLACEMENT_3D('',#4717,#3734,#3735);
#3325=AXIS2_PLACEMENT_3D('',#4719,#3736,#3737);
#3326=AXIS2_PLACEMENT_3D('',#4721,#3738,#3739);
#3327=AXIS2_PLACEMENT_3D('',#4724,#3740,#3741);
#3328=AXIS2_PLACEMENT_3D('',#4728,#3743,#3744);
#3329=AXIS2_PLACEMENT_3D('',#4731,#3746,#3747);
#3330=AXIS2_PLACEMENT_3D('',#4733,#3748,#3749);
#3331=AXIS2_PLACEMENT_3D('',#4735,#3750,#3751);
#3332=AXIS2_PLACEMENT_3D('',#4738,#3752,#3753);
#3333=AXIS2_PLACEMENT_3D('',#4742,#3755,#3756);
#3334=AXIS2_PLACEMENT_3D('',#4745,#3758,#3759);
#3335=AXIS2_PLACEMENT_3D('',#4747,#3760,#3761);
#3336=AXIS2_PLACEMENT_3D('',#4749,#3762,#3763);
#3337=AXIS2_PLACEMENT_3D('',#4751,#3764,#3765);
#3338=AXIS2_PLACEMENT_3D('',#4753,#3766,#3767);
#3339=AXIS2_PLACEMENT_3D('',#4755,#3768,#3769);
#3340=AXIS2_PLACEMENT_3D('',#4757,#3770,#3771);
#3341=AXIS2_PLACEMENT_3D('',#4759,#3772,#3773);
#3342=AXIS2_PLACEMENT_3D('',#4761,#3774,#3775);
#3343=AXIS2_PLACEMENT_3D('',#4763,#3776,#3777);
#3344=AXIS2_PLACEMENT_3D('',#4765,#3778,#3779);
#3345=AXIS2_PLACEMENT_3D('',#4767,#3780,#3781);
#3346=AXIS2_PLACEMENT_3D('',#4769,#3782,#3783);
#3347=AXIS2_PLACEMENT_3D('',#4771,#3784,#3785);
#3348=AXIS2_PLACEMENT_3D('',#4773,#3786,#3787);
#3349=AXIS2_PLACEMENT_3D('',#4775,#3788,#3789);
#3350=AXIS2_PLACEMENT_3D('',#4777,#3790,#3791);
#3351=AXIS2_PLACEMENT_3D('',#4779,#3792,#3793);
#3352=AXIS2_PLACEMENT_3D('',#4781,#3794,#3795);
#3353=AXIS2_PLACEMENT_3D('',#4783,#3796,#3797);
#3354=AXIS2_PLACEMENT_3D('',#4785,#3798,#3799);
#3355=AXIS2_PLACEMENT_3D('',#4787,#3800,#3801);
#3356=AXIS2_PLACEMENT_3D('',#4789,#3802,#3803);
#3357=AXIS2_PLACEMENT_3D('',#4791,#3804,#3805);
#3358=AXIS2_PLACEMENT_3D('',#4793,#3806,#3807);
#3359=AXIS2_PLACEMENT_3D('',#4795,#3808,#3809);
#3360=AXIS2_PLACEMENT_3D('',#4797,#3810,#3811);
#3361=AXIS2_PLACEMENT_3D('',#4799,#3812,#3813);
#3362=AXIS2_PLACEMENT_3D('',#4801,#3814,#3815);
#3363=AXIS2_PLACEMENT_3D('',#4803,#3816,#3817);
#3364=AXIS2_PLACEMENT_3D('',#4805,#3818,#3819);
#3365=AXIS2_PLACEMENT_3D('',#4807,#3820,#3821);
#3366=AXIS2_PLACEMENT_3D('',#4809,#3822,#3823);
#3367=AXIS2_PLACEMENT_3D('',#4811,#3824,#3825);
#3368=AXIS2_PLACEMENT_3D('',#4812,#3826,#3827);
#3369=AXIS2_PLACEMENT_3D('',#4815,#3829,#3830);
#3370=AXIS2_PLACEMENT_3D('',#4817,#3831,#3832);
#3371=AXIS2_PLACEMENT_3D('',#4820,#3833,#3834);
#3372=AXIS2_PLACEMENT_3D('',#4824,#3836,#3837);
#3373=AXIS2_PLACEMENT_3D('',#4827,#3839,#3840);
#3374=AXIS2_PLACEMENT_3D('',#4830,#3841,#3842);
#3375=AXIS2_PLACEMENT_3D('',#4834,#3844,#3845);
#3376=AXIS2_PLACEMENT_3D('',#4837,#3847,#3848);
#3377=AXIS2_PLACEMENT_3D('',#4839,#3849,#3850);
#3378=AXIS2_PLACEMENT_3D('',#4841,#3851,#3852);
#3379=AXIS2_PLACEMENT_3D('',#4843,#3853,#3854);
#3380=AXIS2_PLACEMENT_3D('',#4845,#3855,#3856);
#3381=AXIS2_PLACEMENT_3D('',#4847,#3857,#3858);
#3382=AXIS2_PLACEMENT_3D('',#4849,#3859,#3860);
#3383=AXIS2_PLACEMENT_3D('',#4851,#3861,#3862);
#3384=AXIS2_PLACEMENT_3D('',#4853,#3863,#3864);
#3385=AXIS2_PLACEMENT_3D('',#4855,#3865,#3866);
#3386=AXIS2_PLACEMENT_3D('',#4857,#3867,#3868);
#3387=AXIS2_PLACEMENT_3D('',#4859,#3869,#3870);
#3388=AXIS2_PLACEMENT_3D('',#4861,#3871,#3872);
#3389=AXIS2_PLACEMENT_3D('',#4863,#3873,#3874);
#3390=AXIS2_PLACEMENT_3D('',#4865,#3875,#3876);
#3391=AXIS2_PLACEMENT_3D('',#4867,#3877,#3878);
#3392=AXIS2_PLACEMENT_3D('',#4869,#3879,#3880);
#3393=AXIS2_PLACEMENT_3D('',#4871,#3881,#3882);
#3394=AXIS2_PLACEMENT_3D('',#4874,#3883,#3884);
#3395=AXIS2_PLACEMENT_3D('',#4878,#3886,#3887);
#3396=AXIS2_PLACEMENT_3D('',#4881,#3889,#3890);
#3397=AXIS2_PLACEMENT_3D('',#4883,#3891,#3892);
#3398=AXIS2_PLACEMENT_3D('',#4885,#3893,#3894);
#3399=AXIS2_PLACEMENT_3D('',#4888,#3895,#3896);
#3400=AXIS2_PLACEMENT_3D('',#4892,#3898,#3899);
#3401=AXIS2_PLACEMENT_3D('',#4895,#3901,#3902);
#3402=AXIS2_PLACEMENT_3D('',#4897,#3903,#3904);
#3403=AXIS2_PLACEMENT_3D('',#4899,#3905,#3906);
#3404=AXIS2_PLACEMENT_3D('',#4901,#3907,#3908);
#3405=AXIS2_PLACEMENT_3D('',#4903,#3909,#3910);
#3406=AXIS2_PLACEMENT_3D('',#4905,#3911,#3912);
#3407=AXIS2_PLACEMENT_3D('',#4907,#3913,#3914);
#3408=AXIS2_PLACEMENT_3D('',#4909,#3915,#3916);
#3409=AXIS2_PLACEMENT_3D('',#4911,#3917,#3918);
#3410=AXIS2_PLACEMENT_3D('',#4913,#3919,#3920);
#3411=AXIS2_PLACEMENT_3D('',#4915,#3921,#3922);
#3412=AXIS2_PLACEMENT_3D('',#4917,#3923,#3924);
#3413=AXIS2_PLACEMENT_3D('',#4919,#3925,#3926);
#3414=AXIS2_PLACEMENT_3D('',#4921,#3927,#3928);
#3415=AXIS2_PLACEMENT_3D('',#4923,#3929,#3930);
#3416=AXIS2_PLACEMENT_3D('',#4925,#3931,#3932);
#3417=AXIS2_PLACEMENT_3D('',#4927,#3933,#3934);
#3418=AXIS2_PLACEMENT_3D('',#4929,#3935,#3936);
#3419=AXIS2_PLACEMENT_3D('',#4931,#3937,#3938);
#3420=AXIS2_PLACEMENT_3D('',#4933,#3939,#3940);
#3421=AXIS2_PLACEMENT_3D('',#4935,#3941,#3942);
#3422=AXIS2_PLACEMENT_3D('',#4937,#3943,#3944);
#3423=AXIS2_PLACEMENT_3D('',#4939,#3945,#3946);
#3424=AXIS2_PLACEMENT_3D('',#4941,#3947,#3948);
#3425=AXIS2_PLACEMENT_3D('',#4943,#3949,#3950);
#3426=AXIS2_PLACEMENT_3D('',#4945,#3951,#3952);
#3427=AXIS2_PLACEMENT_3D('',#4947,#3953,#3954);
#3428=AXIS2_PLACEMENT_3D('',#4949,#3955,#3956);
#3429=AXIS2_PLACEMENT_3D('',#4951,#3957,#3958);
#3430=AXIS2_PLACEMENT_3D('',#4953,#3959,#3960);
#3431=AXIS2_PLACEMENT_3D('',#4955,#3961,#3962);
#3432=AXIS2_PLACEMENT_3D('',#4957,#3963,#3964);
#3433=AXIS2_PLACEMENT_3D('',#4959,#3965,#3966);
#3434=AXIS2_PLACEMENT_3D('',#4961,#3967,#3968);
#3435=AXIS2_PLACEMENT_3D('',#4962,#3969,#3970);
#3436=AXIS2_PLACEMENT_3D('',#4963,#3971,#3972);
#3437=AXIS2_PLACEMENT_3D('',#4965,#3974,#3975);
#3438=AXIS2_PLACEMENT_3D('',#4967,#3977,#3978);
#3439=AXIS2_PLACEMENT_3D('',#4970,#3981,#3982);
#3440=AXIS2_PLACEMENT_3D('',#4972,#3984,#3985);
#3441=AXIS2_PLACEMENT_3D('',#4974,#3987,#3988);
#3442=AXIS2_PLACEMENT_3D('',#4975,#3989,#3990);
#3443=AXIS2_PLACEMENT_3D('',#4977,#3992,#3993);
#3444=AXIS2_PLACEMENT_3D('',#4980,#3996,#3997);
#3445=AXIS2_PLACEMENT_3D('',#4982,#3999,#4000);
#3446=AXIS2_PLACEMENT_3D('',#4984,#4002,#4003);
#3447=AXIS2_PLACEMENT_3D('',#4985,#4004,#4005);
#3448=AXIS2_PLACEMENT_3D('',#4987,#4007,#4008);
#3449=AXIS2_PLACEMENT_3D('',#4989,#4010,#4011);
#3450=AXIS2_PLACEMENT_3D('',#4991,#4013,#4014);
#3451=AXIS2_PLACEMENT_3D('',#4993,#4016,#4017);
#3452=AXIS2_PLACEMENT_3D('',#4995,#4019,#4020);
#3453=AXIS2_PLACEMENT_3D('',#4997,#4022,#4023);
#3454=AXIS2_PLACEMENT_3D('',#4999,#4025,#4026);
#3455=AXIS2_PLACEMENT_3D('',#5001,#4028,#4029);
#3456=AXIS2_PLACEMENT_3D('',#5003,#4031,#4032);
#3457=AXIS2_PLACEMENT_3D('',#5005,#4034,#4035);
#3458=AXIS2_PLACEMENT_3D('',#5007,#4037,#4038);
#3459=AXIS2_PLACEMENT_3D('',#5009,#4040,#4041);
#3460=AXIS2_PLACEMENT_3D('',#5011,#4043,#4044);
#3461=AXIS2_PLACEMENT_3D('',#5013,#4046,#4047);
#3462=AXIS2_PLACEMENT_3D('',#5015,#4049,#4050);
#3463=AXIS2_PLACEMENT_3D('',#5017,#4052,#4053);
#3464=AXIS2_PLACEMENT_3D('',#5019,#4055,#4056);
#3465=AXIS2_PLACEMENT_3D('',#5021,#4058,#4059);
#3466=AXIS2_PLACEMENT_3D('',#5024,#4062,#4063);
#3467=AXIS2_PLACEMENT_3D('',#5026,#4065,#4066);
#3468=AXIS2_PLACEMENT_3D('',#5028,#4068,#4069);
#3469=AXIS2_PLACEMENT_3D('',#5029,#4070,#4071);
#3470=AXIS2_PLACEMENT_3D('',#5031,#4073,#4074);
#3471=AXIS2_PLACEMENT_3D('',#5033,#4076,#4077);
#3472=AXIS2_PLACEMENT_3D('',#5035,#4079,#4080);
#3473=AXIS2_PLACEMENT_3D('',#5038,#4083,#4084);
#3474=AXIS2_PLACEMENT_3D('',#5040,#4086,#4087);
#3475=AXIS2_PLACEMENT_3D('',#5042,#4089,#4090);
#3476=AXIS2_PLACEMENT_3D('',#5043,#4091,#4092);
#3477=AXIS2_PLACEMENT_3D('',#5045,#4094,#4095);
#3478=AXIS2_PLACEMENT_3D('',#5047,#4097,#4098);
#3479=AXIS2_PLACEMENT_3D('',#5049,#4100,#4101);
#3480=AXIS2_PLACEMENT_3D('',#5051,#4103,#4104);
#3481=AXIS2_PLACEMENT_3D('',#5053,#4106,#4107);
#3482=AXIS2_PLACEMENT_3D('',#5055,#4109,#4110);
#3483=AXIS2_PLACEMENT_3D('',#5057,#4112,#4113);
#3484=AXIS2_PLACEMENT_3D('',#5059,#4115,#4116);
#3485=AXIS2_PLACEMENT_3D('',#5061,#4118,#4119);
#3486=AXIS2_PLACEMENT_3D('',#5063,#4121,#4122);
#3487=AXIS2_PLACEMENT_3D('',#5065,#4124,#4125);
#3488=AXIS2_PLACEMENT_3D('',#5067,#4127,#4128);
#3489=AXIS2_PLACEMENT_3D('',#5069,#4130,#4131);
#3490=AXIS2_PLACEMENT_3D('',#5071,#4133,#4134);
#3491=AXIS2_PLACEMENT_3D('',#5073,#4136,#4137);
#3492=AXIS2_PLACEMENT_3D('',#5075,#4139,#4140);
#3493=AXIS2_PLACEMENT_3D('',#5077,#4142,#4143);
#3494=AXIS2_PLACEMENT_3D('',#5079,#4145,#4146);
#3495=AXIS2_PLACEMENT_3D('',#5081,#4148,#4149);
#3496=AXIS2_PLACEMENT_3D('',#5083,#4151,#4152);
#3497=AXIS2_PLACEMENT_3D('',#5085,#4154,#4155);
#3498=AXIS2_PLACEMENT_3D('',#5087,#4157,#4158);
#3499=AXIS2_PLACEMENT_3D('',#5089,#4160,#4161);
#3500=AXIS2_PLACEMENT_3D('',#5091,#4163,#4164);
#3501=AXIS2_PLACEMENT_3D('',#5093,#4166,#4167);
#3502=AXIS2_PLACEMENT_3D('',#5095,#4169,#4170);
#3503=AXIS2_PLACEMENT_3D('',#5097,#4172,#4173);
#3504=AXIS2_PLACEMENT_3D('',#5099,#4175,#4176);
#3505=AXIS2_PLACEMENT_3D('',#5101,#4178,#4179);
#3506=AXIS2_PLACEMENT_3D('',#5103,#4181,#4182);
#3507=AXIS2_PLACEMENT_3D('',#5105,#4184,#4185);
#3508=AXIS2_PLACEMENT_3D('',#5107,#4187,#4188);
#3509=AXIS2_PLACEMENT_3D('',#5109,#4190,#4191);
#3510=AXIS2_PLACEMENT_3D('',#5111,#4193,#4194);
#3511=AXIS2_PLACEMENT_3D('',#5112,#4195,#4196);
#3512=AXIS2_PLACEMENT_3D('',#5114,#4197,#4198);
#3513=AXIS2_PLACEMENT_3D('',#5117,#4200,#4201);
#3514=AXIS2_PLACEMENT_3D('',#5118,#4202,#4203);
#3515=AXIS2_PLACEMENT_3D('',#5120,#4204,#4205);
#3516=AXIS2_PLACEMENT_3D('',#5121,#4206,#4207);
#3517=AXIS2_PLACEMENT_3D('',#5123,#4208,#4209);
#3518=AXIS2_PLACEMENT_3D('',#5126,#4211,#4212);
#3519=AXIS2_PLACEMENT_3D('',#5127,#4213,#4214);
#3520=AXIS2_PLACEMENT_3D('',#5129,#4215,#4216);
#3521=AXIS2_PLACEMENT_3D('',#5130,#4217,#4218);
#3522=AXIS2_PLACEMENT_3D('',#5132,#4219,#4220);
#3523=AXIS2_PLACEMENT_3D('',#5135,#4222,#4223);
#3524=AXIS2_PLACEMENT_3D('',#5136,#4224,#4225);
#3525=AXIS2_PLACEMENT_3D('',#5138,#4226,#4227);
#3526=AXIS2_PLACEMENT_3D('',#5139,#4228,#4229);
#3527=AXIS2_PLACEMENT_3D('',#5141,#4230,#4231);
#3528=AXIS2_PLACEMENT_3D('',#5144,#4233,#4234);
#3529=AXIS2_PLACEMENT_3D('',#5145,#4235,#4236);
#3530=AXIS2_PLACEMENT_3D('',#5147,#4237,#4238);
#3531=AXIS2_PLACEMENT_3D('',#5148,#4239,#4240);
#3532=AXIS2_PLACEMENT_3D('',#5151,#4241,#4242);
#3533=AXIS2_PLACEMENT_3D('',#5153,#4243,#4244);
#3534=AXIS2_PLACEMENT_3D('',#5155,#4245,#4246);
#3535=AXIS2_PLACEMENT_3D('',#5157,#4247,#4248);
#3536=AXIS2_PLACEMENT_3D('',#5158,#4249,#4250);
#3537=AXIS2_PLACEMENT_3D('',#5160,#4252,#4253);
#3538=AXIS2_PLACEMENT_3D('',#5163,#4254,#4255);
#3539=AXIS2_PLACEMENT_3D('',#5165,#4256,#4257);
#3540=AXIS2_PLACEMENT_3D('',#5166,#4258,#4259);
#3541=AXIS2_PLACEMENT_3D('',#5168,#4261,#4262);
#3542=AXIS2_PLACEMENT_3D('',#5171,#4263,#4264);
#3543=AXIS2_PLACEMENT_3D('',#5173,#4265,#4266);
#3544=AXIS2_PLACEMENT_3D('',#5174,#4267,#4268);
#3545=AXIS2_PLACEMENT_3D('',#5176,#4270,#4271);
#3546=AXIS2_PLACEMENT_3D('',#5179,#4272,#4273);
#3547=AXIS2_PLACEMENT_3D('',#5181,#4274,#4275);
#3548=AXIS2_PLACEMENT_3D('',#5182,#4276,#4277);
#3549=AXIS2_PLACEMENT_3D('',#5184,#4279,#4280);
#3550=AXIS2_PLACEMENT_3D('',#5186,#4281,#4282);
#3551=AXIS2_PLACEMENT_3D('',#5188,#4284,#4285);
#3552=AXIS2_PLACEMENT_3D('',#5190,#4286,#4287);
#3553=AXIS2_PLACEMENT_3D('',#5192,#4289,#4290);
#3554=AXIS2_PLACEMENT_3D('',#5197,#4293,#4294);
#3555=AXIS2_PLACEMENT_3D('',#5198,#4295,#4296);
#3556=AXIS2_PLACEMENT_3D('',#5199,#4297,#4298);
#3557=AXIS2_PLACEMENT_3D('',#5200,#4299,#4300);
#3558=AXIS2_PLACEMENT_3D('',#5203,#4302,#4303);
#3559=AXIS2_PLACEMENT_3D('',#5204,#4304,#4305);
#3560=AXIS2_PLACEMENT_3D('',#5214,#4310,#4311);
#3561=AXIS2_PLACEMENT_3D('',#5217,#4313,#4314);
#3562=AXIS2_PLACEMENT_3D('',#5219,#4315,#4316);
#3563=AXIS2_PLACEMENT_3D('',#5227,#4322,#4323);
#3564=AXIS2_PLACEMENT_3D('',#5228,#4324,#4325);
#3565=AXIS2_PLACEMENT_3D('',#5229,#4326,#4327);
#3566=AXIS2_PLACEMENT_3D('',#5233,#4329,#4330);
#3567=AXIS2_PLACEMENT_3D('',#5235,#4332,#4333);
#3568=AXIS2_PLACEMENT_3D('',#5239,#4335,#4336);
#3569=AXIS2_PLACEMENT_3D('',#5241,#4338,#4339);
#3570=AXIS2_PLACEMENT_3D('',#5245,#4341,#4342);
#3571=AXIS2_PLACEMENT_3D('',#5247,#4344,#4345);
#3572=AXIS2_PLACEMENT_3D('',#5251,#4347,#4348);
#3573=AXIS2_PLACEMENT_3D('',#5253,#4350,#4351);
#3574=AXIS2_PLACEMENT_3D('',#5257,#4354,#4355);
#3575=AXIS2_PLACEMENT_3D('',#5288,#4373,#4374);
#3576=AXIS2_PLACEMENT_3D('',#5289,#4375,#4376);
#3577=AXIS2_PLACEMENT_3D('',#5295,#4380,#4381);
#3578=AXIS2_PLACEMENT_3D('',#5299,#4384,#4385);
#3579=AXIS2_PLACEMENT_3D('',#5305,#4389,#4390);
#3580=AXIS2_PLACEMENT_3D('',#5309,#4393,#4394);
#3581=AXIS2_PLACEMENT_3D('',#5313,#4397,#4398);
#3582=AXIS2_PLACEMENT_3D('',#5319,#4402,#4403);
#3583=AXIS2_PLACEMENT_3D('',#5323,#4406,#4407);
#3584=AXIS2_PLACEMENT_3D('',#5327,#4410,#4411);
#3585=AXIS2_PLACEMENT_3D('',#5331,#4414,#4415);
#3586=AXIS2_PLACEMENT_3D('',#5333,#4417,#4418);
#3587=AXIS2_PLACEMENT_3D('',#5335,#4420,#4421);
#3588=AXIS2_PLACEMENT_3D('',#5337,#4423,#4424);
#3589=AXIS2_PLACEMENT_3D('',#5343,#4428,#4429);
#3590=AXIS2_PLACEMENT_3D('',#5347,#4432,#4433);
#3591=AXIS2_PLACEMENT_3D('',#5351,#4436,#4437);
#3592=AXIS2_PLACEMENT_3D('',#5353,#4439,#4440);
#3593=AXIS2_PLACEMENT_3D('',#5354,#4441,#4442);
#3594=AXIS2_PLACEMENT_3D('',#5356,#4444,#4445);
#3595=AXIS2_PLACEMENT_3D('',#5357,#4446,#4447);
#3596=AXIS2_PLACEMENT_3D('',#5358,#4448,#4449);
#3597=AXIS2_PLACEMENT_3D('',#5359,#4450,#4451);
#3598=AXIS2_PLACEMENT_3D('',#5368,#4456,#4457);
#3599=AXIS2_PLACEMENT_3D('',#5374,#4461,#4462);
#3600=AXIS2_PLACEMENT_3D('',#5380,#4466,#4467);
#3601=AXIS2_PLACEMENT_3D('',#5383,#4470,#4471);
#3602=AXIS2_PLACEMENT_3D('',#5385,#4472,#4473);
#3603=AXIS2_PLACEMENT_3D('',#5388,#4475,#4476);
#3604=AXIS2_PLACEMENT_3D('',#5389,#4477,#4478);
#3605=AXIS2_PLACEMENT_3D('',#5390,#4479,#4480);
#3606=AXIS2_PLACEMENT_3D('',#5392,#4481,#4482);
#3607=AXIS2_PLACEMENT_3D('',#5395,#4484,#4485);
#3608=AXIS2_PLACEMENT_3D('',#5396,#4486,#4487);
#3609=AXIS2_PLACEMENT_3D('',#5397,#4488,#4489);
#3610=AXIS2_PLACEMENT_3D('',#5399,#4490,#4491);
#3611=AXIS2_PLACEMENT_3D('',#5400,#4492,#4493);
#3612=AXIS2_PLACEMENT_3D('',#5402,#4494,#4495);
#3613=AXIS2_PLACEMENT_3D('',#5403,#4496,#4497);
#3614=AXIS2_PLACEMENT_3D('',#5405,#4498,#4499);
#3615=AXIS2_PLACEMENT_3D('',#5407,#4501,#4502);
#3616=AXIS2_PLACEMENT_3D('',#5409,#4503,#4504);
#3617=AXIS2_PLACEMENT_3D('',#5411,#4506,#4507);
#3618=AXIS2_PLACEMENT_3D('',#5414,#4508,#4509);
#3619=AXIS2_PLACEMENT_3D('',#5419,#4512,#4513);
#3620=AXIS2_PLACEMENT_3D('',#5420,#4514,#4515);
#3621=AXIS2_PLACEMENT_3D('',#5434,#4523,#4524);
#3622=AXIS2_PLACEMENT_3D('',#5439,#4526,#4527);
#3623=AXIS2_PLACEMENT_3D('',#5442,#4529,#4530);
#3624=AXIS2_PLACEMENT_3D('',#5443,#4531,#4532);
#3625=AXIS2_PLACEMENT_3D('',#5452,#4538,#4539);
#3626=AXIS2_PLACEMENT_3D('',#5464,#4546,#4547);
#3627=AXIS2_PLACEMENT_3D('',#5466,#4548,#4549);
#3628=AXIS2_PLACEMENT_3D('',#5469,#4551,#4552);
#3629=AXIS2_PLACEMENT_3D('',#5470,#4553,#4554);
#3630=AXIS2_PLACEMENT_3D('',#5479,#4560,#4561);
#3631=AXIS2_PLACEMENT_3D('',#5480,#4562,#4563);
#3632=AXIS2_PLACEMENT_3D('',#5482,#4564,#4565);
#3633=AXIS2_PLACEMENT_3D('',#5483,#4566,#4567);
#3634=AXIS2_PLACEMENT_3D('',#5492,#4572,#4573);
#3635=AXIS2_PLACEMENT_3D('',#5495,#4575,#4576);
#3636=AXIS2_PLACEMENT_3D('',#5496,#4577,#4578);
#3637=AXIS2_PLACEMENT_3D('',#5497,#4579,#4580);
#3638=AXIS2_PLACEMENT_3D('',#5500,#4582,#4583);
#3639=AXIS2_PLACEMENT_3D('',#5501,#4584,#4585);
#3640=AXIS2_PLACEMENT_3D('',#5502,#4586,#4587);
#3641=AXIS2_PLACEMENT_3D('',#5505,#4589,#4590);
#3642=AXIS2_PLACEMENT_3D('',#5506,#4591,#4592);
#3643=AXIS2_PLACEMENT_3D('',#5507,#4593,#4594);
#3644=AXIS2_PLACEMENT_3D('',#5510,#4596,#4597);
#3645=AXIS2_PLACEMENT_3D('',#5511,#4598,#4599);
#3646=AXIS2_PLACEMENT_3D('',#5512,#4600,#4601);
#3647=AXIS2_PLACEMENT_3D('',#5521,#4606,#4607);
#3648=AXIS2_PLACEMENT_3D('',#5522,#4608,#4609);
#3649=AXIS2_PLACEMENT_3D('',#5523,#4610,#4611);
#3650=AXIS2_PLACEMENT_3D('',#5524,#4612,#4613);
#3651=AXIS2_PLACEMENT_3D('',#5525,#4614,#4615);
#3652=AXIS2_PLACEMENT_3D('',#5526,#4616,#4617);
#3653=AXIS2_PLACEMENT_3D('',#5527,#4618,#4619);
#3654=AXIS2_PLACEMENT_3D('',#5528,#4620,#4621);
#3655=AXIS2_PLACEMENT_3D('',#5529,#4622,#4623);
#3656=AXIS2_PLACEMENT_3D('',#5530,#4624,#4625);
#3657=AXIS2_PLACEMENT_3D('',#5533,#4628,#4629);
#3658=AXIS2_PLACEMENT_3D('',#5535,#4631,#4632);
#3659=AXIS2_PLACEMENT_3D('',#5537,#4634,#4635);
#3660=AXIS2_PLACEMENT_3D('',#5538,#4636,#4637);
#3661=DIRECTION('axis',(0.,0.,1.));
#3662=DIRECTION('refdir',(1.,0.,0.));
#3663=DIRECTION('axis',(0.,0.,1.));
#3664=DIRECTION('refdir',(1.,0.,0.));
#3665=DIRECTION('axis',(0.,0.,1.));
#3666=DIRECTION('refdir',(1.,0.,0.));
#3667=DIRECTION('center_axis',(0.,-1.,0.));
#3668=DIRECTION('ref_axis',(-1.,0.,0.));
#3669=DIRECTION('',(0.,0.,1.));
#3670=DIRECTION('',(-1.,0.,0.));
#3671=DIRECTION('',(0.,0.,1.));
#3672=DIRECTION('',(-1.,0.,0.));
#3673=DIRECTION('center_axis',(1.,0.,0.));
#3674=DIRECTION('ref_axis',(0.,-1.,0.));
#3675=DIRECTION('',(0.,0.,1.));
#3676=DIRECTION('',(0.,-1.,0.));
#3677=DIRECTION('',(0.,-1.,0.));
#3678=DIRECTION('center_axis',(-1.,0.,0.));
#3679=DIRECTION('ref_axis',(0.,1.,0.));
#3680=DIRECTION('',(0.,1.,0.));
#3681=DIRECTION('',(0.,0.,1.));
#3682=DIRECTION('',(0.,1.,0.));
#3683=DIRECTION('center_axis',(0.,0.,1.));
#3684=DIRECTION('ref_axis',(1.,0.,0.));
#3685=DIRECTION('',(1.,0.,0.));
#3686=DIRECTION('center_axis',(0.,0.,-1.));
#3687=DIRECTION('ref_axis',(0.,-1.,0.));
#3688=DIRECTION('center_axis',(0.,0.,-1.));
#3689=DIRECTION('ref_axis',(0.,-1.,0.));
#3690=DIRECTION('center_axis',(0.,0.,-1.));
#3691=DIRECTION('ref_axis',(0.,-1.,0.));
#3692=DIRECTION('',(1.,0.,0.));
#3693=DIRECTION('center_axis',(0.,0.,-1.));
#3694=DIRECTION('ref_axis',(0.,1.,0.));
#3695=DIRECTION('',(-1.,0.,0.));
#3696=DIRECTION('center_axis',(0.,0.,-1.));
#3697=DIRECTION('ref_axis',(0.,-1.,0.));
#3698=DIRECTION('center_axis',(0.,0.,-1.));
#3699=DIRECTION('ref_axis',(0.,-1.,0.));
#3700=DIRECTION('',(1.,0.,0.));
#3701=DIRECTION('center_axis',(0.,0.,-1.));
#3702=DIRECTION('ref_axis',(0.,1.,0.));
#3703=DIRECTION('',(-1.,0.,0.));
#3704=DIRECTION('center_axis',(0.,0.,-1.));
#3705=DIRECTION('ref_axis',(0.,-1.,0.));
#3706=DIRECTION('center_axis',(0.,0.,-1.));
#3707=DIRECTION('ref_axis',(0.,-1.,0.));
#3708=DIRECTION('center_axis',(0.,0.,-1.));
#3709=DIRECTION('ref_axis',(0.,-1.,0.));
#3710=DIRECTION('center_axis',(0.,0.,-1.));
#3711=DIRECTION('ref_axis',(0.,-1.,0.));
#3712=DIRECTION('center_axis',(0.,0.,-1.));
#3713=DIRECTION('ref_axis',(0.,-1.,0.));
#3714=DIRECTION('center_axis',(0.,0.,-1.));
#3715=DIRECTION('ref_axis',(0.,-1.,0.));
#3716=DIRECTION('center_axis',(0.,0.,-1.));
#3717=DIRECTION('ref_axis',(0.,-1.,0.));
#3718=DIRECTION('center_axis',(0.,0.,-1.));
#3719=DIRECTION('ref_axis',(0.,-1.,0.));
#3720=DIRECTION('center_axis',(0.,0.,-1.));
#3721=DIRECTION('ref_axis',(3.5527136788E-14,-1.,0.));
#3722=DIRECTION('center_axis',(0.,0.,-1.));
#3723=DIRECTION('ref_axis',(0.,-1.,0.));
#3724=DIRECTION('center_axis',(0.,0.,-1.));
#3725=DIRECTION('ref_axis',(-3.552713678801E-14,-1.,0.));
#3726=DIRECTION('center_axis',(0.,0.,-1.));
#3727=DIRECTION('ref_axis',(0.,-1.,0.));
#3728=DIRECTION('center_axis',(0.,0.,-1.));
#3729=DIRECTION('ref_axis',(0.,-1.,0.));
#3730=DIRECTION('center_axis',(0.,0.,-1.));
#3731=DIRECTION('ref_axis',(0.,-1.,0.));
#3732=DIRECTION('center_axis',(0.,0.,-1.));
#3733=DIRECTION('ref_axis',(0.,-1.,0.));
#3734=DIRECTION('center_axis',(0.,0.,-1.));
#3735=DIRECTION('ref_axis',(0.,-1.,0.));
#3736=DIRECTION('center_axis',(0.,0.,-1.));
#3737=DIRECTION('ref_axis',(0.,-1.,0.));
#3738=DIRECTION('center_axis',(0.,0.,-1.));
#3739=DIRECTION('ref_axis',(0.,-1.,0.));
#3740=DIRECTION('center_axis',(0.,0.,-1.));
#3741=DIRECTION('ref_axis',(0.,-1.,0.));
#3742=DIRECTION('',(1.,0.,0.));
#3743=DIRECTION('center_axis',(0.,0.,-1.));
#3744=DIRECTION('ref_axis',(0.,1.,0.));
#3745=DIRECTION('',(-1.,0.,0.));
#3746=DIRECTION('center_axis',(0.,0.,-1.));
#3747=DIRECTION('ref_axis',(0.,-1.,0.));
#3748=DIRECTION('center_axis',(0.,0.,-1.));
#3749=DIRECTION('ref_axis',(0.,-1.,0.));
#3750=DIRECTION('center_axis',(0.,0.,-1.));
#3751=DIRECTION('ref_axis',(0.,-1.,0.));
#3752=DIRECTION('center_axis',(0.,0.,-1.));
#3753=DIRECTION('ref_axis',(0.,-1.,0.));
#3754=DIRECTION('',(1.,0.,0.));
#3755=DIRECTION('center_axis',(0.,0.,-1.));
#3756=DIRECTION('ref_axis',(0.,1.,0.));
#3757=DIRECTION('',(-1.,0.,0.));
#3758=DIRECTION('center_axis',(0.,0.,-1.));
#3759=DIRECTION('ref_axis',(0.,-1.,0.));
#3760=DIRECTION('center_axis',(0.,0.,-1.));
#3761=DIRECTION('ref_axis',(0.,-1.,0.));
#3762=DIRECTION('center_axis',(0.,0.,-1.));
#3763=DIRECTION('ref_axis',(3.5527136788E-14,-1.,0.));
#3764=DIRECTION('center_axis',(0.,0.,-1.));
#3765=DIRECTION('ref_axis',(0.,-1.,0.));
#3766=DIRECTION('center_axis',(0.,0.,-1.));
#3767=DIRECTION('ref_axis',(-3.552713678801E-14,-1.,0.));
#3768=DIRECTION('center_axis',(0.,0.,-1.));
#3769=DIRECTION('ref_axis',(0.,-1.,0.));
#3770=DIRECTION('center_axis',(0.,0.,-1.));
#3771=DIRECTION('ref_axis',(0.,-1.,0.));
#3772=DIRECTION('center_axis',(0.,0.,-1.));
#3773=DIRECTION('ref_axis',(-3.343730521224E-14,-1.,0.));
#3774=DIRECTION('center_axis',(0.,0.,-1.));
#3775=DIRECTION('ref_axis',(0.,-1.,0.));
#3776=DIRECTION('center_axis',(0.,0.,-1.));
#3777=DIRECTION('ref_axis',(0.,-1.,0.));
#3778=DIRECTION('center_axis',(0.,0.,-1.));
#3779=DIRECTION('ref_axis',(3.343730521224E-14,-1.,0.));
#3780=DIRECTION('center_axis',(0.,0.,-1.));
#3781=DIRECTION('ref_axis',(0.,-1.,0.));
#3782=DIRECTION('center_axis',(0.,0.,-1.));
#3783=DIRECTION('ref_axis',(0.,-1.,0.));
#3784=DIRECTION('center_axis',(0.,0.,-1.));
#3785=DIRECTION('ref_axis',(0.,-1.,0.));
#3786=DIRECTION('center_axis',(0.,0.,-1.));
#3787=DIRECTION('ref_axis',(0.,-1.,0.));
#3788=DIRECTION('center_axis',(0.,0.,-1.));
#3789=DIRECTION('ref_axis',(0.,-1.,0.));
#3790=DIRECTION('center_axis',(0.,0.,-1.));
#3791=DIRECTION('ref_axis',(0.,-1.,0.));
#3792=DIRECTION('center_axis',(0.,0.,-1.));
#3793=DIRECTION('ref_axis',(0.,-1.,0.));
#3794=DIRECTION('center_axis',(0.,0.,-1.));
#3795=DIRECTION('ref_axis',(0.,-1.,0.));
#3796=DIRECTION('center_axis',(0.,0.,-1.));
#3797=DIRECTION('ref_axis',(0.,-1.,0.));
#3798=DIRECTION('center_axis',(0.,0.,-1.));
#3799=DIRECTION('ref_axis',(0.,-1.,0.));
#3800=DIRECTION('center_axis',(0.,0.,-1.));
#3801=DIRECTION('ref_axis',(0.,-1.,0.));
#3802=DIRECTION('center_axis',(0.,0.,-1.));
#3803=DIRECTION('ref_axis',(0.,-1.,0.));
#3804=DIRECTION('center_axis',(0.,0.,-1.));
#3805=DIRECTION('ref_axis',(0.,-1.,0.));
#3806=DIRECTION('center_axis',(0.,0.,-1.));
#3807=DIRECTION('ref_axis',(-3.343730521224E-14,-1.,0.));
#3808=DIRECTION('center_axis',(0.,0.,-1.));
#3809=DIRECTION('ref_axis',(0.,-1.,0.));
#3810=DIRECTION('center_axis',(0.,0.,-1.));
#3811=DIRECTION('ref_axis',(0.,-1.,0.));
#3812=DIRECTION('center_axis',(0.,0.,-1.));
#3813=DIRECTION('ref_axis',(3.343730521224E-14,-1.,0.));
#3814=DIRECTION('center_axis',(0.,0.,-1.));
#3815=DIRECTION('ref_axis',(0.,-1.,0.));
#3816=DIRECTION('center_axis',(0.,0.,-1.));
#3817=DIRECTION('ref_axis',(0.,-1.,0.));
#3818=DIRECTION('center_axis',(0.,0.,-1.));
#3819=DIRECTION('ref_axis',(0.,-1.,0.));
#3820=DIRECTION('center_axis',(0.,0.,-1.));
#3821=DIRECTION('ref_axis',(0.,-1.,0.));
#3822=DIRECTION('center_axis',(0.,0.,-1.));
#3823=DIRECTION('ref_axis',(0.,-1.,0.));
#3824=DIRECTION('center_axis',(0.,0.,-1.));
#3825=DIRECTION('ref_axis',(0.,-1.,0.));
#3826=DIRECTION('center_axis',(0.,0.,1.));
#3827=DIRECTION('ref_axis',(1.,0.,0.));
#3828=DIRECTION('',(1.,0.,0.));
#3829=DIRECTION('center_axis',(0.,0.,-1.));
#3830=DIRECTION('ref_axis',(0.,-1.,0.));
#3831=DIRECTION('center_axis',(0.,0.,-1.));
#3832=DIRECTION('ref_axis',(0.,-1.,0.));
#3833=DIRECTION('center_axis',(0.,0.,-1.));
#3834=DIRECTION('ref_axis',(0.,-1.,0.));
#3835=DIRECTION('',(-1.,0.,0.));
#3836=DIRECTION('center_axis',(0.,0.,-1.));
#3837=DIRECTION('ref_axis',(0.,1.,0.));
#3838=DIRECTION('',(1.,0.,0.));
#3839=DIRECTION('center_axis',(0.,0.,-1.));
#3840=DIRECTION('ref_axis',(0.,-1.,0.));
#3841=DIRECTION('center_axis',(0.,0.,-1.));
#3842=DIRECTION('ref_axis',(0.,-1.,0.));
#3843=DIRECTION('',(-1.,0.,0.));
#3844=DIRECTION('center_axis',(0.,0.,-1.));
#3845=DIRECTION('ref_axis',(0.,1.,0.));
#3846=DIRECTION('',(1.,0.,0.));
#3847=DIRECTION('center_axis',(0.,0.,-1.));
#3848=DIRECTION('ref_axis',(0.,-1.,0.));
#3849=DIRECTION('center_axis',(0.,0.,-1.));
#3850=DIRECTION('ref_axis',(0.,-1.,0.));
#3851=DIRECTION('center_axis',(0.,0.,-1.));
#3852=DIRECTION('ref_axis',(0.,-1.,0.));
#3853=DIRECTION('center_axis',(0.,0.,-1.));
#3854=DIRECTION('ref_axis',(0.,-1.,0.));
#3855=DIRECTION('center_axis',(0.,0.,-1.));
#3856=DIRECTION('ref_axis',(0.,-1.,0.));
#3857=DIRECTION('center_axis',(0.,0.,-1.));
#3858=DIRECTION('ref_axis',(0.,-1.,0.));
#3859=DIRECTION('center_axis',(0.,0.,-1.));
#3860=DIRECTION('ref_axis',(0.,-1.,0.));
#3861=DIRECTION('center_axis',(0.,0.,-1.));
#3862=DIRECTION('ref_axis',(0.,-1.,0.));
#3863=DIRECTION('center_axis',(0.,0.,-1.));
#3864=DIRECTION('ref_axis',(3.5527136788E-14,-1.,0.));
#3865=DIRECTION('center_axis',(0.,0.,-1.));
#3866=DIRECTION('ref_axis',(0.,-1.,0.));
#3867=DIRECTION('center_axis',(0.,0.,-1.));
#3868=DIRECTION('ref_axis',(-3.552713678801E-14,-1.,0.));
#3869=DIRECTION('center_axis',(0.,0.,-1.));
#3870=DIRECTION('ref_axis',(0.,-1.,0.));
#3871=DIRECTION('center_axis',(0.,0.,-1.));
#3872=DIRECTION('ref_axis',(0.,-1.,0.));
#3873=DIRECTION('center_axis',(0.,0.,-1.));
#3874=DIRECTION('ref_axis',(0.,-1.,0.));
#3875=DIRECTION('center_axis',(0.,0.,-1.));
#3876=DIRECTION('ref_axis',(0.,-1.,0.));
#3877=DIRECTION('center_axis',(0.,0.,-1.));
#3878=DIRECTION('ref_axis',(0.,-1.,0.));
#3879=DIRECTION('center_axis',(0.,0.,-1.));
#3880=DIRECTION('ref_axis',(0.,-1.,0.));
#3881=DIRECTION('center_axis',(0.,0.,-1.));
#3882=DIRECTION('ref_axis',(0.,-1.,0.));
#3883=DIRECTION('center_axis',(0.,0.,-1.));
#3884=DIRECTION('ref_axis',(0.,-1.,0.));
#3885=DIRECTION('',(-1.,0.,0.));
#3886=DIRECTION('center_axis',(0.,0.,-1.));
#3887=DIRECTION('ref_axis',(0.,1.,0.));
#3888=DIRECTION('',(1.,0.,0.));
#3889=DIRECTION('center_axis',(0.,0.,-1.));
#3890=DIRECTION('ref_axis',(0.,-1.,0.));
#3891=DIRECTION('center_axis',(0.,0.,-1.));
#3892=DIRECTION('ref_axis',(0.,-1.,0.));
#3893=DIRECTION('center_axis',(0.,0.,-1.));
#3894=DIRECTION('ref_axis',(0.,-1.,0.));
#3895=DIRECTION('center_axis',(0.,0.,-1.));
#3896=DIRECTION('ref_axis',(0.,-1.,0.));
#3897=DIRECTION('',(-1.,0.,0.));
#3898=DIRECTION('center_axis',(0.,0.,-1.));
#3899=DIRECTION('ref_axis',(0.,1.,0.));
#3900=DIRECTION('',(1.,0.,0.));
#3901=DIRECTION('center_axis',(0.,0.,-1.));
#3902=DIRECTION('ref_axis',(0.,-1.,0.));
#3903=DIRECTION('center_axis',(0.,0.,-1.));
#3904=DIRECTION('ref_axis',(0.,-1.,0.));
#3905=DIRECTION('center_axis',(0.,0.,-1.));
#3906=DIRECTION('ref_axis',(3.5527136788E-14,-1.,0.));
#3907=DIRECTION('center_axis',(0.,0.,-1.));
#3908=DIRECTION('ref_axis',(0.,-1.,0.));
#3909=DIRECTION('center_axis',(0.,0.,-1.));
#3910=DIRECTION('ref_axis',(-3.552713678801E-14,-1.,0.));
#3911=DIRECTION('center_axis',(0.,0.,-1.));
#3912=DIRECTION('ref_axis',(0.,-1.,0.));
#3913=DIRECTION('center_axis',(0.,0.,-1.));
#3914=DIRECTION('ref_axis',(0.,-1.,0.));
#3915=DIRECTION('center_axis',(0.,0.,-1.));
#3916=DIRECTION('ref_axis',(-3.343730521224E-14,-1.,0.));
#3917=DIRECTION('center_axis',(0.,0.,-1.));
#3918=DIRECTION('ref_axis',(0.,-1.,0.));
#3919=DIRECTION('center_axis',(0.,0.,-1.));
#3920=DIRECTION('ref_axis',(0.,-1.,0.));
#3921=DIRECTION('center_axis',(0.,0.,-1.));
#3922=DIRECTION('ref_axis',(3.343730521224E-14,-1.,0.));
#3923=DIRECTION('center_axis',(0.,0.,-1.));
#3924=DIRECTION('ref_axis',(0.,-1.,0.));
#3925=DIRECTION('center_axis',(0.,0.,-1.));
#3926=DIRECTION('ref_axis',(0.,-1.,0.));
#3927=DIRECTION('center_axis',(0.,0.,-1.));
#3928=DIRECTION('ref_axis',(0.,-1.,0.));
#3929=DIRECTION('center_axis',(0.,0.,-1.));
#3930=DIRECTION('ref_axis',(0.,-1.,0.));
#3931=DIRECTION('center_axis',(0.,0.,-1.));
#3932=DIRECTION('ref_axis',(0.,-1.,0.));
#3933=DIRECTION('center_axis',(0.,0.,-1.));
#3934=DIRECTION('ref_axis',(0.,-1.,0.));
#3935=DIRECTION('center_axis',(0.,0.,-1.));
#3936=DIRECTION('ref_axis',(0.,-1.,0.));
#3937=DIRECTION('center_axis',(0.,0.,-1.));
#3938=DIRECTION('ref_axis',(0.,-1.,0.));
#3939=DIRECTION('center_axis',(0.,0.,-1.));
#3940=DIRECTION('ref_axis',(0.,-1.,0.));
#3941=DIRECTION('center_axis',(0.,0.,-1.));
#3942=DIRECTION('ref_axis',(0.,-1.,0.));
#3943=DIRECTION('center_axis',(0.,0.,-1.));
#3944=DIRECTION('ref_axis',(0.,-1.,0.));
#3945=DIRECTION('center_axis',(0.,0.,-1.));
#3946=DIRECTION('ref_axis',(0.,-1.,0.));
#3947=DIRECTION('center_axis',(0.,0.,-1.));
#3948=DIRECTION('ref_axis',(0.,-1.,0.));
#3949=DIRECTION('center_axis',(0.,0.,-1.));
#3950=DIRECTION('ref_axis',(-3.343730521224E-14,-1.,0.));
#3951=DIRECTION('center_axis',(0.,0.,-1.));
#3952=DIRECTION('ref_axis',(0.,-1.,0.));
#3953=DIRECTION('center_axis',(0.,0.,-1.));
#3954=DIRECTION('ref_axis',(0.,-1.,0.));
#3955=DIRECTION('center_axis',(0.,0.,-1.));
#3956=DIRECTION('ref_axis',(3.343730521224E-14,-1.,0.));
#3957=DIRECTION('center_axis',(0.,0.,-1.));
#3958=DIRECTION('ref_axis',(0.,-1.,0.));
#3959=DIRECTION('center_axis',(0.,0.,-1.));
#3960=DIRECTION('ref_axis',(0.,-1.,0.));
#3961=DIRECTION('center_axis',(0.,0.,-1.));
#3962=DIRECTION('ref_axis',(0.,-1.,0.));
#3963=DIRECTION('center_axis',(0.,0.,-1.));
#3964=DIRECTION('ref_axis',(0.,-1.,0.));
#3965=DIRECTION('center_axis',(0.,0.,-1.));
#3966=DIRECTION('ref_axis',(0.,-1.,0.));
#3967=DIRECTION('center_axis',(0.,0.,-1.));
#3968=DIRECTION('ref_axis',(0.,-1.,0.));
#3969=DIRECTION('center_axis',(0.,1.,0.));
#3970=DIRECTION('ref_axis',(1.,0.,0.));
#3971=DIRECTION('center_axis',(0.,0.,-1.));
#3972=DIRECTION('ref_axis',(0.,-1.,0.));
#3973=DIRECTION('',(0.,0.,-1.));
#3974=DIRECTION('center_axis',(0.,0.,-1.));
#3975=DIRECTION('ref_axis',(0.,-1.,0.));
#3976=DIRECTION('',(0.,0.,-1.));
#3977=DIRECTION('center_axis',(0.,0.,-1.));
#3978=DIRECTION('ref_axis',(0.,-1.,0.));
#3979=DIRECTION('',(0.,0.,1.));
#3980=DIRECTION('',(0.,0.,1.));
#3981=DIRECTION('center_axis',(0.,-1.,0.));
#3982=DIRECTION('ref_axis',(-1.,0.,0.));
#3983=DIRECTION('',(0.,0.,1.));
#3984=DIRECTION('center_axis',(0.,0.,-1.));
#3985=DIRECTION('ref_axis',(0.,1.,0.));
#3986=DIRECTION('',(0.,0.,1.));
#3987=DIRECTION('center_axis',(0.,1.,0.));
#3988=DIRECTION('ref_axis',(1.,0.,0.));
#3989=DIRECTION('center_axis',(0.,0.,-1.));
#3990=DIRECTION('ref_axis',(0.,-1.,0.));
#3991=DIRECTION('',(0.,0.,-1.));
#3992=DIRECTION('center_axis',(0.,0.,-1.));
#3993=DIRECTION('ref_axis',(0.,-1.,0.));
#3994=DIRECTION('',(0.,0.,1.));
#3995=DIRECTION('',(0.,0.,1.));
#3996=DIRECTION('center_axis',(0.,-1.,0.));
#3997=DIRECTION('ref_axis',(-1.,0.,0.));
#3998=DIRECTION('',(0.,0.,1.));
#3999=DIRECTION('center_axis',(0.,0.,-1.));
#4000=DIRECTION('ref_axis',(0.,1.,0.));
#4001=DIRECTION('',(0.,0.,1.));
#4002=DIRECTION('center_axis',(0.,1.,0.));
#4003=DIRECTION('ref_axis',(1.,0.,0.));
#4004=DIRECTION('center_axis',(0.,0.,-1.));
#4005=DIRECTION('ref_axis',(0.,-1.,0.));
#4006=DIRECTION('',(0.,0.,-1.));
#4007=DIRECTION('center_axis',(0.,0.,-1.));
#4008=DIRECTION('ref_axis',(0.,-1.,0.));
#4009=DIRECTION('',(0.,0.,-1.));
#4010=DIRECTION('center_axis',(0.,0.,-1.));
#4011=DIRECTION('ref_axis',(0.,-1.,0.));
#4012=DIRECTION('',(0.,0.,-1.));
#4013=DIRECTION('center_axis',(0.,0.,-1.));
#4014=DIRECTION('ref_axis',(0.,-1.,0.));
#4015=DIRECTION('',(0.,0.,-1.));
#4016=DIRECTION('center_axis',(0.,0.,-1.));
#4017=DIRECTION('ref_axis',(0.,-1.,0.));
#4018=DIRECTION('',(0.,0.,-1.));
#4019=DIRECTION('center_axis',(0.,0.,-1.));
#4020=DIRECTION('ref_axis',(0.,-1.,0.));
#4021=DIRECTION('',(0.,0.,-1.));
#4022=DIRECTION('center_axis',(0.,0.,-1.));
#4023=DIRECTION('ref_axis',(0.,-1.,0.));
#4024=DIRECTION('',(0.,0.,-1.));
#4025=DIRECTION('center_axis',(0.,0.,-1.));
#4026=DIRECTION('ref_axis',(0.,-1.,0.));
#4027=DIRECTION('',(0.,0.,-1.));
#4028=DIRECTION('center_axis',(0.,0.,-1.));
#4029=DIRECTION('ref_axis',(3.5527136788E-14,-1.,0.));
#4030=DIRECTION('',(0.,0.,-1.));
#4031=DIRECTION('center_axis',(0.,0.,-1.));
#4032=DIRECTION('ref_axis',(0.,-1.,0.));
#4033=DIRECTION('',(0.,0.,-1.));
#4034=DIRECTION('center_axis',(0.,0.,-1.));
#4035=DIRECTION('ref_axis',(-3.552713678801E-14,-1.,0.));
#4036=DIRECTION('',(0.,0.,-1.));
#4037=DIRECTION('center_axis',(0.,0.,-1.));
#4038=DIRECTION('ref_axis',(0.,-1.,0.));
#4039=DIRECTION('',(0.,0.,-1.));
#4040=DIRECTION('center_axis',(0.,0.,-1.));
#4041=DIRECTION('ref_axis',(0.,-1.,0.));
#4042=DIRECTION('',(0.,0.,-1.));
#4043=DIRECTION('center_axis',(0.,0.,-1.));
#4044=DIRECTION('ref_axis',(0.,-1.,0.));
#4045=DIRECTION('',(0.,0.,-1.));
#4046=DIRECTION('center_axis',(0.,0.,-1.));
#4047=DIRECTION('ref_axis',(0.,-1.,0.));
#4048=DIRECTION('',(0.,0.,-1.));
#4049=DIRECTION('center_axis',(0.,0.,-1.));
#4050=DIRECTION('ref_axis',(0.,-1.,0.));
#4051=DIRECTION('',(0.,0.,-1.));
#4052=DIRECTION('center_axis',(0.,0.,-1.));
#4053=DIRECTION('ref_axis',(0.,-1.,0.));
#4054=DIRECTION('',(0.,0.,-1.));
#4055=DIRECTION('center_axis',(0.,0.,-1.));
#4056=DIRECTION('ref_axis',(0.,-1.,0.));
#4057=DIRECTION('',(0.,0.,-1.));
#4058=DIRECTION('center_axis',(0.,0.,-1.));
#4059=DIRECTION('ref_axis',(0.,-1.,0.));
#4060=DIRECTION('',(0.,0.,1.));
#4061=DIRECTION('',(0.,0.,1.));
#4062=DIRECTION('center_axis',(0.,-1.,0.));
#4063=DIRECTION('ref_axis',(-1.,0.,0.));
#4064=DIRECTION('',(0.,0.,1.));
#4065=DIRECTION('center_axis',(0.,0.,-1.));
#4066=DIRECTION('ref_axis',(0.,1.,0.));
#4067=DIRECTION('',(0.,0.,1.));
#4068=DIRECTION('center_axis',(0.,1.,0.));
#4069=DIRECTION('ref_axis',(1.,0.,0.));
#4070=DIRECTION('center_axis',(0.,0.,-1.));
#4071=DIRECTION('ref_axis',(0.,-1.,0.));
#4072=DIRECTION('',(0.,0.,-1.));
#4073=DIRECTION('center_axis',(0.,0.,-1.));
#4074=DIRECTION('ref_axis',(0.,-1.,0.));
#4075=DIRECTION('',(0.,0.,-1.));
#4076=DIRECTION('center_axis',(0.,0.,-1.));
#4077=DIRECTION('ref_axis',(0.,-1.,0.));
#4078=DIRECTION('',(0.,0.,-1.));
#4079=DIRECTION('center_axis',(0.,0.,-1.));
#4080=DIRECTION('ref_axis',(0.,-1.,0.));
#4081=DIRECTION('',(0.,0.,1.));
#4082=DIRECTION('',(0.,0.,1.));
#4083=DIRECTION('center_axis',(0.,-1.,0.));
#4084=DIRECTION('ref_axis',(-1.,0.,0.));
#4085=DIRECTION('',(0.,0.,1.));
#4086=DIRECTION('center_axis',(0.,0.,-1.));
#4087=DIRECTION('ref_axis',(0.,1.,0.));
#4088=DIRECTION('',(0.,0.,1.));
#4089=DIRECTION('center_axis',(0.,1.,0.));
#4090=DIRECTION('ref_axis',(1.,0.,0.));
#4091=DIRECTION('center_axis',(0.,0.,-1.));
#4092=DIRECTION('ref_axis',(0.,-1.,0.));
#4093=DIRECTION('',(0.,0.,-1.));
#4094=DIRECTION('center_axis',(0.,0.,-1.));
#4095=DIRECTION('ref_axis',(0.,-1.,0.));
#4096=DIRECTION('',(0.,0.,-1.));
#4097=DIRECTION('center_axis',(0.,0.,-1.));
#4098=DIRECTION('ref_axis',(3.5527136788E-14,-1.,0.));
#4099=DIRECTION('',(0.,0.,-1.));
#4100=DIRECTION('center_axis',(0.,0.,-1.));
#4101=DIRECTION('ref_axis',(0.,-1.,0.));
#4102=DIRECTION('',(0.,0.,-1.));
#4103=DIRECTION('center_axis',(0.,0.,-1.));
#4104=DIRECTION('ref_axis',(-3.552713678801E-14,-1.,0.));
#4105=DIRECTION('',(0.,0.,-1.));
#4106=DIRECTION('center_axis',(0.,0.,-1.));
#4107=DIRECTION('ref_axis',(0.,-1.,0.));
#4108=DIRECTION('',(0.,0.,-1.));
#4109=DIRECTION('center_axis',(0.,0.,-1.));
#4110=DIRECTION('ref_axis',(0.,-1.,0.));
#4111=DIRECTION('',(0.,0.,-1.));
#4112=DIRECTION('center_axis',(0.,0.,-1.));
#4113=DIRECTION('ref_axis',(-3.343730521224E-14,-1.,0.));
#4114=DIRECTION('',(0.,0.,-1.));
#4115=DIRECTION('center_axis',(0.,0.,-1.));
#4116=DIRECTION('ref_axis',(0.,-1.,0.));
#4117=DIRECTION('',(0.,0.,-1.));
#4118=DIRECTION('center_axis',(0.,0.,-1.));
#4119=DIRECTION('ref_axis',(0.,-1.,0.));
#4120=DIRECTION('',(0.,0.,-1.));
#4121=DIRECTION('center_axis',(0.,0.,-1.));
#4122=DIRECTION('ref_axis',(3.343730521224E-14,-1.,0.));
#4123=DIRECTION('',(0.,0.,-1.));
#4124=DIRECTION('center_axis',(0.,0.,-1.));
#4125=DIRECTION('ref_axis',(0.,-1.,0.));
#4126=DIRECTION('',(0.,0.,-1.));
#4127=DIRECTION('center_axis',(0.,0.,-1.));
#4128=DIRECTION('ref_axis',(0.,-1.,0.));
#4129=DIRECTION('',(0.,0.,-1.));
#4130=DIRECTION('center_axis',(0.,0.,-1.));
#4131=DIRECTION('ref_axis',(0.,-1.,0.));
#4132=DIRECTION('',(0.,0.,-1.));
#4133=DIRECTION('center_axis',(0.,0.,-1.));
#4134=DIRECTION('ref_axis',(0.,-1.,0.));
#4135=DIRECTION('',(0.,0.,-1.));
#4136=DIRECTION('center_axis',(0.,0.,-1.));
#4137=DIRECTION('ref_axis',(0.,-1.,0.));
#4138=DIRECTION('',(0.,0.,-1.));
#4139=DIRECTION('center_axis',(0.,0.,-1.));
#4140=DIRECTION('ref_axis',(0.,-1.,0.));
#4141=DIRECTION('',(0.,0.,-1.));
#4142=DIRECTION('center_axis',(0.,0.,-1.));
#4143=DIRECTION('ref_axis',(0.,-1.,0.));
#4144=DIRECTION('',(0.,0.,-1.));
#4145=DIRECTION('center_axis',(0.,0.,-1.));
#4146=DIRECTION('ref_axis',(0.,-1.,0.));
#4147=DIRECTION('',(0.,0.,-1.));
#4148=DIRECTION('center_axis',(0.,0.,-1.));
#4149=DIRECTION('ref_axis',(0.,-1.,0.));
#4150=DIRECTION('',(0.,0.,-1.));
#4151=DIRECTION('center_axis',(0.,0.,-1.));
#4152=DIRECTION('ref_axis',(0.,-1.,0.));
#4153=DIRECTION('',(0.,0.,-1.));
#4154=DIRECTION('center_axis',(0.,0.,-1.));
#4155=DIRECTION('ref_axis',(0.,-1.,0.));
#4156=DIRECTION('',(0.,0.,-1.));
#4157=DIRECTION('center_axis',(0.,0.,-1.));
#4158=DIRECTION('ref_axis',(0.,-1.,0.));
#4159=DIRECTION('',(0.,0.,-1.));
#4160=DIRECTION('center_axis',(0.,0.,-1.));
#4161=DIRECTION('ref_axis',(0.,-1.,0.));
#4162=DIRECTION('',(0.,0.,-1.));
#4163=DIRECTION('center_axis',(0.,0.,-1.));
#4164=DIRECTION('ref_axis',(-3.343730521224E-14,-1.,0.));
#4165=DIRECTION('',(0.,0.,-1.));
#4166=DIRECTION('center_axis',(0.,0.,-1.));
#4167=DIRECTION('ref_axis',(0.,-1.,0.));
#4168=DIRECTION('',(0.,0.,-1.));
#4169=DIRECTION('center_axis',(0.,0.,-1.));
#4170=DIRECTION('ref_axis',(0.,-1.,0.));
#4171=DIRECTION('',(0.,0.,-1.));
#4172=DIRECTION('center_axis',(0.,0.,-1.));
#4173=DIRECTION('ref_axis',(3.343730521224E-14,-1.,0.));
#4174=DIRECTION('',(0.,0.,-1.));
#4175=DIRECTION('center_axis',(0.,0.,-1.));
#4176=DIRECTION('ref_axis',(0.,-1.,0.));
#4177=DIRECTION('',(0.,0.,-1.));
#4178=DIRECTION('center_axis',(0.,0.,-1.));
#4179=DIRECTION('ref_axis',(0.,-1.,0.));
#4180=DIRECTION('',(0.,0.,-1.));
#4181=DIRECTION('center_axis',(0.,0.,-1.));
#4182=DIRECTION('ref_axis',(0.,-1.,0.));
#4183=DIRECTION('',(0.,0.,-1.));
#4184=DIRECTION('center_axis',(0.,0.,-1.));
#4185=DIRECTION('ref_axis',(0.,-1.,0.));
#4186=DIRECTION('',(0.,0.,-1.));
#4187=DIRECTION('center_axis',(0.,0.,-1.));
#4188=DIRECTION('ref_axis',(0.,-1.,0.));
#4189=DIRECTION('',(0.,0.,-1.));
#4190=DIRECTION('center_axis',(0.,0.,-1.));
#4191=DIRECTION('ref_axis',(0.,-1.,0.));
#4192=DIRECTION('',(0.,0.,-1.));
#4193=DIRECTION('',(0.,0.,1.));
#4194=DIRECTION('',(1.,0.,0.));
#4195=DIRECTION('center_axis',(0.,0.,-1.));
#4196=DIRECTION('ref_axis',(-1.,0.,0.));
#4197=DIRECTION('center_axis',(0.,0.,-1.));
#4198=DIRECTION('ref_axis',(-1.,0.,0.));
#4199=DIRECTION('',(0.,0.,-1.));
#4200=DIRECTION('center_axis',(0.,0.,-1.));
#4201=DIRECTION('ref_axis',(-1.,0.,0.));
#4202=DIRECTION('center_axis',(0.,0.,1.));
#4203=DIRECTION('ref_axis',(-1.,0.,0.));
#4204=DIRECTION('center_axis',(0.,0.,1.));
#4205=DIRECTION('ref_axis',(-1.,0.,0.));
#4206=DIRECTION('center_axis',(0.,0.,-1.));
#4207=DIRECTION('ref_axis',(-1.,0.,0.));
#4208=DIRECTION('center_axis',(0.,0.,-1.));
#4209=DIRECTION('ref_axis',(-1.,0.,0.));
#4210=DIRECTION('',(0.,0.,-1.));
#4211=DIRECTION('center_axis',(0.,0.,-1.));
#4212=DIRECTION('ref_axis',(-1.,0.,0.));
#4213=DIRECTION('center_axis',(0.,0.,1.));
#4214=DIRECTION('ref_axis',(-1.,0.,0.));
#4215=DIRECTION('center_axis',(0.,0.,1.));
#4216=DIRECTION('ref_axis',(-1.,0.,0.));
#4217=DIRECTION('center_axis',(0.,0.,-1.));
#4218=DIRECTION('ref_axis',(-1.,0.,0.));
#4219=DIRECTION('center_axis',(0.,0.,-1.));
#4220=DIRECTION('ref_axis',(-1.,0.,0.));
#4221=DIRECTION('',(0.,0.,-1.));
#4222=DIRECTION('center_axis',(0.,0.,-1.));
#4223=DIRECTION('ref_axis',(-1.,0.,0.));
#4224=DIRECTION('center_axis',(0.,0.,1.));
#4225=DIRECTION('ref_axis',(-1.,0.,0.));
#4226=DIRECTION('center_axis',(0.,0.,1.));
#4227=DIRECTION('ref_axis',(-1.,0.,0.));
#4228=DIRECTION('center_axis',(0.,0.,-1.));
#4229=DIRECTION('ref_axis',(-1.,0.,0.));
#4230=DIRECTION('center_axis',(0.,0.,-1.));
#4231=DIRECTION('ref_axis',(-1.,0.,0.));
#4232=DIRECTION('',(0.,0.,-1.));
#4233=DIRECTION('center_axis',(0.,0.,-1.));
#4234=DIRECTION('ref_axis',(-1.,0.,0.));
#4235=DIRECTION('center_axis',(0.,0.,1.));
#4236=DIRECTION('ref_axis',(-1.,0.,0.));
#4237=DIRECTION('center_axis',(0.,0.,1.));
#4238=DIRECTION('ref_axis',(-1.,0.,0.));
#4239=DIRECTION('center_axis',(0.,0.,1.));
#4240=DIRECTION('ref_axis',(-1.,0.,0.));
#4241=DIRECTION('center_axis',(0.,0.,1.));
#4242=DIRECTION('ref_axis',(-1.,0.,0.));
#4243=DIRECTION('center_axis',(0.,0.,1.));
#4244=DIRECTION('ref_axis',(-1.,0.,0.));
#4245=DIRECTION('center_axis',(0.,0.,1.));
#4246=DIRECTION('ref_axis',(-1.,0.,0.));
#4247=DIRECTION('center_axis',(0.,0.,1.));
#4248=DIRECTION('ref_axis',(-1.,0.,0.));
#4249=DIRECTION('center_axis',(0.,0.,1.));
#4250=DIRECTION('ref_axis',(-1.,0.,0.));
#4251=DIRECTION('',(0.,0.,1.));
#4252=DIRECTION('center_axis',(0.,0.,1.));
#4253=DIRECTION('ref_axis',(-1.,0.,0.));
#4254=DIRECTION('center_axis',(0.,0.,1.));
#4255=DIRECTION('ref_axis',(-1.,0.,0.));
#4256=DIRECTION('center_axis',(0.,0.,1.));
#4257=DIRECTION('ref_axis',(-1.,0.,0.));
#4258=DIRECTION('center_axis',(0.,0.,1.));
#4259=DIRECTION('ref_axis',(-1.,0.,0.));
#4260=DIRECTION('',(0.,0.,1.));
#4261=DIRECTION('center_axis',(0.,0.,1.));
#4262=DIRECTION('ref_axis',(-1.,0.,0.));
#4263=DIRECTION('center_axis',(0.,0.,1.));
#4264=DIRECTION('ref_axis',(-1.,0.,0.));
#4265=DIRECTION('center_axis',(0.,0.,1.));
#4266=DIRECTION('ref_axis',(-1.,0.,0.));
#4267=DIRECTION('center_axis',(0.,0.,1.));
#4268=DIRECTION('ref_axis',(-1.,0.,0.));
#4269=DIRECTION('',(0.,0.,1.));
#4270=DIRECTION('center_axis',(0.,0.,1.));
#4271=DIRECTION('ref_axis',(-1.,0.,0.));
#4272=DIRECTION('center_axis',(0.,0.,1.));
#4273=DIRECTION('ref_axis',(-1.,0.,0.));
#4274=DIRECTION('center_axis',(0.,0.,1.));
#4275=DIRECTION('ref_axis',(-1.,0.,0.));
#4276=DIRECTION('center_axis',(0.,0.,1.));
#4277=DIRECTION('ref_axis',(-1.,0.,0.));
#4278=DIRECTION('',(0.,0.,1.));
#4279=DIRECTION('center_axis',(0.,0.,1.));
#4280=DIRECTION('ref_axis',(-1.,0.,0.));
#4281=DIRECTION('center_axis',(0.,0.,1.));
#4282=DIRECTION('ref_axis',(-1.,0.,0.));
#4283=DIRECTION('',(0.,1.,0.));
#4284=DIRECTION('center_axis',(0.,0.,1.));
#4285=DIRECTION('ref_axis',(-1.,0.,0.));
#4286=DIRECTION('center_axis',(0.,0.,1.));
#4287=DIRECTION('ref_axis',(-1.,0.,0.));
#4288=DIRECTION('',(0.,1.,0.));
#4289=DIRECTION('center_axis',(0.,0.,1.));
#4290=DIRECTION('ref_axis',(-1.,0.,0.));
#4291=DIRECTION('',(-1.,0.,0.));
#4292=DIRECTION('',(0.,1.,0.));
#4293=DIRECTION('center_axis',(0.,0.,1.));
#4294=DIRECTION('ref_axis',(-1.,0.,0.));
#4295=DIRECTION('center_axis',(0.,0.,1.));
#4296=DIRECTION('ref_axis',(-1.,0.,0.));
#4297=DIRECTION('center_axis',(0.,0.,1.));
#4298=DIRECTION('ref_axis',(-1.,0.,0.));
#4299=DIRECTION('center_axis',(0.,0.,1.));
#4300=DIRECTION('ref_axis',(-1.,0.,0.));
#4301=DIRECTION('',(-1.,0.,0.));
#4302=DIRECTION('center_axis',(0.,0.,1.));
#4303=DIRECTION('ref_axis',(-1.,0.,0.));
#4304=DIRECTION('center_axis',(0.,0.,1.));
#4305=DIRECTION('ref_axis',(1.,0.,0.));
#4306=DIRECTION('',(0.,1.,0.));
#4307=DIRECTION('',(1.,0.,0.));
#4308=DIRECTION('',(0.,-1.,0.));
#4309=DIRECTION('',(-1.,0.,0.));
#4310=DIRECTION('center_axis',(0.,0.,1.));
#4311=DIRECTION('ref_axis',(-1.,0.,0.));
#4312=DIRECTION('',(0.,-1.,0.));
#4313=DIRECTION('center_axis',(0.,0.,1.));
#4314=DIRECTION('ref_axis',(-1.,0.,0.));
#4315=DIRECTION('center_axis',(0.,0.,1.));
#4316=DIRECTION('ref_axis',(-1.,0.,0.));
#4317=DIRECTION('',(0.,-1.,0.));
#4318=DIRECTION('',(1.,0.,0.));
#4319=DIRECTION('',(0.,1.,0.));
#4320=DIRECTION('',(0.,1.,0.));
#4321=DIRECTION('',(-1.,0.,0.));
#4322=DIRECTION('center_axis',(0.,0.,1.));
#4323=DIRECTION('ref_axis',(1.,0.,0.));
#4324=DIRECTION('center_axis',(0.,0.,1.));
#4325=DIRECTION('ref_axis',(-1.,0.,0.));
#4326=DIRECTION('center_axis',(0.,0.,-1.));
#4327=DIRECTION('ref_axis',(1.,1.22464679914735E-16,0.));
#4328=DIRECTION('',(0.,0.,1.));
#4329=DIRECTION('center_axis',(0.,0.,1.));
#4330=DIRECTION('ref_axis',(-1.,0.,0.));
#4331=DIRECTION('',(0.,0.,-1.));
#4332=DIRECTION('center_axis',(0.,0.,-1.));
#4333=DIRECTION('ref_axis',(0.707104284023044,0.707109278341232,0.));
#4334=DIRECTION('',(0.,0.,1.));
#4335=DIRECTION('center_axis',(0.,0.,1.));
#4336=DIRECTION('ref_axis',(-1.,0.,0.));
#4337=DIRECTION('',(0.,0.,-1.));
#4338=DIRECTION('center_axis',(0.,0.,-1.));
#4339=DIRECTION('ref_axis',(-1.,0.,0.));
#4340=DIRECTION('',(0.,0.,1.));
#4341=DIRECTION('center_axis',(0.,0.,1.));
#4342=DIRECTION('ref_axis',(-1.,0.,0.));
#4343=DIRECTION('',(0.,0.,-1.));
#4344=DIRECTION('center_axis',(0.,0.,-1.));
#4345=DIRECTION('ref_axis',(-1.,0.,0.));
#4346=DIRECTION('',(0.,0.,1.));
#4347=DIRECTION('center_axis',(0.,0.,1.));
#4348=DIRECTION('ref_axis',(-1.,0.,0.));
#4349=DIRECTION('',(0.,0.,-1.));
#4350=DIRECTION('center_axis',(-1.,0.,0.));
#4351=DIRECTION('ref_axis',(0.,1.,0.));
#4352=DIRECTION('',(0.,0.,-1.));
#4353=DIRECTION('',(0.,1.,0.));
#4354=DIRECTION('center_axis',(0.,0.,-1.));
#4355=DIRECTION('ref_axis',(-1.,0.,0.));
#4356=DIRECTION('',(1.,0.,0.));
#4357=DIRECTION('',(0.,-1.,0.));
#4358=DIRECTION('',(0.,-1.,0.));
#4359=DIRECTION('',(-1.,0.,0.));
#4360=DIRECTION('',(0.,1.,0.));
#4361=DIRECTION('',(-1.,0.,0.));
#4362=DIRECTION('',(0.,-1.,0.));
#4363=DIRECTION('',(-1.,0.,0.));
#4364=DIRECTION('',(0.,-1.,0.));
#4365=DIRECTION('',(1.,0.,0.));
#4366=DIRECTION('',(0.,1.,0.));
#4367=DIRECTION('',(-1.,0.,0.));
#4368=DIRECTION('',(0.,1.,0.));
#4369=DIRECTION('',(1.,0.,0.));
#4370=DIRECTION('',(0.,1.,0.));
#4371=DIRECTION('',(-1.,0.,0.));
#4372=DIRECTION('',(0.,-1.,0.));
#4373=DIRECTION('center_axis',(1.,0.,0.));
#4374=DIRECTION('ref_axis',(0.,-1.,0.));
#4375=DIRECTION('center_axis',(0.,1.,0.));
#4376=DIRECTION('ref_axis',(1.,0.,0.));
#4377=DIRECTION('',(0.,0.,-1.));
#4378=DIRECTION('',(1.,0.,0.));
#4379=DIRECTION('',(0.,0.,-1.));
#4380=DIRECTION('center_axis',(-1.,0.,0.));
#4381=DIRECTION('ref_axis',(0.,1.,0.));
#4382=DIRECTION('',(0.,1.,0.));
#4383=DIRECTION('',(0.,0.,1.));
#4384=DIRECTION('center_axis',(1.,0.,0.));
#4385=DIRECTION('ref_axis',(0.,-1.,0.));
#4386=DIRECTION('',(0.,0.,1.));
#4387=DIRECTION('',(0.,0.,-1.));
#4388=DIRECTION('',(0.,-1.,0.));
#4389=DIRECTION('center_axis',(0.,1.,0.));
#4390=DIRECTION('ref_axis',(-1.,0.,0.));
#4391=DIRECTION('',(1.,0.,0.));
#4392=DIRECTION('',(0.,0.,1.));
#4393=DIRECTION('center_axis',(0.,-1.,0.));
#4394=DIRECTION('ref_axis',(1.,0.,0.));
#4395=DIRECTION('',(-1.,0.,0.));
#4396=DIRECTION('',(0.,0.,1.));
#4397=DIRECTION('center_axis',(0.,-1.,0.));
#4398=DIRECTION('ref_axis',(1.,0.,0.));
#4399=DIRECTION('',(0.,0.,1.));
#4400=DIRECTION('',(0.,0.,1.));
#4401=DIRECTION('',(-1.,0.,0.));
#4402=DIRECTION('center_axis',(1.,0.,0.));
#4403=DIRECTION('ref_axis',(0.,1.,0.));
#4404=DIRECTION('',(0.,-1.,0.));
#4405=DIRECTION('',(0.,0.,1.));
#4406=DIRECTION('center_axis',(-1.,0.,0.));
#4407=DIRECTION('ref_axis',(0.,-1.,0.));
#4408=DIRECTION('',(0.,0.,1.));
#4409=DIRECTION('',(0.,1.,0.));
#4410=DIRECTION('center_axis',(0.,1.,0.));
#4411=DIRECTION('ref_axis',(-1.,0.,0.));
#4412=DIRECTION('',(1.,0.,0.));
#4413=DIRECTION('',(0.,0.,1.));
#4414=DIRECTION('center_axis',(1.,0.,0.));
#4415=DIRECTION('ref_axis',(0.,1.,0.));
#4416=DIRECTION('',(0.,-1.,0.));
#4417=DIRECTION('center_axis',(0.,1.,0.));
#4418=DIRECTION('ref_axis',(-1.,0.,0.));
#4419=DIRECTION('',(1.,0.,0.));
#4420=DIRECTION('center_axis',(-1.,0.,0.));
#4421=DIRECTION('ref_axis',(0.,-1.,0.));
#4422=DIRECTION('',(0.,1.,0.));
#4423=DIRECTION('center_axis',(0.,-1.,0.));
#4424=DIRECTION('ref_axis',(1.,0.,0.));
#4425=DIRECTION('',(0.,0.,1.));
#4426=DIRECTION('',(1.,0.,0.));
#4427=DIRECTION('',(0.,0.,1.));
#4428=DIRECTION('center_axis',(-1.,0.,0.));
#4429=DIRECTION('ref_axis',(0.,-1.,0.));
#4430=DIRECTION('',(0.,-1.,0.));
#4431=DIRECTION('',(0.,0.,1.));
#4432=DIRECTION('center_axis',(0.,1.,0.));
#4433=DIRECTION('ref_axis',(-1.,0.,0.));
#4434=DIRECTION('',(-1.,0.,0.));
#4435=DIRECTION('',(0.,0.,1.));
#4436=DIRECTION('center_axis',(1.,0.,0.));
#4437=DIRECTION('ref_axis',(0.,1.,0.));
#4438=DIRECTION('',(0.,1.,0.));
#4439=DIRECTION('center_axis',(0.,0.,1.));
#4440=DIRECTION('ref_axis',(1.,0.,0.));
#4441=DIRECTION('center_axis',(1.,0.,0.));
#4442=DIRECTION('ref_axis',(0.,-1.,0.));
#4443=DIRECTION('',(0.,0.,-1.));
#4444=DIRECTION('center_axis',(0.,1.,0.));
#4445=DIRECTION('ref_axis',(1.,0.,0.));
#4446=DIRECTION('center_axis',(-1.,0.,0.));
#4447=DIRECTION('ref_axis',(0.,1.,0.));
#4448=DIRECTION('center_axis',(0.,-1.,0.));
#4449=DIRECTION('ref_axis',(-1.,0.,0.));
#4450=DIRECTION('center_axis',(0.,0.,1.));
#4451=DIRECTION('ref_axis',(1.,0.,0.));
#4452=DIRECTION('',(-1.,0.,0.));
#4453=DIRECTION('',(0.,1.,0.));
#4454=DIRECTION('',(1.,0.,0.));
#4455=DIRECTION('',(0.,1.,0.));
#4456=DIRECTION('center_axis',(-1.,0.,0.));
#4457=DIRECTION('ref_axis',(0.,0.,1.));
#4458=DIRECTION('',(0.,0.,-1.));
#4459=DIRECTION('',(0.,0.,1.));
#4460=DIRECTION('',(0.,1.,0.));
#4461=DIRECTION('center_axis',(0.,0.,-1.));
#4462=DIRECTION('ref_axis',(-1.,0.,0.));
#4463=DIRECTION('',(1.,0.,0.));
#4464=DIRECTION('',(-1.,0.,0.));
#4465=DIRECTION('',(0.,1.,0.));
#4466=DIRECTION('center_axis',(1.,0.,0.));
#4467=DIRECTION('ref_axis',(0.,0.,-1.));
#4468=DIRECTION('',(0.,0.,1.));
#4469=DIRECTION('',(0.,0.,-1.));
#4470=DIRECTION('center_axis',(0.,0.,-1.));
#4471=DIRECTION('ref_axis',(-1.,0.,0.));
#4472=DIRECTION('center_axis',(0.,0.,-1.));
#4473=DIRECTION('ref_axis',(-1.,0.,0.));
#4474=DIRECTION('',(0.,0.,-1.));
#4475=DIRECTION('center_axis',(0.,0.,-1.));
#4476=DIRECTION('ref_axis',(-1.,0.,0.));
#4477=DIRECTION('center_axis',(0.,0.,1.));
#4478=DIRECTION('ref_axis',(-1.,0.,0.));
#4479=DIRECTION('center_axis',(0.,0.,-1.));
#4480=DIRECTION('ref_axis',(-1.,0.,0.));
#4481=DIRECTION('center_axis',(0.,0.,-1.));
#4482=DIRECTION('ref_axis',(-1.,0.,0.));
#4483=DIRECTION('',(0.,0.,-1.));
#4484=DIRECTION('center_axis',(0.,0.,-1.));
#4485=DIRECTION('ref_axis',(-1.,0.,0.));
#4486=DIRECTION('center_axis',(0.,0.,1.));
#4487=DIRECTION('ref_axis',(-1.,0.,0.));
#4488=DIRECTION('center_axis',(0.,0.,-1.));
#4489=DIRECTION('ref_axis',(1.,0.,0.));
#4490=DIRECTION('center_axis',(0.,0.,1.));
#4491=DIRECTION('ref_axis',(1.,0.,0.));
#4492=DIRECTION('center_axis',(0.,0.,-1.));
#4493=DIRECTION('ref_axis',(1.,0.,0.));
#4494=DIRECTION('center_axis',(0.,0.,1.));
#4495=DIRECTION('ref_axis',(1.,0.,0.));
#4496=DIRECTION('center_axis',(0.,0.,-1.));
#4497=DIRECTION('ref_axis',(1.,0.,0.));
#4498=DIRECTION('center_axis',(0.,0.,-1.));
#4499=DIRECTION('ref_axis',(1.,0.,0.));
#4500=DIRECTION('',(0.,0.,1.));
#4501=DIRECTION('center_axis',(0.,0.,-1.));
#4502=DIRECTION('ref_axis',(1.,0.,0.));
#4503=DIRECTION('center_axis',(0.,0.,-1.));
#4504=DIRECTION('ref_axis',(1.,0.,0.));
#4505=DIRECTION('',(0.,0.,1.));
#4506=DIRECTION('center_axis',(0.,0.,1.));
#4507=DIRECTION('ref_axis',(-1.,0.,0.));
#4508=DIRECTION('center_axis',(0.,0.,1.));
#4509=DIRECTION('ref_axis',(-1.,0.,0.));
#4510=DIRECTION('',(0.,-1.,0.));
#4511=DIRECTION('',(1.,0.,0.));
#4512=DIRECTION('center_axis',(0.,0.,-1.));
#4513=DIRECTION('ref_axis',(-1.,0.,0.));
#4514=DIRECTION('center_axis',(0.,-1.,0.));
#4515=DIRECTION('ref_axis',(1.,0.,0.));
#4516=DIRECTION('',(0.,0.,1.));
#4517=DIRECTION('',(0.,0.,-1.));
#4518=DIRECTION('',(1.,0.,0.));
#4519=DIRECTION('',(0.,0.,-1.));
#4520=DIRECTION('',(1.,0.,0.));
#4521=DIRECTION('',(0.,0.,-1.));
#4522=DIRECTION('',(1.,0.,0.));
#4523=DIRECTION('center_axis',(0.,0.,1.));
#4524=DIRECTION('ref_axis',(-1.,0.,0.));
#4525=DIRECTION('',(0.,-1.,0.));
#4526=DIRECTION('center_axis',(0.,0.,1.));
#4527=DIRECTION('ref_axis',(-1.,0.,0.));
#4528=DIRECTION('',(-1.,0.,0.));
#4529=DIRECTION('center_axis',(0.,0.,-1.));
#4530=DIRECTION('ref_axis',(-1.,0.,0.));
#4531=DIRECTION('center_axis',(-1.,0.,0.));
#4532=DIRECTION('ref_axis',(0.,-1.,0.));
#4533=DIRECTION('',(0.,0.,-1.));
#4534=DIRECTION('',(0.,-1.,0.));
#4535=DIRECTION('',(0.,0.,1.));
#4536=DIRECTION('',(0.,0.,1.));
#4537=DIRECTION('',(0.,-1.,0.));
#4538=DIRECTION('center_axis',(0.,1.,0.));
#4539=DIRECTION('ref_axis',(-1.,0.,0.));
#4540=DIRECTION('',(0.,0.,-1.));
#4541=DIRECTION('',(-1.,0.,0.));
#4542=DIRECTION('',(0.,0.,1.));
#4543=DIRECTION('',(-1.,0.,0.));
#4544=DIRECTION('',(0.,0.,-1.));
#4545=DIRECTION('',(-1.,0.,0.));
#4546=DIRECTION('center_axis',(0.,0.,1.));
#4547=DIRECTION('ref_axis',(-1.,0.,0.));
#4548=DIRECTION('center_axis',(0.,0.,1.));
#4549=DIRECTION('ref_axis',(-1.,0.,0.));
#4550=DIRECTION('',(0.,1.,0.));
#4551=DIRECTION('center_axis',(0.,0.,-1.));
#4552=DIRECTION('ref_axis',(-1.,0.,0.));
#4553=DIRECTION('center_axis',(1.,0.,0.));
#4554=DIRECTION('ref_axis',(0.,1.,0.));
#4555=DIRECTION('',(0.,0.,-1.));
#4556=DIRECTION('',(0.,1.,0.));
#4557=DIRECTION('',(0.,0.,1.));
#4558=DIRECTION('',(0.,1.,0.));
#4559=DIRECTION('',(0.,1.,0.));
#4560=DIRECTION('center_axis',(0.,0.,1.));
#4561=DIRECTION('ref_axis',(-1.,0.,0.));
#4562=DIRECTION('center_axis',(0.,0.,1.));
#4563=DIRECTION('ref_axis',(-1.,0.,0.));
#4564=DIRECTION('center_axis',(0.,0.,-1.));
#4565=DIRECTION('ref_axis',(-1.,0.,0.));
#4566=DIRECTION('center_axis',(0.,0.,1.));
#4567=DIRECTION('ref_axis',(1.,0.,0.));
#4568=DIRECTION('',(0.,1.,0.));
#4569=DIRECTION('',(-1.,0.,0.));
#4570=DIRECTION('',(0.,-1.,0.));
#4571=DIRECTION('',(1.,0.,0.));
#4572=DIRECTION('center_axis',(0.,0.,-1.));
#4573=DIRECTION('ref_axis',(-1.,0.,0.));
#4574=DIRECTION('',(0.,0.,-1.));
#4575=DIRECTION('center_axis',(0.,0.,-1.));
#4576=DIRECTION('ref_axis',(-1.,0.,0.));
#4577=DIRECTION('center_axis',(0.,0.,1.));
#4578=DIRECTION('ref_axis',(-1.,0.,0.));
#4579=DIRECTION('center_axis',(0.,0.,-1.));
#4580=DIRECTION('ref_axis',(-1.,0.,0.));
#4581=DIRECTION('',(0.,0.,-1.));
#4582=DIRECTION('center_axis',(0.,0.,-1.));
#4583=DIRECTION('ref_axis',(-1.,0.,0.));
#4584=DIRECTION('center_axis',(0.,0.,1.));
#4585=DIRECTION('ref_axis',(-1.,0.,0.));
#4586=DIRECTION('center_axis',(0.,0.,-1.));
#4587=DIRECTION('ref_axis',(-1.,0.,0.));
#4588=DIRECTION('',(0.,0.,-1.));
#4589=DIRECTION('center_axis',(0.,0.,-1.));
#4590=DIRECTION('ref_axis',(-1.,0.,0.));
#4591=DIRECTION('center_axis',(0.,0.,1.));
#4592=DIRECTION('ref_axis',(-1.,0.,0.));
#4593=DIRECTION('center_axis',(0.,0.,-1.));
#4594=DIRECTION('ref_axis',(-1.,0.,0.));
#4595=DIRECTION('',(0.,0.,-1.));
#4596=DIRECTION('center_axis',(0.,0.,-1.));
#4597=DIRECTION('ref_axis',(-1.,0.,0.));
#4598=DIRECTION('center_axis',(0.,0.,1.));
#4599=DIRECTION('ref_axis',(-1.,0.,0.));
#4600=DIRECTION('center_axis',(0.,0.,-1.));
#4601=DIRECTION('ref_axis',(-1.,0.,0.));
#4602=DIRECTION('',(0.,-1.,0.));
#4603=DIRECTION('',(-1.,0.,0.));
#4604=DIRECTION('',(0.,1.,0.));
#4605=DIRECTION('',(1.,0.,0.));
#4606=DIRECTION('center_axis',(0.,0.,1.));
#4607=DIRECTION('ref_axis',(-1.,0.,0.));
#4608=DIRECTION('center_axis',(0.,0.,-1.));
#4609=DIRECTION('ref_axis',(-1.,0.,0.));
#4610=DIRECTION('center_axis',(0.,0.,1.));
#4611=DIRECTION('ref_axis',(-1.,0.,0.));
#4612=DIRECTION('center_axis',(0.,0.,-1.));
#4613=DIRECTION('ref_axis',(-1.,0.,0.));
#4614=DIRECTION('center_axis',(0.,0.,1.));
#4615=DIRECTION('ref_axis',(-1.,0.,0.));
#4616=DIRECTION('center_axis',(0.,0.,-1.));
#4617=DIRECTION('ref_axis',(-1.,0.,0.));
#4618=DIRECTION('center_axis',(0.,0.,1.));
#4619=DIRECTION('ref_axis',(0.,1.,0.));
#4620=DIRECTION('center_axis',(0.,0.,-1.));
#4621=DIRECTION('ref_axis',(-1.,0.,0.));
#4622=DIRECTION('center_axis',(0.,0.,1.));
#4623=DIRECTION('ref_axis',(-1.,0.,0.));
#4624=DIRECTION('center_axis',(0.,1.,0.));
#4625=DIRECTION('ref_axis',(-1.,0.,0.));
#4626=DIRECTION('',(0.,0.,-1.));
#4627=DIRECTION('',(0.,0.,1.));
#4628=DIRECTION('center_axis',(-1.,0.,0.));
#4629=DIRECTION('ref_axis',(0.,-1.,0.));
#4630=DIRECTION('',(0.,0.,-1.));
#4631=DIRECTION('center_axis',(0.,-1.,0.));
#4632=DIRECTION('ref_axis',(1.,0.,0.));
#4633=DIRECTION('',(0.,0.,-1.));
#4634=DIRECTION('center_axis',(1.,0.,0.));
#4635=DIRECTION('ref_axis',(0.,1.,0.));
#4636=DIRECTION('',(0.,0.,1.));
#4637=DIRECTION('',(1.,0.,0.));
#4638=CARTESIAN_POINT('',(0.,0.,0.));
#4639=CARTESIAN_POINT('',(0.,0.,0.));
#4640=CARTESIAN_POINT('',(0.,0.,0.));
#4641=CARTESIAN_POINT('Origin',(188.5,-120.5,0.));
#4642=CARTESIAN_POINT('',(188.5,-120.5,0.));
#4643=CARTESIAN_POINT('',(188.5,-120.5,1.51));
#4644=CARTESIAN_POINT('',(188.5,-120.5,0.));
#4645=CARTESIAN_POINT('',(98.,-120.5,1.51));
#4646=CARTESIAN_POINT('',(188.5,-120.5,1.51));
#4647=CARTESIAN_POINT('',(98.,-120.5,0.));
#4648=CARTESIAN_POINT('',(98.,-120.5,0.));
#4649=CARTESIAN_POINT('',(188.5,-120.5,0.));
#4650=CARTESIAN_POINT('Origin',(188.5,-60.,0.));
#4651=CARTESIAN_POINT('',(188.5,-60.,0.));
#4652=CARTESIAN_POINT('',(188.5,-60.,1.51));
#4653=CARTESIAN_POINT('',(188.5,-60.,0.));
#4654=CARTESIAN_POINT('',(188.5,-60.,1.51));
#4655=CARTESIAN_POINT('',(188.5,-60.,0.));
#4656=CARTESIAN_POINT('Origin',(98.,-120.5,0.));
#4657=CARTESIAN_POINT('',(98.,-60.,1.51));
#4658=CARTESIAN_POINT('',(98.,-120.5,1.51));
#4659=CARTESIAN_POINT('',(98.,-60.,0.));
#4660=CARTESIAN_POINT('',(98.,-60.,0.));
#4661=CARTESIAN_POINT('',(98.,-120.5,0.));
#4662=CARTESIAN_POINT('Origin',(0.,0.,0.));
#4663=CARTESIAN_POINT('',(98.,-60.,0.));
#4664=CARTESIAN_POINT('',(107.25,-111.,0.));
#4665=CARTESIAN_POINT('Origin',(107.25,-111.5,0.));
#4666=CARTESIAN_POINT('',(107.25,-108.5,0.));
#4667=CARTESIAN_POINT('Origin',(107.25,-109.,0.));
#4668=CARTESIAN_POINT('',(115.4,-113.85,0.));
#4669=CARTESIAN_POINT('',(115.4,-115.35,0.));
#4670=CARTESIAN_POINT('Origin',(115.4,-114.6,0.));
#4671=CARTESIAN_POINT('',(114.1,-113.85,0.));
#4672=CARTESIAN_POINT('',(57.7,-113.85,0.));
#4673=CARTESIAN_POINT('',(114.1,-115.35,0.));
#4674=CARTESIAN_POINT('Origin',(114.1,-114.6,0.));
#4675=CARTESIAN_POINT('',(57.05,-115.35,0.));
#4676=CARTESIAN_POINT('',(107.25,-106.,0.));
#4677=CARTESIAN_POINT('Origin',(107.25,-106.5,0.));
#4678=CARTESIAN_POINT('',(115.4,-102.65,0.));
#4679=CARTESIAN_POINT('',(115.4,-104.15,0.));
#4680=CARTESIAN_POINT('Origin',(115.4,-103.4,0.));
#4681=CARTESIAN_POINT('',(114.1,-102.65,0.));
#4682=CARTESIAN_POINT('',(57.7,-102.65,0.));
#4683=CARTESIAN_POINT('',(114.1,-104.15,0.));
#4684=CARTESIAN_POINT('Origin',(114.1,-103.4,0.));
#4685=CARTESIAN_POINT('',(57.05,-104.15,0.));
#4686=CARTESIAN_POINT('',(121.75,-111.,0.));
#4687=CARTESIAN_POINT('Origin',(121.75,-111.5,0.));
#4688=CARTESIAN_POINT('',(121.75,-106.,0.));
#4689=CARTESIAN_POINT('Origin',(121.75,-106.5,0.));
#4690=CARTESIAN_POINT('',(132.,-107.65,0.));
#4691=CARTESIAN_POINT('Origin',(132.,-108.5,0.));
#4692=CARTESIAN_POINT('',(137.08,-106.5,0.));
#4693=CARTESIAN_POINT('Origin',(137.08,-108.5,0.));
#4694=CARTESIAN_POINT('',(133.27,-105.21,0.));
#4695=CARTESIAN_POINT('Origin',(133.27,-105.96,0.));
#4696=CARTESIAN_POINT('',(142.16,-107.65,0.));
#4697=CARTESIAN_POINT('Origin',(142.16,-108.5,0.));
#4698=CARTESIAN_POINT('',(139.62,-102.67,0.));
#4699=CARTESIAN_POINT('Origin',(139.62,-103.42,0.));
#4700=CARTESIAN_POINT('',(109.9,-94.41,0.));
#4701=CARTESIAN_POINT('Origin',(109.9,-94.81,0.));
#4702=CARTESIAN_POINT('',(113.45,-94.41,0.));
#4703=CARTESIAN_POINT('Origin',(113.45,-94.81,0.));
#4704=CARTESIAN_POINT('',(117.,-94.41,0.));
#4705=CARTESIAN_POINT('Origin',(117.,-94.81,0.));
#4706=CARTESIAN_POINT('',(120.55,-94.41,0.));
#4707=CARTESIAN_POINT('Origin',(120.55,-94.81,0.));
#4708=CARTESIAN_POINT('',(151.,-107.65,0.));
#4709=CARTESIAN_POINT('Origin',(151.,-108.5,0.));
#4710=CARTESIAN_POINT('',(152.27,-105.21,0.));
#4711=CARTESIAN_POINT('Origin',(152.27,-105.96,0.));
#4712=CARTESIAN_POINT('',(156.08,-106.5,0.));
#4713=CARTESIAN_POINT('Origin',(156.08,-108.5,0.));
#4714=CARTESIAN_POINT('',(161.16,-107.65,0.));
#4715=CARTESIAN_POINT('Origin',(161.16,-108.5,0.));
#4716=CARTESIAN_POINT('',(158.62,-102.67,0.));
#4717=CARTESIAN_POINT('Origin',(158.62,-103.42,0.));
#4718=CARTESIAN_POINT('',(171.25,-111.,0.));
#4719=CARTESIAN_POINT('Origin',(171.25,-111.5,0.));
#4720=CARTESIAN_POINT('',(171.25,-108.5,0.));
#4721=CARTESIAN_POINT('Origin',(171.25,-109.,0.));
#4722=CARTESIAN_POINT('',(179.4,-113.85,0.));
#4723=CARTESIAN_POINT('',(179.4,-115.35,0.));
#4724=CARTESIAN_POINT('Origin',(179.4,-114.6,0.));
#4725=CARTESIAN_POINT('',(178.1,-113.85,0.));
#4726=CARTESIAN_POINT('',(89.7,-113.85,0.));
#4727=CARTESIAN_POINT('',(178.1,-115.35,0.));
#4728=CARTESIAN_POINT('Origin',(178.1,-114.6,0.));
#4729=CARTESIAN_POINT('',(89.05,-115.35,0.));
#4730=CARTESIAN_POINT('',(185.75,-111.,0.));
#4731=CARTESIAN_POINT('Origin',(185.75,-111.5,0.));
#4732=CARTESIAN_POINT('',(171.25,-106.,0.));
#4733=CARTESIAN_POINT('Origin',(171.25,-106.5,0.));
#4734=CARTESIAN_POINT('',(185.75,-106.,0.));
#4735=CARTESIAN_POINT('Origin',(185.75,-106.5,0.));
#4736=CARTESIAN_POINT('',(179.4,-102.65,0.));
#4737=CARTESIAN_POINT('',(179.4,-104.15,0.));
#4738=CARTESIAN_POINT('Origin',(179.4,-103.4,0.));
#4739=CARTESIAN_POINT('',(178.1,-102.65,0.));
#4740=CARTESIAN_POINT('',(89.7,-102.65,0.));
#4741=CARTESIAN_POINT('',(178.1,-104.15,0.));
#4742=CARTESIAN_POINT('Origin',(178.1,-103.4,0.));
#4743=CARTESIAN_POINT('',(89.05,-104.15,0.));
#4744=CARTESIAN_POINT('',(101.,-87.4,0.));
#4745=CARTESIAN_POINT('Origin',(101.,-89.,0.));
#4746=CARTESIAN_POINT('',(109.9,-86.79,0.));
#4747=CARTESIAN_POINT('Origin',(109.9,-87.19,0.));
#4748=CARTESIAN_POINT('',(113.45,-86.79,0.));
#4749=CARTESIAN_POINT('Origin',(113.45,-87.19,0.));
#4750=CARTESIAN_POINT('',(117.,-86.79,0.));
#4751=CARTESIAN_POINT('Origin',(117.,-87.19,0.));
#4752=CARTESIAN_POINT('',(120.55,-86.79,0.));
#4753=CARTESIAN_POINT('Origin',(120.55,-87.19,0.));
#4754=CARTESIAN_POINT('',(107.75,-79.54,0.));
#4755=CARTESIAN_POINT('Origin',(107.75,-80.04,0.));
#4756=CARTESIAN_POINT('',(107.75,-77.,0.));
#4757=CARTESIAN_POINT('Origin',(107.75,-77.5,0.));
#4758=CARTESIAN_POINT('',(131.92,-88.65,0.));
#4759=CARTESIAN_POINT('Origin',(131.92,-89.5,0.));
#4760=CARTESIAN_POINT('',(137.,-87.5,0.));
#4761=CARTESIAN_POINT('Origin',(137.,-89.5,0.));
#4762=CARTESIAN_POINT('',(133.19,-86.21,0.));
#4763=CARTESIAN_POINT('Origin',(133.19,-86.96,0.));
#4764=CARTESIAN_POINT('',(142.08,-88.65,0.));
#4765=CARTESIAN_POINT('Origin',(142.08,-89.5,0.));
#4766=CARTESIAN_POINT('',(139.54,-83.67,0.));
#4767=CARTESIAN_POINT('Origin',(139.54,-84.42,0.));
#4768=CARTESIAN_POINT('',(123.,-79.54,0.));
#4769=CARTESIAN_POINT('Origin',(123.,-80.04,0.));
#4770=CARTESIAN_POINT('',(123.,-77.,0.));
#4771=CARTESIAN_POINT('Origin',(123.,-77.5,0.));
#4772=CARTESIAN_POINT('',(107.75,-74.46,0.));
#4773=CARTESIAN_POINT('Origin',(107.75,-74.96,0.));
#4774=CARTESIAN_POINT('',(107.75,-71.92,0.));
#4775=CARTESIAN_POINT('Origin',(107.75,-72.42,0.));
#4776=CARTESIAN_POINT('',(107.75,-69.38,0.));
#4777=CARTESIAN_POINT('Origin',(107.75,-69.88,0.));
#4778=CARTESIAN_POINT('',(107.75,-66.84,0.));
#4779=CARTESIAN_POINT('Origin',(107.75,-67.34,0.));
#4780=CARTESIAN_POINT('',(107.75,-64.3,0.));
#4781=CARTESIAN_POINT('Origin',(107.75,-64.8,0.));
#4782=CARTESIAN_POINT('',(123.,-74.46,0.));
#4783=CARTESIAN_POINT('Origin',(123.,-74.96,0.));
#4784=CARTESIAN_POINT('',(123.,-71.92,0.));
#4785=CARTESIAN_POINT('Origin',(123.,-72.42,0.));
#4786=CARTESIAN_POINT('',(123.,-69.38,0.));
#4787=CARTESIAN_POINT('Origin',(123.,-69.88,0.));
#4788=CARTESIAN_POINT('',(123.,-66.84,0.));
#4789=CARTESIAN_POINT('Origin',(123.,-67.34,0.));
#4790=CARTESIAN_POINT('',(123.,-64.3,0.));
#4791=CARTESIAN_POINT('Origin',(123.,-64.8,0.));
#4792=CARTESIAN_POINT('',(150.92,-88.65,0.));
#4793=CARTESIAN_POINT('Origin',(150.92,-89.5,0.));
#4794=CARTESIAN_POINT('',(152.19,-86.21,0.));
#4795=CARTESIAN_POINT('Origin',(152.19,-86.96,0.));
#4796=CARTESIAN_POINT('',(156.,-87.5,0.));
#4797=CARTESIAN_POINT('Origin',(156.,-89.5,0.));
#4798=CARTESIAN_POINT('',(161.08,-88.65,0.));
#4799=CARTESIAN_POINT('Origin',(161.08,-89.5,0.));
#4800=CARTESIAN_POINT('',(158.54,-83.67,0.));
#4801=CARTESIAN_POINT('Origin',(158.54,-84.42,0.));
#4802=CARTESIAN_POINT('',(179.,-86.4,0.));
#4803=CARTESIAN_POINT('Origin',(179.,-88.,0.));
#4804=CARTESIAN_POINT('',(180.615,-72.925,0.));
#4805=CARTESIAN_POINT('Origin',(180.615,-73.425,0.));
#4806=CARTESIAN_POINT('',(180.615,-70.385,0.));
#4807=CARTESIAN_POINT('Origin',(180.615,-70.885,0.));
#4808=CARTESIAN_POINT('',(180.615,-67.845,0.));
#4809=CARTESIAN_POINT('Origin',(180.615,-68.345,0.));
#4810=CARTESIAN_POINT('',(180.615,-65.305,0.));
#4811=CARTESIAN_POINT('Origin',(180.615,-65.805,0.));
#4812=CARTESIAN_POINT('Origin',(0.,0.,1.51));
#4813=CARTESIAN_POINT('',(98.,-60.,1.51));
#4814=CARTESIAN_POINT('',(107.25,-111.,1.51));
#4815=CARTESIAN_POINT('Origin',(107.25,-111.5,1.51));
#4816=CARTESIAN_POINT('',(107.25,-108.5,1.51));
#4817=CARTESIAN_POINT('Origin',(107.25,-109.,1.51));
#4818=CARTESIAN_POINT('',(115.4,-113.85,1.51));
#4819=CARTESIAN_POINT('',(115.4,-115.35,1.51));
#4820=CARTESIAN_POINT('Origin',(115.4,-114.6,1.51));
#4821=CARTESIAN_POINT('',(114.1,-115.35,1.51));
#4822=CARTESIAN_POINT('',(57.05,-115.35,1.51));
#4823=CARTESIAN_POINT('',(114.1,-113.85,1.51));
#4824=CARTESIAN_POINT('Origin',(114.1,-114.6,1.51));
#4825=CARTESIAN_POINT('',(57.7,-113.85,1.51));
#4826=CARTESIAN_POINT('',(107.25,-106.,1.51));
#4827=CARTESIAN_POINT('Origin',(107.25,-106.5,1.51));
#4828=CARTESIAN_POINT('',(115.4,-102.65,1.51));
#4829=CARTESIAN_POINT('',(115.4,-104.15,1.51));
#4830=CARTESIAN_POINT('Origin',(115.4,-103.4,1.51));
#4831=CARTESIAN_POINT('',(114.1,-104.15,1.51));
#4832=CARTESIAN_POINT('',(57.05,-104.15,1.51));
#4833=CARTESIAN_POINT('',(114.1,-102.65,1.51));
#4834=CARTESIAN_POINT('Origin',(114.1,-103.4,1.51));
#4835=CARTESIAN_POINT('',(57.7,-102.65,1.51));
#4836=CARTESIAN_POINT('',(121.75,-111.,1.51));
#4837=CARTESIAN_POINT('Origin',(121.75,-111.5,1.51));
#4838=CARTESIAN_POINT('',(121.75,-106.,1.51));
#4839=CARTESIAN_POINT('Origin',(121.75,-106.5,1.51));
#4840=CARTESIAN_POINT('',(132.,-107.65,1.51));
#4841=CARTESIAN_POINT('Origin',(132.,-108.5,1.51));
#4842=CARTESIAN_POINT('',(137.08,-106.5,1.51));
#4843=CARTESIAN_POINT('Origin',(137.08,-108.5,1.51));
#4844=CARTESIAN_POINT('',(133.27,-105.21,1.51));
#4845=CARTESIAN_POINT('Origin',(133.27,-105.96,1.51));
#4846=CARTESIAN_POINT('',(142.16,-107.65,1.51));
#4847=CARTESIAN_POINT('Origin',(142.16,-108.5,1.51));
#4848=CARTESIAN_POINT('',(139.62,-102.67,1.51));
#4849=CARTESIAN_POINT('Origin',(139.62,-103.42,1.51));
#4850=CARTESIAN_POINT('',(109.9,-94.41,1.51));
#4851=CARTESIAN_POINT('Origin',(109.9,-94.81,1.51));
#4852=CARTESIAN_POINT('',(113.45,-94.41,1.51));
#4853=CARTESIAN_POINT('Origin',(113.45,-94.81,1.51));
#4854=CARTESIAN_POINT('',(117.,-94.41,1.51));
#4855=CARTESIAN_POINT('Origin',(117.,-94.81,1.51));
#4856=CARTESIAN_POINT('',(120.55,-94.41,1.51));
#4857=CARTESIAN_POINT('Origin',(120.55,-94.81,1.51));
#4858=CARTESIAN_POINT('',(151.,-107.65,1.51));
#4859=CARTESIAN_POINT('Origin',(151.,-108.5,1.51));
#4860=CARTESIAN_POINT('',(152.27,-105.21,1.51));
#4861=CARTESIAN_POINT('Origin',(152.27,-105.96,1.51));
#4862=CARTESIAN_POINT('',(156.08,-106.5,1.51));
#4863=CARTESIAN_POINT('Origin',(156.08,-108.5,1.51));
#4864=CARTESIAN_POINT('',(161.16,-107.65,1.51));
#4865=CARTESIAN_POINT('Origin',(161.16,-108.5,1.51));
#4866=CARTESIAN_POINT('',(158.62,-102.67,1.51));
#4867=CARTESIAN_POINT('Origin',(158.62,-103.42,1.51));
#4868=CARTESIAN_POINT('',(171.25,-111.,1.51));
#4869=CARTESIAN_POINT('Origin',(171.25,-111.5,1.51));
#4870=CARTESIAN_POINT('',(171.25,-108.5,1.51));
#4871=CARTESIAN_POINT('Origin',(171.25,-109.,1.51));
#4872=CARTESIAN_POINT('',(179.4,-113.85,1.51));
#4873=CARTESIAN_POINT('',(179.4,-115.35,1.51));
#4874=CARTESIAN_POINT('Origin',(179.4,-114.6,1.51));
#4875=CARTESIAN_POINT('',(178.1,-115.35,1.51));
#4876=CARTESIAN_POINT('',(89.05,-115.35,1.51));
#4877=CARTESIAN_POINT('',(178.1,-113.85,1.51));
#4878=CARTESIAN_POINT('Origin',(178.1,-114.6,1.51));
#4879=CARTESIAN_POINT('',(89.7,-113.85,1.51));
#4880=CARTESIAN_POINT('',(185.75,-111.,1.51));
#4881=CARTESIAN_POINT('Origin',(185.75,-111.5,1.51));
#4882=CARTESIAN_POINT('',(171.25,-106.,1.51));
#4883=CARTESIAN_POINT('Origin',(171.25,-106.5,1.51));
#4884=CARTESIAN_POINT('',(185.75,-106.,1.51));
#4885=CARTESIAN_POINT('Origin',(185.75,-106.5,1.51));
#4886=CARTESIAN_POINT('',(179.4,-102.65,1.51));
#4887=CARTESIAN_POINT('',(179.4,-104.15,1.51));
#4888=CARTESIAN_POINT('Origin',(179.4,-103.4,1.51));
#4889=CARTESIAN_POINT('',(178.1,-104.15,1.51));
#4890=CARTESIAN_POINT('',(89.05,-104.15,1.51));
#4891=CARTESIAN_POINT('',(178.1,-102.65,1.51));
#4892=CARTESIAN_POINT('Origin',(178.1,-103.4,1.51));
#4893=CARTESIAN_POINT('',(89.7,-102.65,1.51));
#4894=CARTESIAN_POINT('',(101.,-87.4,1.51));
#4895=CARTESIAN_POINT('Origin',(101.,-89.,1.51));
#4896=CARTESIAN_POINT('',(109.9,-86.79,1.51));
#4897=CARTESIAN_POINT('Origin',(109.9,-87.19,1.51));
#4898=CARTESIAN_POINT('',(113.45,-86.79,1.51));
#4899=CARTESIAN_POINT('Origin',(113.45,-87.19,1.51));
#4900=CARTESIAN_POINT('',(117.,-86.79,1.51));
#4901=CARTESIAN_POINT('Origin',(117.,-87.19,1.51));
#4902=CARTESIAN_POINT('',(120.55,-86.79,1.51));
#4903=CARTESIAN_POINT('Origin',(120.55,-87.19,1.51));
#4904=CARTESIAN_POINT('',(107.75,-79.54,1.51));
#4905=CARTESIAN_POINT('Origin',(107.75,-80.04,1.51));
#4906=CARTESIAN_POINT('',(107.75,-77.,1.51));
#4907=CARTESIAN_POINT('Origin',(107.75,-77.5,1.51));
#4908=CARTESIAN_POINT('',(131.92,-88.65,1.51));
#4909=CARTESIAN_POINT('Origin',(131.92,-89.5,1.51));
#4910=CARTESIAN_POINT('',(137.,-87.5,1.51));
#4911=CARTESIAN_POINT('Origin',(137.,-89.5,1.51));
#4912=CARTESIAN_POINT('',(133.19,-86.21,1.51));
#4913=CARTESIAN_POINT('Origin',(133.19,-86.96,1.51));
#4914=CARTESIAN_POINT('',(142.08,-88.65,1.51));
#4915=CARTESIAN_POINT('Origin',(142.08,-89.5,1.51));
#4916=CARTESIAN_POINT('',(139.54,-83.67,1.51));
#4917=CARTESIAN_POINT('Origin',(139.54,-84.42,1.51));
#4918=CARTESIAN_POINT('',(123.,-79.54,1.51));
#4919=CARTESIAN_POINT('Origin',(123.,-80.04,1.51));
#4920=CARTESIAN_POINT('',(123.,-77.,1.51));
#4921=CARTESIAN_POINT('Origin',(123.,-77.5,1.51));
#4922=CARTESIAN_POINT('',(107.75,-74.46,1.51));
#4923=CARTESIAN_POINT('Origin',(107.75,-74.96,1.51));
#4924=CARTESIAN_POINT('',(107.75,-71.92,1.51));
#4925=CARTESIAN_POINT('Origin',(107.75,-72.42,1.51));
#4926=CARTESIAN_POINT('',(107.75,-69.38,1.51));
#4927=CARTESIAN_POINT('Origin',(107.75,-69.88,1.51));
#4928=CARTESIAN_POINT('',(107.75,-66.84,1.51));
#4929=CARTESIAN_POINT('Origin',(107.75,-67.34,1.51));
#4930=CARTESIAN_POINT('',(107.75,-64.3,1.51));
#4931=CARTESIAN_POINT('Origin',(107.75,-64.8,1.51));
#4932=CARTESIAN_POINT('',(123.,-74.46,1.51));
#4933=CARTESIAN_POINT('Origin',(123.,-74.96,1.51));
#4934=CARTESIAN_POINT('',(123.,-71.92,1.51));
#4935=CARTESIAN_POINT('Origin',(123.,-72.42,1.51));
#4936=CARTESIAN_POINT('',(123.,-69.38,1.51));
#4937=CARTESIAN_POINT('Origin',(123.,-69.88,1.51));
#4938=CARTESIAN_POINT('',(123.,-66.84,1.51));
#4939=CARTESIAN_POINT('Origin',(123.,-67.34,1.51));
#4940=CARTESIAN_POINT('',(123.,-64.3,1.51));
#4941=CARTESIAN_POINT('Origin',(123.,-64.8,1.51));
#4942=CARTESIAN_POINT('',(150.92,-88.65,1.51));
#4943=CARTESIAN_POINT('Origin',(150.92,-89.5,1.51));
#4944=CARTESIAN_POINT('',(152.19,-86.21,1.51));
#4945=CARTESIAN_POINT('Origin',(152.19,-86.96,1.51));
#4946=CARTESIAN_POINT('',(156.,-87.5,1.51));
#4947=CARTESIAN_POINT('Origin',(156.,-89.5,1.51));
#4948=CARTESIAN_POINT('',(161.08,-88.65,1.51));
#4949=CARTESIAN_POINT('Origin',(161.08,-89.5,1.51));
#4950=CARTESIAN_POINT('',(158.54,-83.67,1.51));
#4951=CARTESIAN_POINT('Origin',(158.54,-84.42,1.51));
#4952=CARTESIAN_POINT('',(179.,-86.4,1.51));
#4953=CARTESIAN_POINT('Origin',(179.,-88.,1.51));
#4954=CARTESIAN_POINT('',(180.615,-72.925,1.51));
#4955=CARTESIAN_POINT('Origin',(180.615,-73.425,1.51));
#4956=CARTESIAN_POINT('',(180.615,-70.385,1.51));
#4957=CARTESIAN_POINT('Origin',(180.615,-70.885,1.51));
#4958=CARTESIAN_POINT('',(180.615,-67.845,1.51));
#4959=CARTESIAN_POINT('Origin',(180.615,-68.345,1.51));
#4960=CARTESIAN_POINT('',(180.615,-65.305,1.51));
#4961=CARTESIAN_POINT('Origin',(180.615,-65.805,1.51));
#4962=CARTESIAN_POINT('Origin',(98.,-60.,0.));
#4963=CARTESIAN_POINT('Origin',(107.25,-111.5,-0.046));
#4964=CARTESIAN_POINT('',(107.25,-111.,-0.046));
#4965=CARTESIAN_POINT('Origin',(107.25,-109.,-0.046));
#4966=CARTESIAN_POINT('',(107.25,-108.5,-0.046));
#4967=CARTESIAN_POINT('Origin',(115.4,-114.6,-0.046));
#4968=CARTESIAN_POINT('',(115.4,-115.35,-0.046));
#4969=CARTESIAN_POINT('',(115.4,-113.85,-0.046));
#4970=CARTESIAN_POINT('Origin',(115.4,-113.85,-0.046));
#4971=CARTESIAN_POINT('',(114.1,-113.85,-0.046));
#4972=CARTESIAN_POINT('Origin',(114.1,-114.6,-0.046));
#4973=CARTESIAN_POINT('',(114.1,-115.35,-0.046));
#4974=CARTESIAN_POINT('Origin',(114.1,-115.35,-0.046));
#4975=CARTESIAN_POINT('Origin',(107.25,-106.5,-0.046));
#4976=CARTESIAN_POINT('',(107.25,-106.,-0.046));
#4977=CARTESIAN_POINT('Origin',(115.4,-103.4,-0.046));
#4978=CARTESIAN_POINT('',(115.4,-104.15,-0.046));
#4979=CARTESIAN_POINT('',(115.4,-102.65,-0.046));
#4980=CARTESIAN_POINT('Origin',(115.4,-102.65,-0.046));
#4981=CARTESIAN_POINT('',(114.1,-102.65,-0.046));
#4982=CARTESIAN_POINT('Origin',(114.1,-103.4,-0.046));
#4983=CARTESIAN_POINT('',(114.1,-104.15,-0.046));
#4984=CARTESIAN_POINT('Origin',(114.1,-104.15,-0.046));
#4985=CARTESIAN_POINT('Origin',(121.75,-111.5,-0.046));
#4986=CARTESIAN_POINT('',(121.75,-111.,-0.046));
#4987=CARTESIAN_POINT('Origin',(121.75,-106.5,-0.046));
#4988=CARTESIAN_POINT('',(121.75,-106.,-0.046));
#4989=CARTESIAN_POINT('Origin',(132.,-108.5,-0.046));
#4990=CARTESIAN_POINT('',(132.,-107.65,-0.046));
#4991=CARTESIAN_POINT('Origin',(137.08,-108.5,-0.046));
#4992=CARTESIAN_POINT('',(137.08,-106.5,-0.046));
#4993=CARTESIAN_POINT('Origin',(133.27,-105.96,-0.046));
#4994=CARTESIAN_POINT('',(133.27,-105.21,-0.046));
#4995=CARTESIAN_POINT('Origin',(142.16,-108.5,-0.046));
#4996=CARTESIAN_POINT('',(142.16,-107.65,-0.046));
#4997=CARTESIAN_POINT('Origin',(139.62,-103.42,-0.046));
#4998=CARTESIAN_POINT('',(139.62,-102.67,-0.046));
#4999=CARTESIAN_POINT('Origin',(109.9,-94.81,-0.046));
#5000=CARTESIAN_POINT('',(109.9,-94.41,-0.046));
#5001=CARTESIAN_POINT('Origin',(113.45,-94.81,-0.046));
#5002=CARTESIAN_POINT('',(113.45,-94.41,-0.046));
#5003=CARTESIAN_POINT('Origin',(117.,-94.81,-0.046));
#5004=CARTESIAN_POINT('',(117.,-94.41,-0.046));
#5005=CARTESIAN_POINT('Origin',(120.55,-94.81,-0.046));
#5006=CARTESIAN_POINT('',(120.55,-94.41,-0.046));
#5007=CARTESIAN_POINT('Origin',(151.,-108.5,-0.046));
#5008=CARTESIAN_POINT('',(151.,-107.65,-0.046));
#5009=CARTESIAN_POINT('Origin',(152.27,-105.96,-0.046));
#5010=CARTESIAN_POINT('',(152.27,-105.21,-0.046));
#5011=CARTESIAN_POINT('Origin',(156.08,-108.5,-0.046));
#5012=CARTESIAN_POINT('',(156.08,-106.5,-0.046));
#5013=CARTESIAN_POINT('Origin',(161.16,-108.5,-0.046));
#5014=CARTESIAN_POINT('',(161.16,-107.65,-0.046));
#5015=CARTESIAN_POINT('Origin',(158.62,-103.42,-0.046));
#5016=CARTESIAN_POINT('',(158.62,-102.67,-0.046));
#5017=CARTESIAN_POINT('Origin',(171.25,-111.5,-0.046));
#5018=CARTESIAN_POINT('',(171.25,-111.,-0.046));
#5019=CARTESIAN_POINT('Origin',(171.25,-109.,-0.046));
#5020=CARTESIAN_POINT('',(171.25,-108.5,-0.046));
#5021=CARTESIAN_POINT('Origin',(179.4,-114.6,-0.046));
#5022=CARTESIAN_POINT('',(179.4,-115.35,-0.046));
#5023=CARTESIAN_POINT('',(179.4,-113.85,-0.046));
#5024=CARTESIAN_POINT('Origin',(179.4,-113.85,-0.046));
#5025=CARTESIAN_POINT('',(178.1,-113.85,-0.046));
#5026=CARTESIAN_POINT('Origin',(178.1,-114.6,-0.046));
#5027=CARTESIAN_POINT('',(178.1,-115.35,-0.046));
#5028=CARTESIAN_POINT('Origin',(178.1,-115.35,-0.046));
#5029=CARTESIAN_POINT('Origin',(185.75,-111.5,-0.046));
#5030=CARTESIAN_POINT('',(185.75,-111.,-0.046));
#5031=CARTESIAN_POINT('Origin',(171.25,-106.5,-0.046));
#5032=CARTESIAN_POINT('',(171.25,-106.,-0.046));
#5033=CARTESIAN_POINT('Origin',(185.75,-106.5,-0.046));
#5034=CARTESIAN_POINT('',(185.75,-106.,-0.046));
#5035=CARTESIAN_POINT('Origin',(179.4,-103.4,-0.046));
#5036=CARTESIAN_POINT('',(179.4,-104.15,-0.046));
#5037=CARTESIAN_POINT('',(179.4,-102.65,-0.046));
#5038=CARTESIAN_POINT('Origin',(179.4,-102.65,-0.046));
#5039=CARTESIAN_POINT('',(178.1,-102.65,-0.046));
#5040=CARTESIAN_POINT('Origin',(178.1,-103.4,-0.046));
#5041=CARTESIAN_POINT('',(178.1,-104.15,-0.046));
#5042=CARTESIAN_POINT('Origin',(178.1,-104.15,-0.046));
#5043=CARTESIAN_POINT('Origin',(101.,-89.,-0.046));
#5044=CARTESIAN_POINT('',(101.,-87.4,-0.046));
#5045=CARTESIAN_POINT('Origin',(109.9,-87.19,-0.046));
#5046=CARTESIAN_POINT('',(109.9,-86.79,-0.046));
#5047=CARTESIAN_POINT('Origin',(113.45,-87.19,-0.046));
#5048=CARTESIAN_POINT('',(113.45,-86.79,-0.046));
#5049=CARTESIAN_POINT('Origin',(117.,-87.19,-0.046));
#5050=CARTESIAN_POINT('',(117.,-86.79,-0.046));
#5051=CARTESIAN_POINT('Origin',(120.55,-87.19,-0.046));
#5052=CARTESIAN_POINT('',(120.55,-86.79,-0.046));
#5053=CARTESIAN_POINT('Origin',(107.75,-80.04,-0.046));
#5054=CARTESIAN_POINT('',(107.75,-79.54,-0.046));
#5055=CARTESIAN_POINT('Origin',(107.75,-77.5,-0.046));
#5056=CARTESIAN_POINT('',(107.75,-77.,-0.046));
#5057=CARTESIAN_POINT('Origin',(131.92,-89.5,-0.046));
#5058=CARTESIAN_POINT('',(131.92,-88.65,-0.046));
#5059=CARTESIAN_POINT('Origin',(137.,-89.5,-0.046));
#5060=CARTESIAN_POINT('',(137.,-87.5,-0.046));
#5061=CARTESIAN_POINT('Origin',(133.19,-86.96,-0.046));
#5062=CARTESIAN_POINT('',(133.19,-86.21,-0.046));
#5063=CARTESIAN_POINT('Origin',(142.08,-89.5,-0.046));
#5064=CARTESIAN_POINT('',(142.08,-88.65,-0.046));
#5065=CARTESIAN_POINT('Origin',(139.54,-84.42,-0.046));
#5066=CARTESIAN_POINT('',(139.54,-83.67,-0.046));
#5067=CARTESIAN_POINT('Origin',(123.,-80.04,-0.046));
#5068=CARTESIAN_POINT('',(123.,-79.54,-0.046));
#5069=CARTESIAN_POINT('Origin',(123.,-77.5,-0.046));
#5070=CARTESIAN_POINT('',(123.,-77.,-0.046));
#5071=CARTESIAN_POINT('Origin',(107.75,-74.96,-0.046));
#5072=CARTESIAN_POINT('',(107.75,-74.46,-0.046));
#5073=CARTESIAN_POINT('Origin',(107.75,-72.42,-0.046));
#5074=CARTESIAN_POINT('',(107.75,-71.92,-0.046));
#5075=CARTESIAN_POINT('Origin',(107.75,-69.88,-0.046));
#5076=CARTESIAN_POINT('',(107.75,-69.38,-0.046));
#5077=CARTESIAN_POINT('Origin',(107.75,-67.34,-0.046));
#5078=CARTESIAN_POINT('',(107.75,-66.84,-0.046));
#5079=CARTESIAN_POINT('Origin',(107.75,-64.8,-0.046));
#5080=CARTESIAN_POINT('',(107.75,-64.3,-0.046));
#5081=CARTESIAN_POINT('Origin',(123.,-74.96,-0.046));
#5082=CARTESIAN_POINT('',(123.,-74.46,-0.046));
#5083=CARTESIAN_POINT('Origin',(123.,-72.42,-0.046));
#5084=CARTESIAN_POINT('',(123.,-71.92,-0.046));
#5085=CARTESIAN_POINT('Origin',(123.,-69.88,-0.046));
#5086=CARTESIAN_POINT('',(123.,-69.38,-0.046));
#5087=CARTESIAN_POINT('Origin',(123.,-67.34,-0.046));
#5088=CARTESIAN_POINT('',(123.,-66.84,-0.046));
#5089=CARTESIAN_POINT('Origin',(123.,-64.8,-0.046));
#5090=CARTESIAN_POINT('',(123.,-64.3,-0.046));
#5091=CARTESIAN_POINT('Origin',(150.92,-89.5,-0.046));
#5092=CARTESIAN_POINT('',(150.92,-88.65,-0.046));
#5093=CARTESIAN_POINT('Origin',(152.19,-86.96,-0.046));
#5094=CARTESIAN_POINT('',(152.19,-86.21,-0.046));
#5095=CARTESIAN_POINT('Origin',(156.,-89.5,-0.046));
#5096=CARTESIAN_POINT('',(156.,-87.5,-0.046));
#5097=CARTESIAN_POINT('Origin',(161.08,-89.5,-0.046));
#5098=CARTESIAN_POINT('',(161.08,-88.65,-0.046));
#5099=CARTESIAN_POINT('Origin',(158.54,-84.42,-0.046));
#5100=CARTESIAN_POINT('',(158.54,-83.67,-0.046));
#5101=CARTESIAN_POINT('Origin',(179.,-88.,-0.046));
#5102=CARTESIAN_POINT('',(179.,-86.4,-0.046));
#5103=CARTESIAN_POINT('Origin',(180.615,-73.425,-0.046));
#5104=CARTESIAN_POINT('',(180.615,-72.925,-0.046));
#5105=CARTESIAN_POINT('Origin',(180.615,-70.885,-0.046));
#5106=CARTESIAN_POINT('',(180.615,-70.385,-0.046));
#5107=CARTESIAN_POINT('Origin',(180.615,-68.345,-0.046));
#5108=CARTESIAN_POINT('',(180.615,-67.845,-0.046));
#5109=CARTESIAN_POINT('Origin',(180.615,-65.805,-0.046));
#5110=CARTESIAN_POINT('',(180.615,-65.305,-0.046));
#5111=CARTESIAN_POINT('',(0.,0.,0.));
#5112=CARTESIAN_POINT('Origin',(191.0499957297,-122.999997250736,14.));
#5113=CARTESIAN_POINT('',(194.2789957297,-122.999997250736,14.));
#5114=CARTESIAN_POINT('Origin',(191.0499957297,-122.999997250736,14.));
#5115=CARTESIAN_POINT('',(194.2789957297,-122.999997250736,13.));
#5116=CARTESIAN_POINT('',(194.2789957297,-122.999997250736,14.));
#5117=CARTESIAN_POINT('Origin',(191.0499957297,-122.999997250736,13.));
#5118=CARTESIAN_POINT('Origin',(191.0499957297,-122.999997250736,13.));
#5119=CARTESIAN_POINT('',(193.197668841187,-122.999997250736,13.));
#5120=CARTESIAN_POINT('Origin',(191.0499957297,-122.999997250736,13.));
#5121=CARTESIAN_POINT('Origin',(95.4999978654087,-122.999997250736,14.));
#5122=CARTESIAN_POINT('',(98.7289978654087,-122.999997250736,14.));
#5123=CARTESIAN_POINT('Origin',(95.4999978654087,-122.999997250736,14.));
#5124=CARTESIAN_POINT('',(98.7289978654087,-122.999997250736,13.));
#5125=CARTESIAN_POINT('',(98.7289978654087,-122.999997250736,14.));
#5126=CARTESIAN_POINT('Origin',(95.4999978654087,-122.999997250736,13.));
#5127=CARTESIAN_POINT('Origin',(95.4999978654087,-122.999997250736,13.));
#5128=CARTESIAN_POINT('',(97.6540637401153,-122.999997250736,13.));
#5129=CARTESIAN_POINT('Origin',(95.4999978654087,-122.999997250736,13.));
#5130=CARTESIAN_POINT('Origin',(191.0499957297,-57.5712562141295,14.));
#5131=CARTESIAN_POINT('',(194.2789957297,-57.5712562141295,14.));
#5132=CARTESIAN_POINT('Origin',(191.0499957297,-57.5712562141295,14.));
#5133=CARTESIAN_POINT('',(194.2789957297,-57.5712562141295,13.));
#5134=CARTESIAN_POINT('',(194.2789957297,-57.5712562141295,14.));
#5135=CARTESIAN_POINT('Origin',(191.0499957297,-57.5712562141295,13.));
#5136=CARTESIAN_POINT('Origin',(191.0499957297,-57.5712562141295,13.));
#5137=CARTESIAN_POINT('',(193.185924024891,-57.5712562141295,13.));
#5138=CARTESIAN_POINT('Origin',(191.0499957297,-57.5712562141295,13.));
#5139=CARTESIAN_POINT('Origin',(95.4999978654087,-57.5999987125397,14.));
#5140=CARTESIAN_POINT('',(98.7289226322634,-57.5999987125397,14.));
#5141=CARTESIAN_POINT('Origin',(95.4999978654087,-57.5999987125397,14.));
#5142=CARTESIAN_POINT('',(98.7289226322634,-57.5999987125397,13.));
#5143=CARTESIAN_POINT('',(98.7289226322634,-57.5999987125397,14.));
#5144=CARTESIAN_POINT('Origin',(95.4999978654087,-57.5999987125397,13.));
#5145=CARTESIAN_POINT('Origin',(95.4999978654087,-57.5999987125397,13.));
#5146=CARTESIAN_POINT('',(97.6540637401153,-57.5999987125397,13.));
#5147=CARTESIAN_POINT('Origin',(95.4999978654087,-57.5999987125397,13.));
#5148=CARTESIAN_POINT('Origin',(95.4999978654087,-57.5999987125397,12.));
#5149=CARTESIAN_POINT('',(93.4,-58.0795909954789,12.));
#5150=CARTESIAN_POINT('',(97.6540637401153,-57.5999987125397,12.));
#5151=CARTESIAN_POINT('Origin',(95.4999978654087,-57.5999987125397,12.));
#5152=CARTESIAN_POINT('',(93.4,-57.1204064296004,12.));
#5153=CARTESIAN_POINT('Origin',(95.4999978654087,-57.5999987125397,12.));
#5154=CARTESIAN_POINT('',(93.5561876936149,-56.6717736274419,12.));
#5155=CARTESIAN_POINT('Origin',(95.4999978654087,-57.5999987125397,12.));
#5156=CARTESIAN_POINT('',(97.4445040042806,-56.6732324699145,12.));
#5157=CARTESIAN_POINT('Origin',(95.4999978654087,-57.5999987125397,12.));
#5158=CARTESIAN_POINT('Origin',(95.4999978654087,-57.5999987125397,12.));
#5159=CARTESIAN_POINT('',(97.6540637401153,-57.5999987125397,12.));
#5160=CARTESIAN_POINT('Origin',(95.4999978654087,-122.999997250736,12.));
#5161=CARTESIAN_POINT('',(95.9795687628351,-125.1,12.));
#5162=CARTESIAN_POINT('',(97.6540637401153,-122.999997250736,12.));
#5163=CARTESIAN_POINT('Origin',(95.4999978654087,-122.999997250736,12.));
#5164=CARTESIAN_POINT('',(93.4,-122.520404967796,12.));
#5165=CARTESIAN_POINT('Origin',(95.4999978654087,-122.999997250736,12.));
#5166=CARTESIAN_POINT('Origin',(95.4999978654087,-122.999997250736,12.));
#5167=CARTESIAN_POINT('',(97.6540637401153,-122.999997250736,12.));
#5168=CARTESIAN_POINT('Origin',(191.0499957297,-57.5712562141295,12.));
#5169=CARTESIAN_POINT('',(188.927335292154,-57.3335539863814,12.));
#5170=CARTESIAN_POINT('',(193.185924024891,-57.5712562141295,12.));
#5171=CARTESIAN_POINT('Origin',(191.0499957297,-57.5712562141295,12.));
#5172=CARTESIAN_POINT('',(191.782878653077,-55.5649979299545,12.));
#5173=CARTESIAN_POINT('Origin',(191.0499957297,-57.5712562141295,12.));
#5174=CARTESIAN_POINT('Origin',(191.0499957297,-57.5712562141295,12.));
#5175=CARTESIAN_POINT('',(193.185924024891,-57.5712562141295,12.));
#5176=CARTESIAN_POINT('Origin',(191.0499957297,-122.999997250736,12.));
#5177=CARTESIAN_POINT('',(190.600008788903,-125.1,12.));
#5178=CARTESIAN_POINT('',(193.197668841187,-122.999997250736,12.));
#5179=CARTESIAN_POINT('Origin',(191.0499957297,-122.999997250736,12.));
#5180=CARTESIAN_POINT('',(190.637600226375,-120.892290026607,12.));
#5181=CARTESIAN_POINT('Origin',(191.0499957297,-122.999997250736,12.));
#5182=CARTESIAN_POINT('Origin',(191.0499957297,-122.999997250736,12.));
#5183=CARTESIAN_POINT('',(193.197668841187,-122.999997250736,12.));
#5184=CARTESIAN_POINT('Origin',(95.4999978654087,-57.5999987125397,12.));
#5185=CARTESIAN_POINT('',(93.4,-57.1295456072514,12.));
#5186=CARTESIAN_POINT('Origin',(95.5000014230609,-57.590516347258,12.));
#5187=CARTESIAN_POINT('',(93.4,-125.1,12.));
#5188=CARTESIAN_POINT('Origin',(95.4999978654087,-57.5999987125397,12.));
#5189=CARTESIAN_POINT('',(93.4,-58.0514870872646,12.));
#5190=CARTESIAN_POINT('Origin',(95.5000014230609,-57.590516347258,12.));
#5191=CARTESIAN_POINT('',(93.4,-125.1,12.));
#5192=CARTESIAN_POINT('Origin',(95.4999978654087,-122.999997250736,12.));
#5193=CARTESIAN_POINT('',(95.9609869954343,-125.1,12.));
#5194=CARTESIAN_POINT('',(193.1,-125.1,12.));
#5195=CARTESIAN_POINT('',(93.4,-122.539031092836,12.));
#5196=CARTESIAN_POINT('',(93.4,-125.1,12.));
#5197=CARTESIAN_POINT('Origin',(95.5000014230609,-123.000001832843,12.));
#5198=CARTESIAN_POINT('Origin',(191.0499957297,-57.5712562141295,12.));
#5199=CARTESIAN_POINT('Origin',(191.061924326393,-57.590516347258,12.));
#5200=CARTESIAN_POINT('Origin',(191.0499957297,-122.999997250736,12.));
#5201=CARTESIAN_POINT('',(190.600938754019,-125.1,12.));
#5202=CARTESIAN_POINT('',(193.1,-125.1,12.));
#5203=CARTESIAN_POINT('Origin',(191.061924326393,-123.000001832843,12.));
#5204=CARTESIAN_POINT('Origin',(143.25,-90.25,12.));
#5205=CARTESIAN_POINT('',(195.5,-127.5,12.));
#5206=CARTESIAN_POINT('',(195.5,-53.,12.));
#5207=CARTESIAN_POINT('',(195.5,-53.,12.));
#5208=CARTESIAN_POINT('',(91.,-127.5,12.));
#5209=CARTESIAN_POINT('',(195.5,-127.5,12.));
#5210=CARTESIAN_POINT('',(91.,-53.,12.));
#5211=CARTESIAN_POINT('',(91.,-127.5,12.));
#5212=CARTESIAN_POINT('',(91.,-53.,12.));
#5213=CARTESIAN_POINT('',(193.1,-122.315350426176,12.));
#5214=CARTESIAN_POINT('Origin',(191.061924326393,-123.000001832843,12.));
#5215=CARTESIAN_POINT('',(193.1,-58.2751677539245,12.));
#5216=CARTESIAN_POINT('',(193.1,-55.4,12.));
#5217=CARTESIAN_POINT('Origin',(191.061924326393,-57.590516347258,12.));
#5218=CARTESIAN_POINT('',(193.1,-56.9058649405915,12.));
#5219=CARTESIAN_POINT('Origin',(191.061924326393,-57.590516347258,12.));
#5220=CARTESIAN_POINT('',(193.1,-55.4,12.));
#5221=CARTESIAN_POINT('',(193.1,-55.4,12.));
#5222=CARTESIAN_POINT('',(93.4,-55.4,12.));
#5223=CARTESIAN_POINT('',(93.4,-55.4,12.));
#5224=CARTESIAN_POINT('',(93.4,-125.1,12.));
#5225=CARTESIAN_POINT('',(93.4,-125.1,12.));
#5226=CARTESIAN_POINT('',(193.1,-125.1,12.));
#5227=CARTESIAN_POINT('Origin',(143.25,-90.25,12.));
#5228=CARTESIAN_POINT('Origin',(95.5000014230609,-57.590516347258,12.));
#5229=CARTESIAN_POINT('Origin',(95.5000014230609,-57.590516347258,11.));
#5230=CARTESIAN_POINT('',(93.4,-57.1295456072514,11.));
#5231=CARTESIAN_POINT('',(93.4,-57.1295456072514,11.));
#5232=CARTESIAN_POINT('',(93.4,-58.0514870872646,11.));
#5233=CARTESIAN_POINT('Origin',(95.5000014230609,-57.590516347258,11.));
#5234=CARTESIAN_POINT('',(93.4,-58.0514870872646,11.));
#5235=CARTESIAN_POINT('Origin',(95.5000014230609,-123.000001832843,11.));
#5236=CARTESIAN_POINT('',(93.4,-122.539031092836,11.));
#5237=CARTESIAN_POINT('',(93.4,-122.539031092836,11.));
#5238=CARTESIAN_POINT('',(95.9609869954343,-125.1,11.));
#5239=CARTESIAN_POINT('Origin',(95.5000014230609,-123.000001832843,11.));
#5240=CARTESIAN_POINT('',(95.9609869954343,-125.1,11.));
#5241=CARTESIAN_POINT('Origin',(191.061924326393,-123.000001832843,11.));
#5242=CARTESIAN_POINT('',(190.600938754019,-125.1,11.));
#5243=CARTESIAN_POINT('',(190.600938754019,-125.1,11.));
#5244=CARTESIAN_POINT('',(193.1,-122.315350426176,11.));
#5245=CARTESIAN_POINT('Origin',(191.061924326393,-123.000001832843,11.));
#5246=CARTESIAN_POINT('',(193.1,-122.315350426176,11.));
#5247=CARTESIAN_POINT('Origin',(191.061924326393,-57.590516347258,11.));
#5248=CARTESIAN_POINT('',(193.1,-58.2751677539245,11.));
#5249=CARTESIAN_POINT('',(193.1,-58.2751677539245,11.));
#5250=CARTESIAN_POINT('',(193.1,-56.9058649405915,11.));
#5251=CARTESIAN_POINT('Origin',(191.061924326393,-57.590516347258,11.));
#5252=CARTESIAN_POINT('',(193.1,-56.9058649405915,11.));
#5253=CARTESIAN_POINT('Origin',(93.4,-125.1,12.));
#5254=CARTESIAN_POINT('',(93.4,-55.4,11.));
#5255=CARTESIAN_POINT('',(93.4,-55.4,12.));
#5256=CARTESIAN_POINT('',(93.4,-125.1,11.));
#5257=CARTESIAN_POINT('Origin',(143.25,-90.25,11.));
#5258=CARTESIAN_POINT('',(193.1,-55.4,11.));
#5259=CARTESIAN_POINT('',(93.4,-55.4,11.));
#5260=CARTESIAN_POINT('',(193.1,-55.4,11.));
#5261=CARTESIAN_POINT('',(193.1,-55.4,11.));
#5262=CARTESIAN_POINT('',(193.1,-125.1,11.));
#5263=CARTESIAN_POINT('',(93.4,-125.1,11.));
#5264=CARTESIAN_POINT('',(133.000001981854,-79.0000011771917,11.));
#5265=CARTESIAN_POINT('',(125.000001862645,-79.0000011771917,11.));
#5266=CARTESIAN_POINT('',(134.125000931323,-79.0000011771917,11.));
#5267=CARTESIAN_POINT('',(125.000001862645,-99.1067554355972,11.));
#5268=CARTESIAN_POINT('',(125.000001862645,-94.6783777177986,11.));
#5269=CARTESIAN_POINT('',(104.162242587668,-99.1067554355972,11.));
#5270=CARTESIAN_POINT('',(135.125000946224,-99.1067554355972,11.));
#5271=CARTESIAN_POINT('',(104.162242587668,-117.106755703818,11.));
#5272=CARTESIAN_POINT('',(104.162242587668,-94.6783777177986,11.));
#5273=CARTESIAN_POINT('',(188.000002801418,-117.106755703818,11.));
#5274=CARTESIAN_POINT('',(123.706121293834,-117.106755703818,11.));
#5275=CARTESIAN_POINT('',(188.000002801418,-99.1067554355972,11.));
#5276=CARTESIAN_POINT('',(188.000002801418,-103.625000871718,11.));
#5277=CARTESIAN_POINT('',(170.074308115026,-99.1067554355972,11.));
#5278=CARTESIAN_POINT('',(165.625001400709,-99.1067554355972,11.));
#5279=CARTESIAN_POINT('',(170.074308115026,-80.0000011920929,11.));
#5280=CARTESIAN_POINT('',(170.074308115026,-84.6250005885959,11.));
#5281=CARTESIAN_POINT('',(184.000002741814,-80.0000011920929,11.));
#5282=CARTESIAN_POINT('',(155.125001244247,-80.0000011920929,11.));
#5283=CARTESIAN_POINT('',(184.000002741814,-62.000000923872,11.));
#5284=CARTESIAN_POINT('',(184.000002741814,-85.1250005960464,11.));
#5285=CARTESIAN_POINT('',(133.000001981854,-62.000000923872,11.));
#5286=CARTESIAN_POINT('',(163.625001370907,-62.000000923872,11.));
#5287=CARTESIAN_POINT('',(133.000001981854,-76.125000461936,11.));
#5288=CARTESIAN_POINT('Origin',(193.1,-55.4,12.));
#5289=CARTESIAN_POINT('Origin',(125.000001862645,-79.0000011771917,14.));
#5290=CARTESIAN_POINT('',(133.000001981854,-79.0000011771917,14.));
#5291=CARTESIAN_POINT('',(133.000001981854,-79.0000011771917,11.255));
#5292=CARTESIAN_POINT('',(125.000001862645,-79.0000011771917,14.));
#5293=CARTESIAN_POINT('',(134.125000931323,-79.0000011771917,14.));
#5294=CARTESIAN_POINT('',(125.000001862645,-79.0000011771917,14.));
#5295=CARTESIAN_POINT('Origin',(125.000001862645,-99.1067554355972,14.));
#5296=CARTESIAN_POINT('',(125.000001862645,-99.1067554355972,14.));
#5297=CARTESIAN_POINT('',(125.000001862645,-94.6783777177986,14.));
#5298=CARTESIAN_POINT('',(125.000001862645,-99.1067554355972,11.255));
#5299=CARTESIAN_POINT('Origin',(170.074308115026,-79.0000011771917,14.));
#5300=CARTESIAN_POINT('',(170.074308115026,-80.0000011920929,14.));
#5301=CARTESIAN_POINT('',(170.074308115026,-80.0000011920929,11.255));
#5302=CARTESIAN_POINT('',(170.074308115026,-99.1067554355972,14.));
#5303=CARTESIAN_POINT('',(170.074308115026,-99.1067554355972,11.255));
#5304=CARTESIAN_POINT('',(170.074308115026,-84.6250005885959,14.));
#5305=CARTESIAN_POINT('Origin',(127.000001892447,-99.1067554355972,8.51));
#5306=CARTESIAN_POINT('',(104.162242587668,-99.1067554355972,14.));
#5307=CARTESIAN_POINT('',(135.125000946224,-99.1067554355972,14.));
#5308=CARTESIAN_POINT('',(104.162242587668,-99.1067554355972,8.51));
#5309=CARTESIAN_POINT('Origin',(167.000002488494,-80.0000011920929,8.51));
#5310=CARTESIAN_POINT('',(184.000002741814,-80.0000011920929,14.));
#5311=CARTESIAN_POINT('',(155.125001244247,-80.0000011920929,14.));
#5312=CARTESIAN_POINT('',(184.000002741814,-80.0000011920929,8.51));
#5313=CARTESIAN_POINT('Origin',(104.162242587668,-117.106755703818,8.51));
#5314=CARTESIAN_POINT('',(188.000002801418,-117.106755703818,14.));
#5315=CARTESIAN_POINT('',(188.000002801418,-117.106755703818,8.51));
#5316=CARTESIAN_POINT('',(104.162242587668,-117.106755703818,14.));
#5317=CARTESIAN_POINT('',(104.162242587668,-117.106755703818,8.51));
#5318=CARTESIAN_POINT('',(123.706121293834,-117.106755703818,14.));
#5319=CARTESIAN_POINT('Origin',(188.000002801418,-117.000001743436,8.51));
#5320=CARTESIAN_POINT('',(188.000002801418,-99.1067554355972,14.));
#5321=CARTESIAN_POINT('',(188.000002801418,-103.625000871718,14.));
#5322=CARTESIAN_POINT('',(188.000002801418,-99.1067554355972,8.51));
#5323=CARTESIAN_POINT('Origin',(133.000001981854,-62.000000923872,8.51));
#5324=CARTESIAN_POINT('',(133.000001981854,-62.000000923872,14.));
#5325=CARTESIAN_POINT('',(133.000001981854,-62.000000923872,8.51));
#5326=CARTESIAN_POINT('',(133.000001981854,-76.125000461936,14.));
#5327=CARTESIAN_POINT('Origin',(184.000002741814,-62.000000923872,8.51));
#5328=CARTESIAN_POINT('',(184.000002741814,-62.000000923872,14.));
#5329=CARTESIAN_POINT('',(163.625001370907,-62.000000923872,14.));
#5330=CARTESIAN_POINT('',(184.000002741814,-62.000000923872,8.51));
#5331=CARTESIAN_POINT('Origin',(184.000002741814,-80.0000011920929,8.51));
#5332=CARTESIAN_POINT('',(184.000002741814,-85.1250005960464,14.));
#5333=CARTESIAN_POINT('Origin',(188.000002801418,-99.1067554355972,8.51));
#5334=CARTESIAN_POINT('',(165.625001400709,-99.1067554355972,14.));
#5335=CARTESIAN_POINT('Origin',(104.162242587668,-99.1067554355972,8.51));
#5336=CARTESIAN_POINT('',(104.162242587668,-94.6783777177986,14.));
#5337=CARTESIAN_POINT('Origin',(91.,-127.5,12.));
#5338=CARTESIAN_POINT('',(195.5,-127.5,14.));
#5339=CARTESIAN_POINT('',(195.5,-127.5,12.));
#5340=CARTESIAN_POINT('',(91.,-127.5,14.));
#5341=CARTESIAN_POINT('',(195.5,-127.5,14.));
#5342=CARTESIAN_POINT('',(91.,-127.5,12.));
#5343=CARTESIAN_POINT('Origin',(91.,-53.,12.));
#5344=CARTESIAN_POINT('',(91.,-53.,14.));
#5345=CARTESIAN_POINT('',(91.,-127.5,14.));
#5346=CARTESIAN_POINT('',(91.,-53.,12.));
#5347=CARTESIAN_POINT('Origin',(195.5,-53.,12.));
#5348=CARTESIAN_POINT('',(195.5,-53.,14.));
#5349=CARTESIAN_POINT('',(91.,-53.,14.));
#5350=CARTESIAN_POINT('',(195.5,-53.,12.));
#5351=CARTESIAN_POINT('Origin',(195.5,-127.5,12.));
#5352=CARTESIAN_POINT('',(195.5,-53.,14.));
#5353=CARTESIAN_POINT('Origin',(143.25,-90.25,14.));
#5354=CARTESIAN_POINT('Origin',(193.1,-55.4,12.));
#5355=CARTESIAN_POINT('',(193.1,-55.4,12.));
#5356=CARTESIAN_POINT('Origin',(93.4,-55.4,12.));
#5357=CARTESIAN_POINT('Origin',(93.4,-125.1,12.));
#5358=CARTESIAN_POINT('Origin',(193.1,-125.1,12.));
#5359=CARTESIAN_POINT('Origin',(108.000001609325,-55.,10.5000001564622));
#5360=CARTESIAN_POINT('',(122.000001817942,-53.,10.5000001564622));
#5361=CARTESIAN_POINT('',(108.000001609325,-53.,10.5000001564622));
#5362=CARTESIAN_POINT('',(151.750000804663,-53.,10.5000001564622));
#5363=CARTESIAN_POINT('',(122.000001817942,-55.,10.5000001564622));
#5364=CARTESIAN_POINT('',(122.000001817942,-55.,10.5000001564622));
#5365=CARTESIAN_POINT('',(108.000001609325,-55.,10.5000001564622));
#5366=CARTESIAN_POINT('',(100.500000804663,-55.,10.5000001564622));
#5367=CARTESIAN_POINT('',(108.000001609325,-55.,10.5000001564622));
#5368=CARTESIAN_POINT('Origin',(108.000001609325,-55.,5.00000007450581));
#5369=CARTESIAN_POINT('',(108.000001609325,-53.,5.00000007450581));
#5370=CARTESIAN_POINT('',(108.000001609325,-53.,2.5000000372529));
#5371=CARTESIAN_POINT('',(108.000001609325,-55.,5.00000007450581));
#5372=CARTESIAN_POINT('',(108.000001609325,-55.,2.5000000372529));
#5373=CARTESIAN_POINT('',(108.000001609325,-55.,5.00000007450581));
#5374=CARTESIAN_POINT('Origin',(122.000001817942,-55.,5.00000007450581));
#5375=CARTESIAN_POINT('',(122.000001817942,-53.,5.00000007450581));
#5376=CARTESIAN_POINT('',(158.750000908971,-53.,5.00000007450581));
#5377=CARTESIAN_POINT('',(122.000001817942,-55.,5.00000007450581));
#5378=CARTESIAN_POINT('',(107.500000908971,-55.,5.00000007450581));
#5379=CARTESIAN_POINT('',(122.000001817942,-55.,5.00000007450581));
#5380=CARTESIAN_POINT('Origin',(122.000001817942,-55.,10.5000001564622));
#5381=CARTESIAN_POINT('',(122.000001817942,-53.,5.2500000782311));
#5382=CARTESIAN_POINT('',(122.000001817942,-55.,5.2500000782311));
#5383=CARTESIAN_POINT('Origin',(179.,-88.,4.));
#5384=CARTESIAN_POINT('',(181.1,-88.,4.));
#5385=CARTESIAN_POINT('Origin',(179.,-88.,4.));
#5386=CARTESIAN_POINT('',(181.1,-88.,-1.5));
#5387=CARTESIAN_POINT('',(181.1,-88.,4.));
#5388=CARTESIAN_POINT('Origin',(179.,-88.,-1.5));
#5389=CARTESIAN_POINT('Origin',(179.,-88.,-1.5));
#5390=CARTESIAN_POINT('Origin',(101.000001505017,-89.0000013262033,4.));
#5391=CARTESIAN_POINT('',(103.100001505017,-89.0000013262033,4.));
#5392=CARTESIAN_POINT('Origin',(101.000001505017,-89.0000013262033,4.));
#5393=CARTESIAN_POINT('',(103.100001505017,-89.0000013262033,-1.5));
#5394=CARTESIAN_POINT('',(103.100001505017,-89.0000013262033,4.));
#5395=CARTESIAN_POINT('Origin',(101.000001505017,-89.0000013262033,-1.5));
#5396=CARTESIAN_POINT('Origin',(101.000001505017,-89.0000013262033,-1.5));
#5397=CARTESIAN_POINT('Origin',(179.,-88.,4.));
#5398=CARTESIAN_POINT('',(176.,-88.,4.));
#5399=CARTESIAN_POINT('Origin',(179.,-88.,4.));
#5400=CARTESIAN_POINT('Origin',(101.,-89.,4.));
#5401=CARTESIAN_POINT('',(98.,-89.,4.));
#5402=CARTESIAN_POINT('Origin',(101.,-89.,4.));
#5403=CARTESIAN_POINT('Origin',(179.,-88.,0.));
#5404=CARTESIAN_POINT('',(176.,-88.,-2.));
#5405=CARTESIAN_POINT('Origin',(179.,-88.,-2.));
#5406=CARTESIAN_POINT('',(176.,-88.,0.));
#5407=CARTESIAN_POINT('Origin',(101.,-89.,0.));
#5408=CARTESIAN_POINT('',(98.,-89.,-2.));
#5409=CARTESIAN_POINT('Origin',(101.,-89.,-2.));
#5410=CARTESIAN_POINT('',(98.,-89.,0.));
#5411=CARTESIAN_POINT('Origin',(190.6715,-57.8285,11.));
#5412=CARTESIAN_POINT('',(186.943,-55.,11.));
#5413=CARTESIAN_POINT('',(193.5,-61.557,11.));
#5414=CARTESIAN_POINT('Origin',(193.5,-55.,11.));
#5415=CARTESIAN_POINT('',(193.5,-55.,11.));
#5416=CARTESIAN_POINT('',(193.5,-56.41425,11.));
#5417=CARTESIAN_POINT('',(141.83575,-55.,11.));
#5418=CARTESIAN_POINT('',(193.211924326393,-57.590516347258,11.));
#5419=CARTESIAN_POINT('Origin',(191.061924326393,-57.590516347258,11.));
#5420=CARTESIAN_POINT('Origin',(93.,-55.,0.));
#5421=CARTESIAN_POINT('',(186.943,-55.,-2.));
#5422=CARTESIAN_POINT('',(186.943,-55.,-2.));
#5423=CARTESIAN_POINT('',(193.5,-55.,12.));
#5424=CARTESIAN_POINT('',(193.5,-55.,0.));
#5425=CARTESIAN_POINT('',(93.,-55.,12.));
#5426=CARTESIAN_POINT('',(93.,-55.,12.));
#5427=CARTESIAN_POINT('',(93.,-55.,11.));
#5428=CARTESIAN_POINT('',(93.,-55.,0.));
#5429=CARTESIAN_POINT('',(99.5568558932195,-55.,11.));
#5430=CARTESIAN_POINT('',(94.4142139733049,-55.,11.));
#5431=CARTESIAN_POINT('',(99.5568558932195,-55.,-2.));
#5432=CARTESIAN_POINT('',(99.5568558932195,-55.,-2.));
#5433=CARTESIAN_POINT('',(143.25,-55.,-2.));
#5434=CARTESIAN_POINT('Origin',(190.6715,-122.6715,11.));
#5435=CARTESIAN_POINT('',(193.5,-118.943,11.));
#5436=CARTESIAN_POINT('',(193.5,-125.5,11.));
#5437=CARTESIAN_POINT('',(193.5,-88.83575,11.));
#5438=CARTESIAN_POINT('',(186.943,-125.5,11.));
#5439=CARTESIAN_POINT('Origin',(193.5,-125.5,11.));
#5440=CARTESIAN_POINT('',(192.08575,-125.5,11.));
#5441=CARTESIAN_POINT('',(193.211924326393,-123.000001832843,11.));
#5442=CARTESIAN_POINT('Origin',(191.061924326393,-123.000001832843,11.));
#5443=CARTESIAN_POINT('Origin',(193.5,-55.,0.));
#5444=CARTESIAN_POINT('',(193.5,-61.557,-2.));
#5445=CARTESIAN_POINT('',(193.5,-61.557,-2.));
#5446=CARTESIAN_POINT('',(193.5,-118.943,-2.));
#5447=CARTESIAN_POINT('',(193.5,-90.25,-2.));
#5448=CARTESIAN_POINT('',(193.5,-118.943,-2.));
#5449=CARTESIAN_POINT('',(193.5,-125.5,12.));
#5450=CARTESIAN_POINT('',(193.5,-125.5,0.));
#5451=CARTESIAN_POINT('',(193.5,-55.,12.));
#5452=CARTESIAN_POINT('Origin',(193.5,-125.5,0.));
#5453=CARTESIAN_POINT('',(186.943,-125.5,-2.));
#5454=CARTESIAN_POINT('',(186.943,-125.5,-2.));
#5455=CARTESIAN_POINT('',(99.557,-125.5,-2.));
#5456=CARTESIAN_POINT('',(193.5,-125.5,-2.));
#5457=CARTESIAN_POINT('',(99.557,-125.5,11.));
#5458=CARTESIAN_POINT('',(99.557,-125.5,-2.));
#5459=CARTESIAN_POINT('',(93.,-125.5,11.));
#5460=CARTESIAN_POINT('',(144.66425,-125.5,11.));
#5461=CARTESIAN_POINT('',(93.,-125.5,12.));
#5462=CARTESIAN_POINT('',(93.,-125.5,0.));
#5463=CARTESIAN_POINT('',(193.5,-125.5,12.));
#5464=CARTESIAN_POINT('Origin',(95.8285,-122.6715,11.));
#5465=CARTESIAN_POINT('',(93.,-118.943,11.));
#5466=CARTESIAN_POINT('Origin',(93.,-125.5,11.));
#5467=CARTESIAN_POINT('',(93.,-124.08575,11.));
#5468=CARTESIAN_POINT('',(97.6500014230609,-123.000001832843,11.));
#5469=CARTESIAN_POINT('Origin',(95.5000014230609,-123.000001832843,11.));
#5470=CARTESIAN_POINT('Origin',(93.,-125.5,0.));
#5471=CARTESIAN_POINT('',(93.,-118.943,-2.));
#5472=CARTESIAN_POINT('',(93.,-118.943,-2.));
#5473=CARTESIAN_POINT('',(93.,-61.5568558932195,-2.));
#5474=CARTESIAN_POINT('',(93.,-125.5,-2.));
#5475=CARTESIAN_POINT('',(93.,-61.5568558932195,11.));
#5476=CARTESIAN_POINT('',(93.,-61.5568558932195,-2.));
#5477=CARTESIAN_POINT('',(93.,-91.6642139733049,11.));
#5478=CARTESIAN_POINT('',(93.,-125.5,12.));
#5479=CARTESIAN_POINT('Origin',(95.8284279466098,-57.8284279466097,11.));
#5480=CARTESIAN_POINT('Origin',(93.,-55.,11.));
#5481=CARTESIAN_POINT('',(97.6500014230609,-57.590516347258,11.));
#5482=CARTESIAN_POINT('Origin',(95.5000014230609,-57.590516347258,11.));
#5483=CARTESIAN_POINT('Origin',(143.25,-90.25,12.));
#5484=CARTESIAN_POINT('',(195.5,-127.5,12.));
#5485=CARTESIAN_POINT('',(195.5,-53.,12.));
#5486=CARTESIAN_POINT('',(195.5,-53.,12.));
#5487=CARTESIAN_POINT('',(91.,-53.,12.));
#5488=CARTESIAN_POINT('',(91.,-53.,12.));
#5489=CARTESIAN_POINT('',(91.,-127.5,12.));
#5490=CARTESIAN_POINT('',(91.,-127.5,12.));
#5491=CARTESIAN_POINT('',(195.5,-127.5,12.));
#5492=CARTESIAN_POINT('Origin',(95.5000014230609,-57.590516347258,7.));
#5493=CARTESIAN_POINT('',(97.6500014230609,-57.590516347258,2.8));
#5494=CARTESIAN_POINT('',(97.6500014230609,-57.590516347258,7.));
#5495=CARTESIAN_POINT('Origin',(95.5000014230609,-57.590516347258,2.8));
#5496=CARTESIAN_POINT('Origin',(95.5000014230609,-57.590516347258,2.8));
#5497=CARTESIAN_POINT('Origin',(95.5000014230609,-123.000001832843,7.));
#5498=CARTESIAN_POINT('',(97.6500014230609,-123.000001832843,2.8));
#5499=CARTESIAN_POINT('',(97.6500014230609,-123.000001832843,7.));
#5500=CARTESIAN_POINT('Origin',(95.5000014230609,-123.000001832843,2.8));
#5501=CARTESIAN_POINT('Origin',(95.5000014230609,-123.000001832843,2.8));
#5502=CARTESIAN_POINT('Origin',(191.061924326393,-57.590516347258,7.));
#5503=CARTESIAN_POINT('',(193.211924326393,-57.590516347258,2.8));
#5504=CARTESIAN_POINT('',(193.211924326393,-57.590516347258,7.));
#5505=CARTESIAN_POINT('Origin',(191.061924326393,-57.590516347258,2.8));
#5506=CARTESIAN_POINT('Origin',(191.061924326393,-57.590516347258,2.8));
#5507=CARTESIAN_POINT('Origin',(191.061924326393,-123.000001832843,7.));
#5508=CARTESIAN_POINT('',(193.211924326393,-123.000001832843,2.8));
#5509=CARTESIAN_POINT('',(193.211924326393,-123.000001832843,7.));
#5510=CARTESIAN_POINT('Origin',(191.061924326393,-123.000001832843,2.8));
#5511=CARTESIAN_POINT('Origin',(191.061924326393,-123.000001832843,2.8));
#5512=CARTESIAN_POINT('Origin',(143.25,-90.25,-4.));
#5513=CARTESIAN_POINT('',(195.5,-53.,-4.));
#5514=CARTESIAN_POINT('',(195.5,-127.5,-4.));
#5515=CARTESIAN_POINT('',(195.5,-53.,-4.));
#5516=CARTESIAN_POINT('',(91.,-127.5,-4.));
#5517=CARTESIAN_POINT('',(195.5,-127.5,-4.));
#5518=CARTESIAN_POINT('',(91.,-53.,-4.));
#5519=CARTESIAN_POINT('',(91.,-127.5,-4.));
#5520=CARTESIAN_POINT('',(91.,-53.,-4.));
#5521=CARTESIAN_POINT('Origin',(93.,-55.,-2.));
#5522=CARTESIAN_POINT('Origin',(93.,-55.,-2.));
#5523=CARTESIAN_POINT('Origin',(93.,-125.5,-2.));
#5524=CARTESIAN_POINT('Origin',(93.,-125.5,-2.));
#5525=CARTESIAN_POINT('Origin',(193.5,-125.5,-2.));
#5526=CARTESIAN_POINT('Origin',(193.5,-125.5,-2.));
#5527=CARTESIAN_POINT('Origin',(193.5,-125.5,-2.));
#5528=CARTESIAN_POINT('Origin',(193.5,-55.,-2.));
#5529=CARTESIAN_POINT('Origin',(193.5,-55.,-2.));
#5530=CARTESIAN_POINT('Origin',(195.5,-53.,0.));
#5531=CARTESIAN_POINT('',(91.,-53.,0.));
#5532=CARTESIAN_POINT('',(195.5,-53.,0.));
#5533=CARTESIAN_POINT('Origin',(91.,-53.,0.));
#5534=CARTESIAN_POINT('',(91.,-127.5,0.));
#5535=CARTESIAN_POINT('Origin',(91.,-127.5,0.));
#5536=CARTESIAN_POINT('',(195.5,-127.5,0.));
#5537=CARTESIAN_POINT('Origin',(195.5,-127.5,0.));
#5538=CARTESIAN_POINT('',(0.,0.,4.));
#5539=UNCERTAINTY_MEASURE_WITH_UNIT(LENGTH_MEASURE(0.01),#5547,
'DISTANCE_ACCURACY_VALUE',
'Maximum model space distance between geometric entities at asserted c
onnectivities');
#5540=UNCERTAINTY_MEASURE_WITH_UNIT(LENGTH_MEASURE(0.01),#5547,
'DISTANCE_ACCURACY_VALUE',
'Maximum model space distance between geometric entities at asserted c
onnectivities');
#5541=UNCERTAINTY_MEASURE_WITH_UNIT(LENGTH_MEASURE(0.01),#5547,
'DISTANCE_ACCURACY_VALUE',
'Maximum model space distance between geometric entities at asserted c
onnectivities');
#5542=UNCERTAINTY_MEASURE_WITH_UNIT(LENGTH_MEASURE(0.01),#5547,
'DISTANCE_ACCURACY_VALUE',
'Maximum model space distance between geometric entities at asserted c
onnectivities');
#5543=(
GEOMETRIC_REPRESENTATION_CONTEXT(3)
GLOBAL_UNCERTAINTY_ASSIGNED_CONTEXT((#5539))
GLOBAL_UNIT_ASSIGNED_CONTEXT((#5547,#5549,#5550))
REPRESENTATION_CONTEXT('','3D')
);
#5544=(
GEOMETRIC_REPRESENTATION_CONTEXT(3)
GLOBAL_UNCERTAINTY_ASSIGNED_CONTEXT((#5540))
GLOBAL_UNIT_ASSIGNED_CONTEXT((#5547,#5549,#5550))
REPRESENTATION_CONTEXT('','3D')
);
#5545=(
GEOMETRIC_REPRESENTATION_CONTEXT(3)
GLOBAL_UNCERTAINTY_ASSIGNED_CONTEXT((#5541))
GLOBAL_UNIT_ASSIGNED_CONTEXT((#5547,#5549,#5550))
REPRESENTATION_CONTEXT('','3D')
);
#5546=(
GEOMETRIC_REPRESENTATION_CONTEXT(3)
GLOBAL_UNCERTAINTY_ASSIGNED_CONTEXT((#5542))
GLOBAL_UNIT_ASSIGNED_CONTEXT((#5547,#5549,#5550))
REPRESENTATION_CONTEXT('','3D')
);
#5547=(
LENGTH_UNIT()
NAMED_UNIT(*)
SI_UNIT(.MILLI.,.METRE.)
);
#5548=(
LENGTH_UNIT()
NAMED_UNIT(*)
SI_UNIT($,.METRE.)
);
#5549=(
NAMED_UNIT(*)
PLANE_ANGLE_UNIT()
SI_UNIT($,.RADIAN.)
);
#5550=(
NAMED_UNIT(*)
SI_UNIT($,.STERADIAN.)
SOLID_ANGLE_UNIT()
);
#5551=SHAPE_DEFINITION_REPRESENTATION(#5554,#5559);
#5552=SHAPE_DEFINITION_REPRESENTATION(#5555,#5560);
#5553=SHAPE_DEFINITION_REPRESENTATION(#5556,#5561);
#5554=PRODUCT_DEFINITION_SHAPE('',$,#5563);
#5555=PRODUCT_DEFINITION_SHAPE('',$,#5564);
#5556=PRODUCT_DEFINITION_SHAPE('',$,#5565);
#5557=PRODUCT_DEFINITION_SHAPE($,$,#17);
#5558=PRODUCT_DEFINITION_SHAPE($,$,#18);
#5559=SHAPE_REPRESENTATION('',(#3295,#3660),#5543);
#5560=SHAPE_REPRESENTATION('',(#3296,#3510),#5544);
#5561=SHAPE_REPRESENTATION('',(#3297),#5545);
#5562=PRODUCT_DEFINITION_CONTEXT('part definition',#5573,'design');
#5563=PRODUCT_DEFINITION('my-keyboard 1','my-keyboard',#5566,#5562);
#5564=PRODUCT_DEFINITION('my-keyboard 1_1','my-keyboard (1)',#5567,#5562);
#5565=PRODUCT_DEFINITION('my-keyboard-unsaved-export-MDm2oH_PCB',
'my-keyboard-unsaved-export-MDm2oH_PCB',#5568,#5562);
#5566=PRODUCT_DEFINITION_FORMATION('',$,#5575);
#5567=PRODUCT_DEFINITION_FORMATION('',$,#5576);
#5568=PRODUCT_DEFINITION_FORMATION('',$,#5577);
#5569=PRODUCT_RELATED_PRODUCT_CATEGORY('my-keyboard','my-keyboard',(#5575));
#5570=PRODUCT_RELATED_PRODUCT_CATEGORY('my-keyboard (1)',
'my-keyboard (1)',(#5576));
#5571=PRODUCT_RELATED_PRODUCT_CATEGORY(
'my-keyboard-unsaved-export-MDm2oH_PCB',
'my-keyboard-unsaved-export-MDm2oH_PCB',(#5577));
#5572=APPLICATION_PROTOCOL_DEFINITION('international standard',
'automotive_design',2009,#5573);
#5573=APPLICATION_CONTEXT(
'Core Data for Automotive Mechanical Design Process');
#5574=PRODUCT_CONTEXT('part definition',#5573,'mechanical');
#5575=PRODUCT('my-keyboard 1','my-keyboard','KiCad electronic assembly',
(#5574));
#5576=PRODUCT('my-keyboard 1_1','my-keyboard (1)',
'KiCad electronic assembly',(#5574));
#5577=PRODUCT('my-keyboard-unsaved-export-MDm2oH_PCB',
'my-keyboard-unsaved-export-MDm2oH_PCB',$,(#5574));
#5578=PRESENTATION_STYLE_ASSIGNMENT((#5580));
#5579=PRESENTATION_STYLE_ASSIGNMENT((#5581));
#5580=SURFACE_STYLE_USAGE(.BOTH.,#5582);
#5581=SURFACE_STYLE_USAGE(.BOTH.,#5583);
#5582=SURFACE_SIDE_STYLE('',(#5584));
#5583=SURFACE_SIDE_STYLE('',(#5585));
#5584=SURFACE_STYLE_FILL_AREA(#5586);
#5585=SURFACE_STYLE_FILL_AREA(#5587);
#5586=FILL_AREA_STYLE('Stal \X2\2014\X0\ satynowa',(#5588));
#5587=FILL_AREA_STYLE('Opaque(80,124,105)',(#5589));
#5588=FILL_AREA_STYLE_COLOUR('Stal \X2\2014\X0\ satynowa',#5590);
#5589=FILL_AREA_STYLE_COLOUR('Opaque(80,124,105)',#5591);
#5590=COLOUR_RGB('Stal \X2\2014\X0\ satynowa',0.627450980392157,0.627450980392157,
0.627450980392157);
#5591=COLOUR_RGB('Opaque(80,124,105)',0.313725490196078,0.486274509803922,
0.411764705882353);
ENDSEC;
END-ISO-10303-21;
