ISO-10303-21;
HEADER;
/* Generated by software containing ST-Developer
 * from STEP Tools, Inc. (www.steptools.com) 
 */

FILE_DESCRIPTION(
/* description */ ('KiCad electronic assembly'),
/* implementation_level */ '2;1');

FILE_NAME(
/* name */ 'my-keyboard-case.step',
/* time_stamp */ '2026-08-03T20:26:01+02:00',
/* author */ (''),
/* organization */ (''),
/* preprocessor_version */ 'ST-DEVELOPER v20.1',
/* originating_system */ 'Autodesk Translation Framework v15.8.0.0',
/* authorisation */ '');

FILE_SCHEMA (('AUTOMOTIVE_DESIGN { 1 0 10303 214 3 1 1 }'));
ENDSEC;

DATA;
#10=MECHANICAL_DESIGN_GEOMETRIC_PRESENTATION_REPRESENTATION('',(#19,#20,
#21),#5369);
#11=ITEM_DEFINED_TRANSFORMATION($,$,#3209,#3558);
#12=(
REPRESENTATION_RELATIONSHIP($,$,#5380,#5379)
REPRESENTATION_RELATIONSHIP_WITH_TRANSFORMATION(#11)
SHAPE_REPRESENTATION_RELATIONSHIP()
);
#13=CONTEXT_DEPENDENT_SHAPE_REPRESENTATION(#12,#5378);
#14=NEXT_ASSEMBLY_USAGE_OCCURRENCE('my-keyboard_PCB:1',
'my-keyboard_PCB:1','my-keyboard_PCB:1',#5382,#5383,'my-keyboard_PCB:1');
#15=SHAPE_REPRESENTATION_RELATIONSHIP('SRR','None',#5380,#17);
#16=SHAPE_REPRESENTATION_RELATIONSHIP('SRR','None',#5379,#18);
#17=ADVANCED_BREP_SHAPE_REPRESENTATION('',(#22),#5368);
#18=ADVANCED_BREP_SHAPE_REPRESENTATION('',(#23,#24),#5367);
#19=STYLED_ITEM('',(#5394),#22);
#20=STYLED_ITEM('',(#5393),#23);
#21=STYLED_ITEM('',(#5393),#24);
#22=MANIFOLD_SOLID_BREP('Bry\X2\0142\X0\a1',#3193);
#23=MANIFOLD_SOLID_BREP('Base',#3194);
#24=MANIFOLD_SOLID_BREP('Lid',#3195);
#25=CYLINDRICAL_SURFACE('',#3352,1.1);
#26=CYLINDRICAL_SURFACE('',#3353,0.5);
#27=CYLINDRICAL_SURFACE('',#3354,0.75);
#28=CYLINDRICAL_SURFACE('',#3356,0.75);
#29=CYLINDRICAL_SURFACE('',#3358,0.5);
#30=CYLINDRICAL_SURFACE('',#3359,0.5);
#31=CYLINDRICAL_SURFACE('',#3360,0.5);
#32=CYLINDRICAL_SURFACE('',#3361,0.85);
#33=CYLINDRICAL_SURFACE('',#3362,0.5);
#34=CYLINDRICAL_SURFACE('',#3363,2.);
#35=CYLINDRICAL_SURFACE('',#3364,0.85);
#36=CYLINDRICAL_SURFACE('',#3365,0.75);
#37=CYLINDRICAL_SURFACE('',#3366,0.75);
#38=CYLINDRICAL_SURFACE('',#3368,0.75);
#39=CYLINDRICAL_SURFACE('',#3370,0.4);
#40=CYLINDRICAL_SURFACE('',#3371,0.4);
#41=CYLINDRICAL_SURFACE('',#3372,0.4);
#42=CYLINDRICAL_SURFACE('',#3373,0.4);
#43=CYLINDRICAL_SURFACE('',#3374,0.75);
#44=CYLINDRICAL_SURFACE('',#3375,0.85);
#45=CYLINDRICAL_SURFACE('',#3376,0.75);
#46=CYLINDRICAL_SURFACE('',#3377,2.);
#47=CYLINDRICAL_SURFACE('',#3378,0.85);
#48=CYLINDRICAL_SURFACE('',#3379,0.5);
#49=CYLINDRICAL_SURFACE('',#3380,0.75);
#50=CYLINDRICAL_SURFACE('',#3382,0.75);
#51=CYLINDRICAL_SURFACE('',#3384,0.5);
#52=CYLINDRICAL_SURFACE('',#3385,0.5);
#53=CYLINDRICAL_SURFACE('',#3386,0.5);
#54=CYLINDRICAL_SURFACE('',#3387,0.5);
#55=CYLINDRICAL_SURFACE('',#3388,0.75);
#56=CYLINDRICAL_SURFACE('',#3389,0.75);
#57=CYLINDRICAL_SURFACE('',#3391,0.75);
#58=CYLINDRICAL_SURFACE('',#3393,1.1);
#59=CYLINDRICAL_SURFACE('',#3394,0.4);
#60=CYLINDRICAL_SURFACE('',#3395,0.4);
#61=CYLINDRICAL_SURFACE('',#3396,0.4);
#62=CYLINDRICAL_SURFACE('',#3397,0.4);
#63=CYLINDRICAL_SURFACE('',#3398,0.5);
#64=CYLINDRICAL_SURFACE('',#3399,0.5);
#65=CYLINDRICAL_SURFACE('',#3400,0.85);
#66=CYLINDRICAL_SURFACE('',#3401,2.);
#67=CYLINDRICAL_SURFACE('',#3402,0.75);
#68=CYLINDRICAL_SURFACE('',#3403,0.85);
#69=CYLINDRICAL_SURFACE('',#3404,0.75);
#70=CYLINDRICAL_SURFACE('',#3405,0.5);
#71=CYLINDRICAL_SURFACE('',#3406,0.5);
#72=CYLINDRICAL_SURFACE('',#3407,0.5);
#73=CYLINDRICAL_SURFACE('',#3408,0.5);
#74=CYLINDRICAL_SURFACE('',#3409,0.5);
#75=CYLINDRICAL_SURFACE('',#3410,0.5);
#76=CYLINDRICAL_SURFACE('',#3411,1.1);
#77=CYLINDRICAL_SURFACE('',#3412,0.5);
#78=CYLINDRICAL_SURFACE('',#3413,0.5);
#79=CYLINDRICAL_SURFACE('',#3414,0.5);
#80=CYLINDRICAL_SURFACE('',#3415,0.5);
#81=CYLINDRICAL_SURFACE('',#3416,1.1);
#82=CYLINDRICAL_SURFACE('',#3417,0.5);
#83=CYLINDRICAL_SURFACE('',#3418,0.5);
#84=CYLINDRICAL_SURFACE('',#3419,0.85);
#85=CYLINDRICAL_SURFACE('',#3420,0.75);
#86=CYLINDRICAL_SURFACE('',#3421,2.);
#87=CYLINDRICAL_SURFACE('',#3422,0.85);
#88=CYLINDRICAL_SURFACE('',#3423,0.75);
#89=CYLINDRICAL_SURFACE('',#3424,0.5);
#90=CYLINDRICAL_SURFACE('',#3425,0.5);
#91=CYLINDRICAL_SURFACE('',#3426,0.5);
#92=CYLINDRICAL_SURFACE('',#3427,0.5);
#93=CYLINDRICAL_SURFACE('',#3428,0.8115);
#94=CYLINDRICAL_SURFACE('',#3432,0.8115);
#95=CYLINDRICAL_SURFACE('',#3436,0.8115);
#96=CYLINDRICAL_SURFACE('',#3440,0.8115);
#97=CYLINDRICAL_SURFACE('',#3444,0.8115);
#98=CYLINDRICAL_SURFACE('',#3450,0.8115);
#99=CYLINDRICAL_SURFACE('',#3479,5.657);
#100=CYLINDRICAL_SURFACE('',#3489,5.657);
#101=CYLINDRICAL_SURFACE('',#3490,5.65685589321948);
#102=CYLINDRICAL_SURFACE('',#3491,5.657);
#103=CYLINDRICAL_SURFACE('',#3492,0.8115);
#104=CYLINDRICAL_SURFACE('',#3495,0.8115);
#105=CYLINDRICAL_SURFACE('',#3498,2.5);
#106=CYLINDRICAL_SURFACE('',#3499,2.5);
#107=CYLINDRICAL_SURFACE('',#3500,2.5);
#108=CYLINDRICAL_SURFACE('',#3501,2.5);
#109=CYLINDRICAL_SURFACE('',#3524,1.99999999999999);
#110=CYLINDRICAL_SURFACE('',#3529,1.99999999999999);
#111=CYLINDRICAL_SURFACE('',#3534,2.00000000000001);
#112=CYLINDRICAL_SURFACE('',#3539,1.99999999999999);
#113=CYLINDRICAL_SURFACE('',#3544,1.00000000000001);
#114=CYLINDRICAL_SURFACE('',#3545,0.999999999999996);
#115=CYLINDRICAL_SURFACE('',#3546,1.00000000000001);
#116=CYLINDRICAL_SURFACE('',#3547,0.999999999999996);
#117=FACE_BOUND('',#627,.T.);
#118=FACE_BOUND('',#628,.T.);
#119=FACE_BOUND('',#629,.T.);
#120=FACE_BOUND('',#630,.T.);
#121=FACE_BOUND('',#631,.T.);
#122=FACE_BOUND('',#632,.T.);
#123=FACE_BOUND('',#633,.T.);
#124=FACE_BOUND('',#634,.T.);
#125=FACE_BOUND('',#635,.T.);
#126=FACE_BOUND('',#636,.T.);
#127=FACE_BOUND('',#637,.T.);
#128=FACE_BOUND('',#638,.T.);
#129=FACE_BOUND('',#639,.T.);
#130=FACE_BOUND('',#640,.T.);
#131=FACE_BOUND('',#641,.T.);
#132=FACE_BOUND('',#642,.T.);
#133=FACE_BOUND('',#643,.T.);
#134=FACE_BOUND('',#644,.T.);
#135=FACE_BOUND('',#645,.T.);
#136=FACE_BOUND('',#646,.T.);
#137=FACE_BOUND('',#647,.T.);
#138=FACE_BOUND('',#648,.T.);
#139=FACE_BOUND('',#649,.T.);
#140=FACE_BOUND('',#650,.T.);
#141=FACE_BOUND('',#651,.T.);
#142=FACE_BOUND('',#652,.T.);
#143=FACE_BOUND('',#653,.T.);
#144=FACE_BOUND('',#654,.T.);
#145=FACE_BOUND('',#655,.T.);
#146=FACE_BOUND('',#656,.T.);
#147=FACE_BOUND('',#657,.T.);
#148=FACE_BOUND('',#658,.T.);
#149=FACE_BOUND('',#659,.T.);
#150=FACE_BOUND('',#660,.T.);
#151=FACE_BOUND('',#661,.T.);
#152=FACE_BOUND('',#662,.T.);
#153=FACE_BOUND('',#663,.T.);
#154=FACE_BOUND('',#664,.T.);
#155=FACE_BOUND('',#665,.T.);
#156=FACE_BOUND('',#666,.T.);
#157=FACE_BOUND('',#667,.T.);
#158=FACE_BOUND('',#668,.T.);
#159=FACE_BOUND('',#669,.T.);
#160=FACE_BOUND('',#670,.T.);
#161=FACE_BOUND('',#671,.T.);
#162=FACE_BOUND('',#672,.T.);
#163=FACE_BOUND('',#673,.T.);
#164=FACE_BOUND('',#674,.T.);
#165=FACE_BOUND('',#675,.T.);
#166=FACE_BOUND('',#676,.T.);
#167=FACE_BOUND('',#677,.T.);
#168=FACE_BOUND('',#678,.T.);
#169=FACE_BOUND('',#679,.T.);
#170=FACE_BOUND('',#680,.T.);
#171=FACE_BOUND('',#681,.T.);
#172=FACE_BOUND('',#682,.T.);
#173=FACE_BOUND('',#683,.T.);
#174=FACE_BOUND('',#684,.T.);
#175=FACE_BOUND('',#685,.T.);
#176=FACE_BOUND('',#686,.T.);
#177=FACE_BOUND('',#687,.T.);
#178=FACE_BOUND('',#688,.T.);
#179=FACE_BOUND('',#689,.T.);
#180=FACE_BOUND('',#690,.T.);
#181=FACE_BOUND('',#692,.T.);
#182=FACE_BOUND('',#693,.T.);
#183=FACE_BOUND('',#694,.T.);
#184=FACE_BOUND('',#695,.T.);
#185=FACE_BOUND('',#696,.T.);
#186=FACE_BOUND('',#697,.T.);
#187=FACE_BOUND('',#698,.T.);
#188=FACE_BOUND('',#699,.T.);
#189=FACE_BOUND('',#700,.T.);
#190=FACE_BOUND('',#701,.T.);
#191=FACE_BOUND('',#702,.T.);
#192=FACE_BOUND('',#703,.T.);
#193=FACE_BOUND('',#704,.T.);
#194=FACE_BOUND('',#705,.T.);
#195=FACE_BOUND('',#706,.T.);
#196=FACE_BOUND('',#707,.T.);
#197=FACE_BOUND('',#708,.T.);
#198=FACE_BOUND('',#709,.T.);
#199=FACE_BOUND('',#710,.T.);
#200=FACE_BOUND('',#711,.T.);
#201=FACE_BOUND('',#712,.T.);
#202=FACE_BOUND('',#713,.T.);
#203=FACE_BOUND('',#714,.T.);
#204=FACE_BOUND('',#715,.T.);
#205=FACE_BOUND('',#716,.T.);
#206=FACE_BOUND('',#717,.T.);
#207=FACE_BOUND('',#718,.T.);
#208=FACE_BOUND('',#719,.T.);
#209=FACE_BOUND('',#720,.T.);
#210=FACE_BOUND('',#721,.T.);
#211=FACE_BOUND('',#722,.T.);
#212=FACE_BOUND('',#723,.T.);
#213=FACE_BOUND('',#724,.T.);
#214=FACE_BOUND('',#725,.T.);
#215=FACE_BOUND('',#726,.T.);
#216=FACE_BOUND('',#727,.T.);
#217=FACE_BOUND('',#728,.T.);
#218=FACE_BOUND('',#729,.T.);
#219=FACE_BOUND('',#730,.T.);
#220=FACE_BOUND('',#731,.T.);
#221=FACE_BOUND('',#732,.T.);
#222=FACE_BOUND('',#733,.T.);
#223=FACE_BOUND('',#734,.T.);
#224=FACE_BOUND('',#735,.T.);
#225=FACE_BOUND('',#736,.T.);
#226=FACE_BOUND('',#737,.T.);
#227=FACE_BOUND('',#738,.T.);
#228=FACE_BOUND('',#739,.T.);
#229=FACE_BOUND('',#740,.T.);
#230=FACE_BOUND('',#741,.T.);
#231=FACE_BOUND('',#742,.T.);
#232=FACE_BOUND('',#743,.T.);
#233=FACE_BOUND('',#744,.T.);
#234=FACE_BOUND('',#745,.T.);
#235=FACE_BOUND('',#746,.T.);
#236=FACE_BOUND('',#747,.T.);
#237=FACE_BOUND('',#748,.T.);
#238=FACE_BOUND('',#749,.T.);
#239=FACE_BOUND('',#750,.T.);
#240=FACE_BOUND('',#751,.T.);
#241=FACE_BOUND('',#752,.T.);
#242=FACE_BOUND('',#753,.T.);
#243=FACE_BOUND('',#754,.T.);
#244=FACE_BOUND('',#755,.T.);
#245=FACE_BOUND('',#844,.T.);
#246=FACE_BOUND('',#848,.T.);
#247=FACE_BOUND('',#850,.T.);
#248=FACE_BOUND('',#853,.T.);
#249=FACE_BOUND('',#855,.T.);
#250=FACE_BOUND('',#857,.T.);
#251=FACE_BOUND('',#861,.T.);
#252=FACE_BOUND('',#863,.T.);
#253=FACE_BOUND('',#865,.T.);
#254=FACE_BOUND('',#867,.T.);
#255=FACE_BOUND('',#874,.T.);
#256=FACE_BOUND('',#875,.T.);
#257=FACE_BOUND('',#876,.T.);
#258=FACE_BOUND('',#877,.T.);
#259=FACE_BOUND('',#893,.T.);
#260=FACE_BOUND('',#900,.T.);
#261=FACE_BOUND('',#901,.T.);
#262=FACE_BOUND('',#902,.T.);
#263=FACE_BOUND('',#903,.T.);
#264=FACE_BOUND('',#904,.T.);
#265=FACE_BOUND('',#915,.T.);
#266=FACE_BOUND('',#918,.T.);
#267=FACE_BOUND('',#921,.T.);
#268=FACE_BOUND('',#924,.T.);
#269=FACE_BOUND('',#930,.T.);
#270=FACE_BOUND('',#936,.T.);
#271=FACE_BOUND('',#937,.T.);
#272=FACE_BOUND('',#938,.T.);
#273=FACE_BOUND('',#939,.T.);
#274=FACE_BOUND('',#940,.T.);
#275=CIRCLE('',#3214,1.1);
#276=CIRCLE('',#3215,0.5);
#277=CIRCLE('',#3216,0.75);
#278=CIRCLE('',#3217,0.75);
#279=CIRCLE('',#3218,0.5);
#280=CIRCLE('',#3219,0.5);
#281=CIRCLE('',#3220,0.5);
#282=CIRCLE('',#3221,0.85);
#283=CIRCLE('',#3222,0.5);
#284=CIRCLE('',#3223,2.);
#285=CIRCLE('',#3224,0.85);
#286=CIRCLE('',#3225,0.75);
#287=CIRCLE('',#3226,0.75);
#288=CIRCLE('',#3227,0.75);
#289=CIRCLE('',#3228,0.4);
#290=CIRCLE('',#3229,0.4);
#291=CIRCLE('',#3230,0.4);
#292=CIRCLE('',#3231,0.4);
#293=CIRCLE('',#3232,0.75);
#294=CIRCLE('',#3233,0.85);
#295=CIRCLE('',#3234,0.75);
#296=CIRCLE('',#3235,2.);
#297=CIRCLE('',#3236,0.85);
#298=CIRCLE('',#3237,0.5);
#299=CIRCLE('',#3238,0.75);
#300=CIRCLE('',#3239,0.75);
#301=CIRCLE('',#3240,0.5);
#302=CIRCLE('',#3241,0.5);
#303=CIRCLE('',#3242,0.5);
#304=CIRCLE('',#3243,0.5);
#305=CIRCLE('',#3244,0.75);
#306=CIRCLE('',#3245,0.75);
#307=CIRCLE('',#3246,0.75);
#308=CIRCLE('',#3247,1.1);
#309=CIRCLE('',#3248,0.4);
#310=CIRCLE('',#3249,0.4);
#311=CIRCLE('',#3250,0.4);
#312=CIRCLE('',#3251,0.4);
#313=CIRCLE('',#3252,0.5);
#314=CIRCLE('',#3253,0.5);
#315=CIRCLE('',#3254,0.85);
#316=CIRCLE('',#3255,2.);
#317=CIRCLE('',#3256,0.75);
#318=CIRCLE('',#3257,0.85);
#319=CIRCLE('',#3258,0.75);
#320=CIRCLE('',#3259,0.5);
#321=CIRCLE('',#3260,0.5);
#322=CIRCLE('',#3261,0.5);
#323=CIRCLE('',#3262,0.5);
#324=CIRCLE('',#3263,0.5);
#325=CIRCLE('',#3264,0.5);
#326=CIRCLE('',#3265,1.1);
#327=CIRCLE('',#3266,0.5);
#328=CIRCLE('',#3267,0.5);
#329=CIRCLE('',#3268,0.5);
#330=CIRCLE('',#3269,0.5);
#331=CIRCLE('',#3270,1.1);
#332=CIRCLE('',#3271,0.5);
#333=CIRCLE('',#3272,0.5);
#334=CIRCLE('',#3273,0.85);
#335=CIRCLE('',#3274,0.75);
#336=CIRCLE('',#3275,2.);
#337=CIRCLE('',#3276,0.85);
#338=CIRCLE('',#3277,0.75);
#339=CIRCLE('',#3278,0.5);
#340=CIRCLE('',#3279,0.5);
#341=CIRCLE('',#3280,0.5);
#342=CIRCLE('',#3281,0.5);
#343=CIRCLE('',#3283,1.1);
#344=CIRCLE('',#3284,0.5);
#345=CIRCLE('',#3285,0.75);
#346=CIRCLE('',#3286,0.75);
#347=CIRCLE('',#3287,0.5);
#348=CIRCLE('',#3288,0.5);
#349=CIRCLE('',#3289,0.5);
#350=CIRCLE('',#3290,0.85);
#351=CIRCLE('',#3291,0.5);
#352=CIRCLE('',#3292,2.);
#353=CIRCLE('',#3293,0.85);
#354=CIRCLE('',#3294,0.75);
#355=CIRCLE('',#3295,0.75);
#356=CIRCLE('',#3296,0.75);
#357=CIRCLE('',#3297,0.4);
#358=CIRCLE('',#3298,0.4);
#359=CIRCLE('',#3299,0.4);
#360=CIRCLE('',#3300,0.4);
#361=CIRCLE('',#3301,0.75);
#362=CIRCLE('',#3302,0.85);
#363=CIRCLE('',#3303,0.75);
#364=CIRCLE('',#3304,2.);
#365=CIRCLE('',#3305,0.85);
#366=CIRCLE('',#3306,0.5);
#367=CIRCLE('',#3307,0.75);
#368=CIRCLE('',#3308,0.75);
#369=CIRCLE('',#3309,0.5);
#370=CIRCLE('',#3310,0.5);
#371=CIRCLE('',#3311,0.5);
#372=CIRCLE('',#3312,0.5);
#373=CIRCLE('',#3313,0.75);
#374=CIRCLE('',#3314,0.75);
#375=CIRCLE('',#3315,0.75);
#376=CIRCLE('',#3316,1.1);
#377=CIRCLE('',#3317,0.4);
#378=CIRCLE('',#3318,0.4);
#379=CIRCLE('',#3319,0.4);
#380=CIRCLE('',#3320,0.4);
#381=CIRCLE('',#3321,0.5);
#382=CIRCLE('',#3322,0.5);
#383=CIRCLE('',#3323,0.85);
#384=CIRCLE('',#3324,2.);
#385=CIRCLE('',#3325,0.75);
#386=CIRCLE('',#3326,0.85);
#387=CIRCLE('',#3327,0.75);
#388=CIRCLE('',#3328,0.5);
#389=CIRCLE('',#3329,0.5);
#390=CIRCLE('',#3330,0.5);
#391=CIRCLE('',#3331,0.5);
#392=CIRCLE('',#3332,0.5);
#393=CIRCLE('',#3333,0.5);
#394=CIRCLE('',#3334,1.1);
#395=CIRCLE('',#3335,0.5);
#396=CIRCLE('',#3336,0.5);
#397=CIRCLE('',#3337,0.5);
#398=CIRCLE('',#3338,0.5);
#399=CIRCLE('',#3339,1.1);
#400=CIRCLE('',#3340,0.5);
#401=CIRCLE('',#3341,0.5);
#402=CIRCLE('',#3342,0.85);
#403=CIRCLE('',#3343,0.75);
#404=CIRCLE('',#3344,2.);
#405=CIRCLE('',#3345,0.85);
#406=CIRCLE('',#3346,0.75);
#407=CIRCLE('',#3347,0.5);
#408=CIRCLE('',#3348,0.5);
#409=CIRCLE('',#3349,0.5);
#410=CIRCLE('',#3350,0.5);
#411=CIRCLE('',#3429,0.8115);
#412=CIRCLE('',#3430,0.811499999999999);
#413=CIRCLE('',#3433,0.8115);
#414=CIRCLE('',#3434,0.811499999999999);
#415=CIRCLE('',#3437,0.8115);
#416=CIRCLE('',#3438,0.811499999999999);
#417=CIRCLE('',#3441,0.8115);
#418=CIRCLE('',#3442,0.811499999999999);
#419=CIRCLE('',#3445,0.8115);
#420=CIRCLE('',#3446,0.811499999999999);
#421=CIRCLE('',#3449,2.5);
#422=CIRCLE('',#3451,0.8115);
#423=CIRCLE('',#3452,0.811499999999999);
#424=CIRCLE('',#3455,2.5);
#425=CIRCLE('',#3457,5.657);
#426=CIRCLE('',#3460,5.657);
#427=CIRCLE('',#3463,5.657);
#428=CIRCLE('',#3467,2.5);
#429=CIRCLE('',#3468,0.8115);
#430=CIRCLE('',#3470,2.5);
#431=CIRCLE('',#3471,0.8115);
#432=CIRCLE('',#3473,5.65685589321948);
#433=CIRCLE('',#3480,5.657);
#434=CIRCLE('',#3482,5.657);
#435=CIRCLE('',#3483,5.657);
#436=CIRCLE('',#3484,5.65685589321948);
#437=CIRCLE('',#3485,2.5);
#438=CIRCLE('',#3486,2.5);
#439=CIRCLE('',#3487,2.5);
#440=CIRCLE('',#3488,2.5);
#441=CIRCLE('',#3493,0.8115);
#442=CIRCLE('',#3496,0.8115);
#443=CIRCLE('',#3512,0.999999999999996);
#444=CIRCLE('',#3513,1.00000000000001);
#445=CIRCLE('',#3514,0.999999999999996);
#446=CIRCLE('',#3515,1.00000000000001);
#447=CIRCLE('',#3525,1.99999999999999);
#448=CIRCLE('',#3526,1.99999999999999);
#449=CIRCLE('',#3528,1.00000000000001);
#450=CIRCLE('',#3530,1.99999999999999);
#451=CIRCLE('',#3531,1.99999999999999);
#452=CIRCLE('',#3533,1.00000000000001);
#453=CIRCLE('',#3535,2.00000000000001);
#454=CIRCLE('',#3536,2.00000000000001);
#455=CIRCLE('',#3538,0.999999999999996);
#456=CIRCLE('',#3540,1.99999999999999);
#457=CIRCLE('',#3541,1.99999999999999);
#458=CIRCLE('',#3543,0.999999999999996);
#459=FACE_OUTER_BOUND('',#623,.T.);
#460=FACE_OUTER_BOUND('',#624,.T.);
#461=FACE_OUTER_BOUND('',#625,.T.);
#462=FACE_OUTER_BOUND('',#626,.T.);
#463=FACE_OUTER_BOUND('',#691,.T.);
#464=FACE_OUTER_BOUND('',#756,.T.);
#465=FACE_OUTER_BOUND('',#757,.T.);
#466=FACE_OUTER_BOUND('',#758,.T.);
#467=FACE_OUTER_BOUND('',#759,.T.);
#468=FACE_OUTER_BOUND('',#760,.T.);
#469=FACE_OUTER_BOUND('',#761,.T.);
#470=FACE_OUTER_BOUND('',#762,.T.);
#471=FACE_OUTER_BOUND('',#763,.T.);
#472=FACE_OUTER_BOUND('',#764,.T.);
#473=FACE_OUTER_BOUND('',#765,.T.);
#474=FACE_OUTER_BOUND('',#766,.T.);
#475=FACE_OUTER_BOUND('',#767,.T.);
#476=FACE_OUTER_BOUND('',#768,.T.);
#477=FACE_OUTER_BOUND('',#769,.T.);
#478=FACE_OUTER_BOUND('',#770,.T.);
#479=FACE_OUTER_BOUND('',#771,.T.);
#480=FACE_OUTER_BOUND('',#772,.T.);
#481=FACE_OUTER_BOUND('',#773,.T.);
#482=FACE_OUTER_BOUND('',#774,.T.);
#483=FACE_OUTER_BOUND('',#775,.T.);
#484=FACE_OUTER_BOUND('',#776,.T.);
#485=FACE_OUTER_BOUND('',#777,.T.);
#486=FACE_OUTER_BOUND('',#778,.T.);
#487=FACE_OUTER_BOUND('',#779,.T.);
#488=FACE_OUTER_BOUND('',#780,.T.);
#489=FACE_OUTER_BOUND('',#781,.T.);
#490=FACE_OUTER_BOUND('',#782,.T.);
#491=FACE_OUTER_BOUND('',#783,.T.);
#492=FACE_OUTER_BOUND('',#784,.T.);
#493=FACE_OUTER_BOUND('',#785,.T.);
#494=FACE_OUTER_BOUND('',#786,.T.);
#495=FACE_OUTER_BOUND('',#787,.T.);
#496=FACE_OUTER_BOUND('',#788,.T.);
#497=FACE_OUTER_BOUND('',#789,.T.);
#498=FACE_OUTER_BOUND('',#790,.T.);
#499=FACE_OUTER_BOUND('',#791,.T.);
#500=FACE_OUTER_BOUND('',#792,.T.);
#501=FACE_OUTER_BOUND('',#793,.T.);
#502=FACE_OUTER_BOUND('',#794,.T.);
#503=FACE_OUTER_BOUND('',#795,.T.);
#504=FACE_OUTER_BOUND('',#796,.T.);
#505=FACE_OUTER_BOUND('',#797,.T.);
#506=FACE_OUTER_BOUND('',#798,.T.);
#507=FACE_OUTER_BOUND('',#799,.T.);
#508=FACE_OUTER_BOUND('',#800,.T.);
#509=FACE_OUTER_BOUND('',#801,.T.);
#510=FACE_OUTER_BOUND('',#802,.T.);
#511=FACE_OUTER_BOUND('',#803,.T.);
#512=FACE_OUTER_BOUND('',#804,.T.);
#513=FACE_OUTER_BOUND('',#805,.T.);
#514=FACE_OUTER_BOUND('',#806,.T.);
#515=FACE_OUTER_BOUND('',#807,.T.);
#516=FACE_OUTER_BOUND('',#808,.T.);
#517=FACE_OUTER_BOUND('',#809,.T.);
#518=FACE_OUTER_BOUND('',#810,.T.);
#519=FACE_OUTER_BOUND('',#811,.T.);
#520=FACE_OUTER_BOUND('',#812,.T.);
#521=FACE_OUTER_BOUND('',#813,.T.);
#522=FACE_OUTER_BOUND('',#814,.T.);
#523=FACE_OUTER_BOUND('',#815,.T.);
#524=FACE_OUTER_BOUND('',#816,.T.);
#525=FACE_OUTER_BOUND('',#817,.T.);
#526=FACE_OUTER_BOUND('',#818,.T.);
#527=FACE_OUTER_BOUND('',#819,.T.);
#528=FACE_OUTER_BOUND('',#820,.T.);
#529=FACE_OUTER_BOUND('',#821,.T.);
#530=FACE_OUTER_BOUND('',#822,.T.);
#531=FACE_OUTER_BOUND('',#823,.T.);
#532=FACE_OUTER_BOUND('',#824,.T.);
#533=FACE_OUTER_BOUND('',#825,.T.);
#534=FACE_OUTER_BOUND('',#826,.T.);
#535=FACE_OUTER_BOUND('',#827,.T.);
#536=FACE_OUTER_BOUND('',#828,.T.);
#537=FACE_OUTER_BOUND('',#829,.T.);
#538=FACE_OUTER_BOUND('',#830,.T.);
#539=FACE_OUTER_BOUND('',#831,.T.);
#540=FACE_OUTER_BOUND('',#832,.T.);
#541=FACE_OUTER_BOUND('',#833,.T.);
#542=FACE_OUTER_BOUND('',#834,.T.);
#543=FACE_OUTER_BOUND('',#835,.T.);
#544=FACE_OUTER_BOUND('',#836,.T.);
#545=FACE_OUTER_BOUND('',#837,.T.);
#546=FACE_OUTER_BOUND('',#838,.T.);
#547=FACE_OUTER_BOUND('',#839,.T.);
#548=FACE_OUTER_BOUND('',#840,.T.);
#549=FACE_OUTER_BOUND('',#841,.T.);
#550=FACE_OUTER_BOUND('',#842,.T.);
#551=FACE_OUTER_BOUND('',#843,.T.);
#552=FACE_OUTER_BOUND('',#845,.T.);
#553=FACE_OUTER_BOUND('',#846,.T.);
#554=FACE_OUTER_BOUND('',#847,.T.);
#555=FACE_OUTER_BOUND('',#849,.T.);
#556=FACE_OUTER_BOUND('',#851,.T.);
#557=FACE_OUTER_BOUND('',#852,.T.);
#558=FACE_OUTER_BOUND('',#854,.T.);
#559=FACE_OUTER_BOUND('',#856,.T.);
#560=FACE_OUTER_BOUND('',#858,.T.);
#561=FACE_OUTER_BOUND('',#859,.T.);
#562=FACE_OUTER_BOUND('',#860,.T.);
#563=FACE_OUTER_BOUND('',#862,.T.);
#564=FACE_OUTER_BOUND('',#864,.T.);
#565=FACE_OUTER_BOUND('',#866,.T.);
#566=FACE_OUTER_BOUND('',#868,.T.);
#567=FACE_OUTER_BOUND('',#869,.T.);
#568=FACE_OUTER_BOUND('',#870,.T.);
#569=FACE_OUTER_BOUND('',#871,.T.);
#570=FACE_OUTER_BOUND('',#872,.T.);
#571=FACE_OUTER_BOUND('',#873,.T.);
#572=FACE_OUTER_BOUND('',#878,.T.);
#573=FACE_OUTER_BOUND('',#879,.T.);
#574=FACE_OUTER_BOUND('',#880,.T.);
#575=FACE_OUTER_BOUND('',#881,.T.);
#576=FACE_OUTER_BOUND('',#882,.T.);
#577=FACE_OUTER_BOUND('',#883,.T.);
#578=FACE_OUTER_BOUND('',#884,.T.);
#579=FACE_OUTER_BOUND('',#885,.T.);
#580=FACE_OUTER_BOUND('',#886,.T.);
#581=FACE_OUTER_BOUND('',#887,.T.);
#582=FACE_OUTER_BOUND('',#888,.T.);
#583=FACE_OUTER_BOUND('',#889,.T.);
#584=FACE_OUTER_BOUND('',#890,.T.);
#585=FACE_OUTER_BOUND('',#891,.T.);
#586=FACE_OUTER_BOUND('',#892,.T.);
#587=FACE_OUTER_BOUND('',#894,.T.);
#588=FACE_OUTER_BOUND('',#895,.T.);
#589=FACE_OUTER_BOUND('',#896,.T.);
#590=FACE_OUTER_BOUND('',#897,.T.);
#591=FACE_OUTER_BOUND('',#898,.T.);
#592=FACE_OUTER_BOUND('',#899,.T.);
#593=FACE_OUTER_BOUND('',#905,.T.);
#594=FACE_OUTER_BOUND('',#906,.T.);
#595=FACE_OUTER_BOUND('',#907,.T.);
#596=FACE_OUTER_BOUND('',#908,.T.);
#597=FACE_OUTER_BOUND('',#909,.T.);
#598=FACE_OUTER_BOUND('',#910,.T.);
#599=FACE_OUTER_BOUND('',#911,.T.);
#600=FACE_OUTER_BOUND('',#912,.T.);
#601=FACE_OUTER_BOUND('',#913,.T.);
#602=FACE_OUTER_BOUND('',#914,.T.);
#603=FACE_OUTER_BOUND('',#916,.T.);
#604=FACE_OUTER_BOUND('',#917,.T.);
#605=FACE_OUTER_BOUND('',#919,.T.);
#606=FACE_OUTER_BOUND('',#920,.T.);
#607=FACE_OUTER_BOUND('',#922,.T.);
#608=FACE_OUTER_BOUND('',#923,.T.);
#609=FACE_OUTER_BOUND('',#925,.T.);
#610=FACE_OUTER_BOUND('',#926,.T.);
#611=FACE_OUTER_BOUND('',#927,.T.);
#612=FACE_OUTER_BOUND('',#928,.T.);
#613=FACE_OUTER_BOUND('',#929,.T.);
#614=FACE_OUTER_BOUND('',#931,.T.);
#615=FACE_OUTER_BOUND('',#932,.T.);
#616=FACE_OUTER_BOUND('',#933,.T.);
#617=FACE_OUTER_BOUND('',#934,.T.);
#618=FACE_OUTER_BOUND('',#935,.T.);
#619=FACE_OUTER_BOUND('',#941,.T.);
#620=FACE_OUTER_BOUND('',#942,.T.);
#621=FACE_OUTER_BOUND('',#943,.T.);
#622=FACE_OUTER_BOUND('',#944,.T.);
#623=EDGE_LOOP('',(#2117,#2118,#2119,#2120));
#624=EDGE_LOOP('',(#2121,#2122,#2123,#2124));
#625=EDGE_LOOP('',(#2125,#2126,#2127,#2128));
#626=EDGE_LOOP('',(#2129,#2130,#2131,#2132));
#627=EDGE_LOOP('',(#2133));
#628=EDGE_LOOP('',(#2134));
#629=EDGE_LOOP('',(#2135,#2136,#2137,#2138));
#630=EDGE_LOOP('',(#2139));
#631=EDGE_LOOP('',(#2140));
#632=EDGE_LOOP('',(#2141));
#633=EDGE_LOOP('',(#2142));
#634=EDGE_LOOP('',(#2143));
#635=EDGE_LOOP('',(#2144));
#636=EDGE_LOOP('',(#2145));
#637=EDGE_LOOP('',(#2146));
#638=EDGE_LOOP('',(#2147,#2148,#2149,#2150));
#639=EDGE_LOOP('',(#2151));
#640=EDGE_LOOP('',(#2152));
#641=EDGE_LOOP('',(#2153));
#642=EDGE_LOOP('',(#2154));
#643=EDGE_LOOP('',(#2155));
#644=EDGE_LOOP('',(#2156));
#645=EDGE_LOOP('',(#2157));
#646=EDGE_LOOP('',(#2158));
#647=EDGE_LOOP('',(#2159));
#648=EDGE_LOOP('',(#2160));
#649=EDGE_LOOP('',(#2161,#2162,#2163,#2164));
#650=EDGE_LOOP('',(#2165));
#651=EDGE_LOOP('',(#2166));
#652=EDGE_LOOP('',(#2167));
#653=EDGE_LOOP('',(#2168));
#654=EDGE_LOOP('',(#2169));
#655=EDGE_LOOP('',(#2170,#2171,#2172,#2173));
#656=EDGE_LOOP('',(#2174));
#657=EDGE_LOOP('',(#2175));
#658=EDGE_LOOP('',(#2176));
#659=EDGE_LOOP('',(#2177));
#660=EDGE_LOOP('',(#2178));
#661=EDGE_LOOP('',(#2179));
#662=EDGE_LOOP('',(#2180));
#663=EDGE_LOOP('',(#2181));
#664=EDGE_LOOP('',(#2182));
#665=EDGE_LOOP('',(#2183));
#666=EDGE_LOOP('',(#2184));
#667=EDGE_LOOP('',(#2185));
#668=EDGE_LOOP('',(#2186));
#669=EDGE_LOOP('',(#2187));
#670=EDGE_LOOP('',(#2188));
#671=EDGE_LOOP('',(#2189));
#672=EDGE_LOOP('',(#2190));
#673=EDGE_LOOP('',(#2191));
#674=EDGE_LOOP('',(#2192));
#675=EDGE_LOOP('',(#2193));
#676=EDGE_LOOP('',(#2194));
#677=EDGE_LOOP('',(#2195));
#678=EDGE_LOOP('',(#2196));
#679=EDGE_LOOP('',(#2197));
#680=EDGE_LOOP('',(#2198));
#681=EDGE_LOOP('',(#2199));
#682=EDGE_LOOP('',(#2200));
#683=EDGE_LOOP('',(#2201));
#684=EDGE_LOOP('',(#2202));
#685=EDGE_LOOP('',(#2203));
#686=EDGE_LOOP('',(#2204));
#687=EDGE_LOOP('',(#2205));
#688=EDGE_LOOP('',(#2206));
#689=EDGE_LOOP('',(#2207));
#690=EDGE_LOOP('',(#2208));
#691=EDGE_LOOP('',(#2209,#2210,#2211,#2212));
#692=EDGE_LOOP('',(#2213));
#693=EDGE_LOOP('',(#2214));
#694=EDGE_LOOP('',(#2215,#2216,#2217,#2218));
#695=EDGE_LOOP('',(#2219));
#696=EDGE_LOOP('',(#2220));
#697=EDGE_LOOP('',(#2221));
#698=EDGE_LOOP('',(#2222));
#699=EDGE_LOOP('',(#2223));
#700=EDGE_LOOP('',(#2224));
#701=EDGE_LOOP('',(#2225));
#702=EDGE_LOOP('',(#2226));
#703=EDGE_LOOP('',(#2227,#2228,#2229,#2230));
#704=EDGE_LOOP('',(#2231));
#705=EDGE_LOOP('',(#2232));
#706=EDGE_LOOP('',(#2233));
#707=EDGE_LOOP('',(#2234));
#708=EDGE_LOOP('',(#2235));
#709=EDGE_LOOP('',(#2236));
#710=EDGE_LOOP('',(#2237));
#711=EDGE_LOOP('',(#2238));
#712=EDGE_LOOP('',(#2239));
#713=EDGE_LOOP('',(#2240));
#714=EDGE_LOOP('',(#2241,#2242,#2243,#2244));
#715=EDGE_LOOP('',(#2245));
#716=EDGE_LOOP('',(#2246));
#717=EDGE_LOOP('',(#2247));
#718=EDGE_LOOP('',(#2248));
#719=EDGE_LOOP('',(#2249));
#720=EDGE_LOOP('',(#2250,#2251,#2252,#2253));
#721=EDGE_LOOP('',(#2254));
#722=EDGE_LOOP('',(#2255));
#723=EDGE_LOOP('',(#2256));
#724=EDGE_LOOP('',(#2257));
#725=EDGE_LOOP('',(#2258));
#726=EDGE_LOOP('',(#2259));
#727=EDGE_LOOP('',(#2260));
#728=EDGE_LOOP('',(#2261));
#729=EDGE_LOOP('',(#2262));
#730=EDGE_LOOP('',(#2263));
#731=EDGE_LOOP('',(#2264));
#732=EDGE_LOOP('',(#2265));
#733=EDGE_LOOP('',(#2266));
#734=EDGE_LOOP('',(#2267));
#735=EDGE_LOOP('',(#2268));
#736=EDGE_LOOP('',(#2269));
#737=EDGE_LOOP('',(#2270));
#738=EDGE_LOOP('',(#2271));
#739=EDGE_LOOP('',(#2272));
#740=EDGE_LOOP('',(#2273));
#741=EDGE_LOOP('',(#2274));
#742=EDGE_LOOP('',(#2275));
#743=EDGE_LOOP('',(#2276));
#744=EDGE_LOOP('',(#2277));
#745=EDGE_LOOP('',(#2278));
#746=EDGE_LOOP('',(#2279));
#747=EDGE_LOOP('',(#2280));
#748=EDGE_LOOP('',(#2281));
#749=EDGE_LOOP('',(#2282));
#750=EDGE_LOOP('',(#2283));
#751=EDGE_LOOP('',(#2284));
#752=EDGE_LOOP('',(#2285));
#753=EDGE_LOOP('',(#2286));
#754=EDGE_LOOP('',(#2287));
#755=EDGE_LOOP('',(#2288));
#756=EDGE_LOOP('',(#2289,#2290,#2291,#2292));
#757=EDGE_LOOP('',(#2293,#2294,#2295,#2296));
#758=EDGE_LOOP('',(#2297,#2298,#2299,#2300));
#759=EDGE_LOOP('',(#2301,#2302,#2303,#2304));
#760=EDGE_LOOP('',(#2305,#2306,#2307,#2308));
#761=EDGE_LOOP('',(#2309,#2310,#2311,#2312));
#762=EDGE_LOOP('',(#2313,#2314,#2315,#2316));
#763=EDGE_LOOP('',(#2317,#2318,#2319,#2320));
#764=EDGE_LOOP('',(#2321,#2322,#2323,#2324));
#765=EDGE_LOOP('',(#2325,#2326,#2327,#2328));
#766=EDGE_LOOP('',(#2329,#2330,#2331,#2332));
#767=EDGE_LOOP('',(#2333,#2334,#2335,#2336));
#768=EDGE_LOOP('',(#2337,#2338,#2339,#2340));
#769=EDGE_LOOP('',(#2341,#2342,#2343,#2344));
#770=EDGE_LOOP('',(#2345,#2346,#2347,#2348));
#771=EDGE_LOOP('',(#2349,#2350,#2351,#2352));
#772=EDGE_LOOP('',(#2353,#2354,#2355,#2356));
#773=EDGE_LOOP('',(#2357,#2358,#2359,#2360));
#774=EDGE_LOOP('',(#2361,#2362,#2363,#2364));
#775=EDGE_LOOP('',(#2365,#2366,#2367,#2368));
#776=EDGE_LOOP('',(#2369,#2370,#2371,#2372));
#777=EDGE_LOOP('',(#2373,#2374,#2375,#2376));
#778=EDGE_LOOP('',(#2377,#2378,#2379,#2380));
#779=EDGE_LOOP('',(#2381,#2382,#2383,#2384));
#780=EDGE_LOOP('',(#2385,#2386,#2387,#2388));
#781=EDGE_LOOP('',(#2389,#2390,#2391,#2392));
#782=EDGE_LOOP('',(#2393,#2394,#2395,#2396));
#783=EDGE_LOOP('',(#2397,#2398,#2399,#2400));
#784=EDGE_LOOP('',(#2401,#2402,#2403,#2404));
#785=EDGE_LOOP('',(#2405,#2406,#2407,#2408));
#786=EDGE_LOOP('',(#2409,#2410,#2411,#2412));
#787=EDGE_LOOP('',(#2413,#2414,#2415,#2416));
#788=EDGE_LOOP('',(#2417,#2418,#2419,#2420));
#789=EDGE_LOOP('',(#2421,#2422,#2423,#2424));
#790=EDGE_LOOP('',(#2425,#2426,#2427,#2428));
#791=EDGE_LOOP('',(#2429,#2430,#2431,#2432));
#792=EDGE_LOOP('',(#2433,#2434,#2435,#2436));
#793=EDGE_LOOP('',(#2437,#2438,#2439,#2440));
#794=EDGE_LOOP('',(#2441,#2442,#2443,#2444));
#795=EDGE_LOOP('',(#2445,#2446,#2447,#2448));
#796=EDGE_LOOP('',(#2449,#2450,#2451,#2452));
#797=EDGE_LOOP('',(#2453,#2454,#2455,#2456));
#798=EDGE_LOOP('',(#2457,#2458,#2459,#2460));
#799=EDGE_LOOP('',(#2461,#2462,#2463,#2464));
#800=EDGE_LOOP('',(#2465,#2466,#2467,#2468));
#801=EDGE_LOOP('',(#2469,#2470,#2471,#2472));
#802=EDGE_LOOP('',(#2473,#2474,#2475,#2476));
#803=EDGE_LOOP('',(#2477,#2478,#2479,#2480));
#804=EDGE_LOOP('',(#2481,#2482,#2483,#2484));
#805=EDGE_LOOP('',(#2485,#2486,#2487,#2488));
#806=EDGE_LOOP('',(#2489,#2490,#2491,#2492));
#807=EDGE_LOOP('',(#2493,#2494,#2495,#2496));
#808=EDGE_LOOP('',(#2497,#2498,#2499,#2500));
#809=EDGE_LOOP('',(#2501,#2502,#2503,#2504));
#810=EDGE_LOOP('',(#2505,#2506,#2507,#2508));
#811=EDGE_LOOP('',(#2509,#2510,#2511,#2512));
#812=EDGE_LOOP('',(#2513,#2514,#2515,#2516));
#813=EDGE_LOOP('',(#2517,#2518,#2519,#2520));
#814=EDGE_LOOP('',(#2521,#2522,#2523,#2524));
#815=EDGE_LOOP('',(#2525,#2526,#2527,#2528));
#816=EDGE_LOOP('',(#2529,#2530,#2531,#2532));
#817=EDGE_LOOP('',(#2533,#2534,#2535,#2536));
#818=EDGE_LOOP('',(#2537,#2538,#2539,#2540));
#819=EDGE_LOOP('',(#2541,#2542,#2543,#2544));
#820=EDGE_LOOP('',(#2545,#2546,#2547,#2548));
#821=EDGE_LOOP('',(#2549,#2550,#2551,#2552));
#822=EDGE_LOOP('',(#2553,#2554,#2555,#2556));
#823=EDGE_LOOP('',(#2557,#2558,#2559,#2560));
#824=EDGE_LOOP('',(#2561,#2562,#2563,#2564));
#825=EDGE_LOOP('',(#2565,#2566,#2567,#2568));
#826=EDGE_LOOP('',(#2569,#2570,#2571,#2572));
#827=EDGE_LOOP('',(#2573,#2574,#2575,#2576));
#828=EDGE_LOOP('',(#2577,#2578,#2579,#2580));
#829=EDGE_LOOP('',(#2581,#2582,#2583,#2584));
#830=EDGE_LOOP('',(#2585,#2586,#2587,#2588));
#831=EDGE_LOOP('',(#2589,#2590,#2591,#2592));
#832=EDGE_LOOP('',(#2593,#2594,#2595,#2596));
#833=EDGE_LOOP('',(#2597,#2598,#2599,#2600));
#834=EDGE_LOOP('',(#2601));
#835=EDGE_LOOP('',(#2602,#2603,#2604,#2605));
#836=EDGE_LOOP('',(#2606));
#837=EDGE_LOOP('',(#2607,#2608,#2609,#2610));
#838=EDGE_LOOP('',(#2611));
#839=EDGE_LOOP('',(#2612,#2613,#2614,#2615));
#840=EDGE_LOOP('',(#2616));
#841=EDGE_LOOP('',(#2617,#2618,#2619,#2620));
#842=EDGE_LOOP('',(#2621));
#843=EDGE_LOOP('',(#2622));
#844=EDGE_LOOP('',(#2623));
#845=EDGE_LOOP('',(#2624,#2625,#2626,#2627));
#846=EDGE_LOOP('',(#2628));
#847=EDGE_LOOP('',(#2629));
#848=EDGE_LOOP('',(#2630));
#849=EDGE_LOOP('',(#2631,#2632,#2633));
#850=EDGE_LOOP('',(#2634));
#851=EDGE_LOOP('',(#2635,#2636,#2637,#2638,#2639,#2640,#2641,#2642));
#852=EDGE_LOOP('',(#2643,#2644,#2645));
#853=EDGE_LOOP('',(#2646));
#854=EDGE_LOOP('',(#2647,#2648,#2649,#2650,#2651,#2652,#2653,#2654));
#855=EDGE_LOOP('',(#2655,#2656,#2657,#2658));
#856=EDGE_LOOP('',(#2659,#2660,#2661));
#857=EDGE_LOOP('',(#2662));
#858=EDGE_LOOP('',(#2663,#2664,#2665,#2666,#2667,#2668,#2669,#2670));
#859=EDGE_LOOP('',(#2671,#2672,#2673,#2674,#2675,#2676,#2677,#2678));
#860=EDGE_LOOP('',(#2679));
#861=EDGE_LOOP('',(#2680));
#862=EDGE_LOOP('',(#2681));
#863=EDGE_LOOP('',(#2682));
#864=EDGE_LOOP('',(#2683,#2684,#2685));
#865=EDGE_LOOP('',(#2686));
#866=EDGE_LOOP('',(#2687,#2688,#2689,#2690));
#867=EDGE_LOOP('',(#2691,#2692,#2693,#2694));
#868=EDGE_LOOP('',(#2695,#2696,#2697,#2698));
#869=EDGE_LOOP('',(#2699,#2700,#2701,#2702));
#870=EDGE_LOOP('',(#2703,#2704,#2705,#2706));
#871=EDGE_LOOP('',(#2707,#2708,#2709,#2710));
#872=EDGE_LOOP('',(#2711,#2712,#2713,#2714));
#873=EDGE_LOOP('',(#2715,#2716,#2717,#2718,#2719,#2720,#2721,#2722));
#874=EDGE_LOOP('',(#2723));
#875=EDGE_LOOP('',(#2724));
#876=EDGE_LOOP('',(#2725));
#877=EDGE_LOOP('',(#2726));
#878=EDGE_LOOP('',(#2727,#2728,#2729,#2730));
#879=EDGE_LOOP('',(#2731,#2732,#2733,#2734));
#880=EDGE_LOOP('',(#2735,#2736,#2737,#2738));
#881=EDGE_LOOP('',(#2739,#2740,#2741,#2742));
#882=EDGE_LOOP('',(#2743));
#883=EDGE_LOOP('',(#2744,#2745,#2746,#2747));
#884=EDGE_LOOP('',(#2748));
#885=EDGE_LOOP('',(#2749,#2750,#2751,#2752));
#886=EDGE_LOOP('',(#2753,#2754,#2755,#2756));
#887=EDGE_LOOP('',(#2757,#2758,#2759,#2760));
#888=EDGE_LOOP('',(#2761,#2762,#2763,#2764));
#889=EDGE_LOOP('',(#2765,#2766,#2767,#2768));
#890=EDGE_LOOP('',(#2769,#2770,#2771,#2772));
#891=EDGE_LOOP('',(#2773,#2774,#2775,#2776));
#892=EDGE_LOOP('',(#2777,#2778,#2779,#2780));
#893=EDGE_LOOP('',(#2781,#2782,#2783,#2784));
#894=EDGE_LOOP('',(#2785,#2786,#2787,#2788));
#895=EDGE_LOOP('',(#2789,#2790,#2791,#2792));
#896=EDGE_LOOP('',(#2793,#2794,#2795,#2796));
#897=EDGE_LOOP('',(#2797,#2798,#2799,#2800));
#898=EDGE_LOOP('',(#2801,#2802,#2803,#2804));
#899=EDGE_LOOP('',(#2805,#2806,#2807,#2808));
#900=EDGE_LOOP('',(#2809));
#901=EDGE_LOOP('',(#2810));
#902=EDGE_LOOP('',(#2811));
#903=EDGE_LOOP('',(#2812));
#904=EDGE_LOOP('',(#2813,#2814,#2815,#2816,#2817,#2818,#2819,#2820,#2821,
#2822,#2823,#2824));
#905=EDGE_LOOP('',(#2825,#2826,#2827,#2828));
#906=EDGE_LOOP('',(#2829,#2830,#2831,#2832));
#907=EDGE_LOOP('',(#2833,#2834,#2835,#2836));
#908=EDGE_LOOP('',(#2837,#2838,#2839,#2840));
#909=EDGE_LOOP('',(#2841,#2842,#2843,#2844));
#910=EDGE_LOOP('',(#2845,#2846,#2847,#2848));
#911=EDGE_LOOP('',(#2849,#2850,#2851,#2852));
#912=EDGE_LOOP('',(#2853,#2854,#2855,#2856));
#913=EDGE_LOOP('',(#2857,#2858,#2859,#2860));
#914=EDGE_LOOP('',(#2861));
#915=EDGE_LOOP('',(#2862));
#916=EDGE_LOOP('',(#2863,#2864,#2865,#2866));
#917=EDGE_LOOP('',(#2867));
#918=EDGE_LOOP('',(#2868));
#919=EDGE_LOOP('',(#2869,#2870,#2871,#2872));
#920=EDGE_LOOP('',(#2873));
#921=EDGE_LOOP('',(#2874));
#922=EDGE_LOOP('',(#2875,#2876,#2877,#2878));
#923=EDGE_LOOP('',(#2879));
#924=EDGE_LOOP('',(#2880));
#925=EDGE_LOOP('',(#2881,#2882,#2883,#2884));
#926=EDGE_LOOP('',(#2885,#2886,#2887,#2888));
#927=EDGE_LOOP('',(#2889,#2890,#2891,#2892));
#928=EDGE_LOOP('',(#2893,#2894,#2895,#2896));
#929=EDGE_LOOP('',(#2897,#2898,#2899,#2900));
#930=EDGE_LOOP('',(#2901,#2902,#2903,#2904));
#931=EDGE_LOOP('',(#2905,#2906,#2907,#2908));
#932=EDGE_LOOP('',(#2909,#2910,#2911,#2912));
#933=EDGE_LOOP('',(#2913,#2914,#2915,#2916));
#934=EDGE_LOOP('',(#2917,#2918,#2919,#2920));
#935=EDGE_LOOP('',(#2921,#2922,#2923,#2924));
#936=EDGE_LOOP('',(#2925,#2926,#2927,#2928,#2929,#2930,#2931,#2932,#2933,
#2934,#2935,#2936));
#937=EDGE_LOOP('',(#2937));
#938=EDGE_LOOP('',(#2938));
#939=EDGE_LOOP('',(#2939));
#940=EDGE_LOOP('',(#2940));
#941=EDGE_LOOP('',(#2941,#2942,#2943,#2944));
#942=EDGE_LOOP('',(#2945,#2946,#2947,#2948));
#943=EDGE_LOOP('',(#2949,#2950,#2951,#2952));
#944=EDGE_LOOP('',(#2953,#2954,#2955,#2956));
#945=LINE('',#4502,#1181);
#946=LINE('',#4504,#1182);
#947=LINE('',#4506,#1183);
#948=LINE('',#4507,#1184);
#949=LINE('',#4511,#1185);
#950=LINE('',#4512,#1186);
#951=LINE('',#4513,#1187);
#952=LINE('',#4516,#1188);
#953=LINE('',#4518,#1189);
#954=LINE('',#4519,#1190);
#955=LINE('',#4521,#1191);
#956=LINE('',#4530,#1192);
#957=LINE('',#4533,#1193);
#958=LINE('',#4554,#1194);
#959=LINE('',#4557,#1195);
#960=LINE('',#4582,#1196);
#961=LINE('',#4585,#1197);
#962=LINE('',#4600,#1198);
#963=LINE('',#4603,#1199);
#964=LINE('',#4675,#1200);
#965=LINE('',#4684,#1201);
#966=LINE('',#4687,#1202);
#967=LINE('',#4708,#1203);
#968=LINE('',#4711,#1204);
#969=LINE('',#4736,#1205);
#970=LINE('',#4739,#1206);
#971=LINE('',#4754,#1207);
#972=LINE('',#4757,#1208);
#973=LINE('',#4830,#1209);
#974=LINE('',#4832,#1210);
#975=LINE('',#4834,#1211);
#976=LINE('',#4835,#1212);
#977=LINE('',#4837,#1213);
#978=LINE('',#4839,#1214);
#979=LINE('',#4842,#1215);
#980=LINE('',#4844,#1216);
#981=LINE('',#4846,#1217);
#982=LINE('',#4848,#1218);
#983=LINE('',#4850,#1219);
#984=LINE('',#4852,#1220);
#985=LINE('',#4854,#1221);
#986=LINE('',#4856,#1222);
#987=LINE('',#4858,#1223);
#988=LINE('',#4859,#1224);
#989=LINE('',#4861,#1225);
#990=LINE('',#4863,#1226);
#991=LINE('',#4866,#1227);
#992=LINE('',#4868,#1228);
#993=LINE('',#4870,#1229);
#994=LINE('',#4872,#1230);
#995=LINE('',#4874,#1231);
#996=LINE('',#4876,#1232);
#997=LINE('',#4878,#1233);
#998=LINE('',#4880,#1234);
#999=LINE('',#4882,#1235);
#1000=LINE('',#4884,#1236);
#1001=LINE('',#4886,#1237);
#1002=LINE('',#4887,#1238);
#1003=LINE('',#4889,#1239);
#1004=LINE('',#4891,#1240);
#1005=LINE('',#4894,#1241);
#1006=LINE('',#4896,#1242);
#1007=LINE('',#4898,#1243);
#1008=LINE('',#4900,#1244);
#1009=LINE('',#4902,#1245);
#1010=LINE('',#4904,#1246);
#1011=LINE('',#4905,#1247);
#1012=LINE('',#4907,#1248);
#1013=LINE('',#4909,#1249);
#1014=LINE('',#4912,#1250);
#1015=LINE('',#4914,#1251);
#1016=LINE('',#4916,#1252);
#1017=LINE('',#4918,#1253);
#1018=LINE('',#4920,#1254);
#1019=LINE('',#4922,#1255);
#1020=LINE('',#4924,#1256);
#1021=LINE('',#4926,#1257);
#1022=LINE('',#4928,#1258);
#1023=LINE('',#4930,#1259);
#1024=LINE('',#4932,#1260);
#1025=LINE('',#4934,#1261);
#1026=LINE('',#4936,#1262);
#1027=LINE('',#4938,#1263);
#1028=LINE('',#4940,#1264);
#1029=LINE('',#4942,#1265);
#1030=LINE('',#4944,#1266);
#1031=LINE('',#4946,#1267);
#1032=LINE('',#4948,#1268);
#1033=LINE('',#4950,#1269);
#1034=LINE('',#4952,#1270);
#1035=LINE('',#4954,#1271);
#1036=LINE('',#4956,#1272);
#1037=LINE('',#4958,#1273);
#1038=LINE('',#4960,#1274);
#1039=LINE('',#4962,#1275);
#1040=LINE('',#4964,#1276);
#1041=LINE('',#4966,#1277);
#1042=LINE('',#4968,#1278);
#1043=LINE('',#4970,#1279);
#1044=LINE('',#4972,#1280);
#1045=LINE('',#4974,#1281);
#1046=LINE('',#4976,#1282);
#1047=LINE('',#4978,#1283);
#1048=LINE('',#4980,#1284);
#1049=LINE('',#4985,#1285);
#1050=LINE('',#4992,#1286);
#1051=LINE('',#4999,#1287);
#1052=LINE('',#5006,#1288);
#1053=LINE('',#5013,#1289);
#1054=LINE('',#5023,#1290);
#1055=LINE('',#5032,#1291);
#1056=LINE('',#5035,#1292);
#1057=LINE('',#5038,#1293);
#1058=LINE('',#5040,#1294);
#1059=LINE('',#5042,#1295);
#1060=LINE('',#5044,#1296);
#1061=LINE('',#5046,#1297);
#1062=LINE('',#5048,#1298);
#1063=LINE('',#5049,#1299);
#1064=LINE('',#5055,#1300);
#1065=LINE('',#5056,#1301);
#1066=LINE('',#5059,#1302);
#1067=LINE('',#5061,#1303);
#1068=LINE('',#5062,#1304);
#1069=LINE('',#5064,#1305);
#1070=LINE('',#5066,#1306);
#1071=LINE('',#5067,#1307);
#1072=LINE('',#5070,#1308);
#1073=LINE('',#5072,#1309);
#1074=LINE('',#5074,#1310);
#1075=LINE('',#5075,#1311);
#1076=LINE('',#5079,#1312);
#1077=LINE('',#5082,#1313);
#1078=LINE('',#5085,#1314);
#1079=LINE('',#5087,#1315);
#1080=LINE('',#5088,#1316);
#1081=LINE('',#5090,#1317);
#1082=LINE('',#5091,#1318);
#1083=LINE('',#5093,#1319);
#1084=LINE('',#5095,#1320);
#1085=LINE('',#5097,#1321);
#1086=LINE('',#5098,#1322);
#1087=LINE('',#5114,#1323);
#1088=LINE('',#5116,#1324);
#1089=LINE('',#5118,#1325);
#1090=LINE('',#5119,#1326);
#1091=LINE('',#5123,#1327);
#1092=LINE('',#5124,#1328);
#1093=LINE('',#5125,#1329);
#1094=LINE('',#5129,#1330);
#1095=LINE('',#5130,#1331);
#1096=LINE('',#5131,#1332);
#1097=LINE('',#5133,#1333);
#1098=LINE('',#5135,#1334);
#1099=LINE('',#5155,#1335);
#1100=LINE('',#5160,#1336);
#1101=LINE('',#5164,#1337);
#1102=LINE('',#5166,#1338);
#1103=LINE('',#5168,#1339);
#1104=LINE('',#5170,#1340);
#1105=LINE('',#5174,#1341);
#1106=LINE('',#5176,#1342);
#1107=LINE('',#5178,#1343);
#1108=LINE('',#5179,#1344);
#1109=LINE('',#5181,#1345);
#1110=LINE('',#5182,#1346);
#1111=LINE('',#5184,#1347);
#1112=LINE('',#5186,#1348);
#1113=LINE('',#5191,#1349);
#1114=LINE('',#5193,#1350);
#1115=LINE('',#5195,#1351);
#1116=LINE('',#5196,#1352);
#1117=LINE('',#5199,#1353);
#1118=LINE('',#5201,#1354);
#1119=LINE('',#5202,#1355);
#1120=LINE('',#5206,#1356);
#1121=LINE('',#5208,#1357);
#1122=LINE('',#5210,#1358);
#1123=LINE('',#5211,#1359);
#1124=LINE('',#5214,#1360);
#1125=LINE('',#5216,#1361);
#1126=LINE('',#5217,#1362);
#1127=LINE('',#5221,#1363);
#1128=LINE('',#5223,#1364);
#1129=LINE('',#5225,#1365);
#1130=LINE('',#5226,#1366);
#1131=LINE('',#5236,#1367);
#1132=LINE('',#5238,#1368);
#1133=LINE('',#5240,#1369);
#1134=LINE('',#5241,#1370);
#1135=LINE('',#5243,#1371);
#1136=LINE('',#5245,#1372);
#1137=LINE('',#5247,#1373);
#1138=LINE('',#5248,#1374);
#1139=LINE('',#5251,#1375);
#1140=LINE('',#5252,#1376);
#1141=LINE('',#5255,#1377);
#1142=LINE('',#5257,#1378);
#1143=LINE('',#5258,#1379);
#1144=LINE('',#5261,#1380);
#1145=LINE('',#5262,#1381);
#1146=LINE('',#5265,#1382);
#1147=LINE('',#5266,#1383);
#1148=LINE('',#5269,#1384);
#1149=LINE('',#5270,#1385);
#1150=LINE('',#5272,#1386);
#1151=LINE('',#5274,#1387);
#1152=LINE('',#5276,#1388);
#1153=LINE('',#5281,#1389);
#1154=LINE('',#5290,#1390);
#1155=LINE('',#5299,#1391);
#1156=LINE('',#5308,#1392);
#1157=LINE('',#5314,#1393);
#1158=LINE('',#5316,#1394);
#1159=LINE('',#5318,#1395);
#1160=LINE('',#5320,#1396);
#1161=LINE('',#5324,#1397);
#1162=LINE('',#5326,#1398);
#1163=LINE('',#5328,#1399);
#1164=LINE('',#5329,#1400);
#1165=LINE('',#5332,#1401);
#1166=LINE('',#5334,#1402);
#1167=LINE('',#5336,#1403);
#1168=LINE('',#5337,#1404);
#1169=LINE('',#5340,#1405);
#1170=LINE('',#5342,#1406);
#1171=LINE('',#5343,#1407);
#1172=LINE('',#5346,#1408);
#1173=LINE('',#5347,#1409);
#1174=LINE('',#5350,#1410);
#1175=LINE('',#5351,#1411);
#1176=LINE('',#5353,#1412);
#1177=LINE('',#5356,#1413);
#1178=LINE('',#5357,#1414);
#1179=LINE('',#5359,#1415);
#1180=LINE('',#5361,#1416);
#1181=VECTOR('',#3565,1.);
#1182=VECTOR('',#3566,1.);
#1183=VECTOR('',#3567,1.);
#1184=VECTOR('',#3568,1.);
#1185=VECTOR('',#3571,1.);
#1186=VECTOR('',#3572,1.);
#1187=VECTOR('',#3573,1.);
#1188=VECTOR('',#3576,1.);
#1189=VECTOR('',#3577,1.);
#1190=VECTOR('',#3578,1.);
#1191=VECTOR('',#3581,1.);
#1192=VECTOR('',#3588,1.);
#1193=VECTOR('',#3591,1.);
#1194=VECTOR('',#3610,1.);
#1195=VECTOR('',#3613,1.);
#1196=VECTOR('',#3636,1.);
#1197=VECTOR('',#3639,1.);
#1198=VECTOR('',#3652,1.);
#1199=VECTOR('',#3655,1.);
#1200=VECTOR('',#3728,1.);
#1201=VECTOR('',#3735,1.);
#1202=VECTOR('',#3738,1.);
#1203=VECTOR('',#3757,1.);
#1204=VECTOR('',#3760,1.);
#1205=VECTOR('',#3783,1.);
#1206=VECTOR('',#3786,1.);
#1207=VECTOR('',#3799,1.);
#1208=VECTOR('',#3802,1.);
#1209=VECTOR('',#3877,1.1);
#1210=VECTOR('',#3880,0.5);
#1211=VECTOR('',#3883,1.);
#1212=VECTOR('',#3884,1.);
#1213=VECTOR('',#3887,1.);
#1214=VECTOR('',#3890,1.);
#1215=VECTOR('',#3895,0.5);
#1216=VECTOR('',#3898,0.5);
#1217=VECTOR('',#3901,0.5);
#1218=VECTOR('',#3904,0.85);
#1219=VECTOR('',#3907,0.5);
#1220=VECTOR('',#3910,2.);
#1221=VECTOR('',#3913,0.85);
#1222=VECTOR('',#3916,0.75);
#1223=VECTOR('',#3919,1.);
#1224=VECTOR('',#3920,1.);
#1225=VECTOR('',#3923,1.);
#1226=VECTOR('',#3926,1.);
#1227=VECTOR('',#3931,0.4);
#1228=VECTOR('',#3934,0.4);
#1229=VECTOR('',#3937,0.4);
#1230=VECTOR('',#3940,0.4);
#1231=VECTOR('',#3943,0.75);
#1232=VECTOR('',#3946,0.85);
#1233=VECTOR('',#3949,0.75);
#1234=VECTOR('',#3952,2.);
#1235=VECTOR('',#3955,0.85);
#1236=VECTOR('',#3958,0.5);
#1237=VECTOR('',#3961,1.);
#1238=VECTOR('',#3962,1.);
#1239=VECTOR('',#3965,1.);
#1240=VECTOR('',#3968,1.);
#1241=VECTOR('',#3973,0.5);
#1242=VECTOR('',#3976,0.5);
#1243=VECTOR('',#3979,0.5);
#1244=VECTOR('',#3982,0.5);
#1245=VECTOR('',#3985,0.75);
#1246=VECTOR('',#3988,1.);
#1247=VECTOR('',#3989,1.);
#1248=VECTOR('',#3992,1.);
#1249=VECTOR('',#3995,1.);
#1250=VECTOR('',#4000,1.1);
#1251=VECTOR('',#4003,0.4);
#1252=VECTOR('',#4006,0.4);
#1253=VECTOR('',#4009,0.4);
#1254=VECTOR('',#4012,0.4);
#1255=VECTOR('',#4015,0.5);
#1256=VECTOR('',#4018,0.5);
#1257=VECTOR('',#4021,0.85);
#1258=VECTOR('',#4024,2.);
#1259=VECTOR('',#4027,0.75);
#1260=VECTOR('',#4030,0.85);
#1261=VECTOR('',#4033,0.75);
#1262=VECTOR('',#4036,0.5);
#1263=VECTOR('',#4039,0.5);
#1264=VECTOR('',#4042,0.5);
#1265=VECTOR('',#4045,0.5);
#1266=VECTOR('',#4048,0.5);
#1267=VECTOR('',#4051,0.5);
#1268=VECTOR('',#4054,1.1);
#1269=VECTOR('',#4057,0.5);
#1270=VECTOR('',#4060,0.5);
#1271=VECTOR('',#4063,0.5);
#1272=VECTOR('',#4066,0.5);
#1273=VECTOR('',#4069,1.1);
#1274=VECTOR('',#4072,0.5);
#1275=VECTOR('',#4075,0.5);
#1276=VECTOR('',#4078,0.85);
#1277=VECTOR('',#4081,0.75);
#1278=VECTOR('',#4084,2.);
#1279=VECTOR('',#4087,0.85);
#1280=VECTOR('',#4090,0.75);
#1281=VECTOR('',#4093,0.5);
#1282=VECTOR('',#4096,0.5);
#1283=VECTOR('',#4099,0.5);
#1284=VECTOR('',#4102,0.5);
#1285=VECTOR('',#4107,1.03700000000003);
#1286=VECTOR('',#4116,1.037);
#1287=VECTOR('',#4125,1.037);
#1288=VECTOR('',#4134,1.037);
#1289=VECTOR('',#4143,1.037);
#1290=VECTOR('',#4156,1.03699999999998);
#1291=VECTOR('',#4167,10.);
#1292=VECTOR('',#4170,10.);
#1293=VECTOR('',#4173,10.);
#1294=VECTOR('',#4174,10.);
#1295=VECTOR('',#4175,10.);
#1296=VECTOR('',#4176,10.);
#1297=VECTOR('',#4177,10.);
#1298=VECTOR('',#4178,10.);
#1299=VECTOR('',#4179,10.);
#1300=VECTOR('',#4184,10.);
#1301=VECTOR('',#4185,10.);
#1302=VECTOR('',#4188,10.);
#1303=VECTOR('',#4189,10.);
#1304=VECTOR('',#4190,10.);
#1305=VECTOR('',#4191,10.);
#1306=VECTOR('',#4192,10.);
#1307=VECTOR('',#4193,10.);
#1308=VECTOR('',#4194,10.);
#1309=VECTOR('',#4195,10.);
#1310=VECTOR('',#4196,10.);
#1311=VECTOR('',#4197,10.);
#1312=VECTOR('',#4200,10.);
#1313=VECTOR('',#4203,10.);
#1314=VECTOR('',#4206,10.);
#1315=VECTOR('',#4207,10.);
#1316=VECTOR('',#4208,10.);
#1317=VECTOR('',#4209,10.);
#1318=VECTOR('',#4210,10.);
#1319=VECTOR('',#4213,10.);
#1320=VECTOR('',#4214,10.);
#1321=VECTOR('',#4215,10.);
#1322=VECTOR('',#4216,10.);
#1323=VECTOR('',#4235,10.);
#1324=VECTOR('',#4236,10.);
#1325=VECTOR('',#4237,10.);
#1326=VECTOR('',#4238,10.);
#1327=VECTOR('',#4241,10.);
#1328=VECTOR('',#4242,10.);
#1329=VECTOR('',#4243,10.);
#1330=VECTOR('',#4246,10.);
#1331=VECTOR('',#4247,10.);
#1332=VECTOR('',#4248,10.);
#1333=VECTOR('',#4251,10.);
#1334=VECTOR('',#4254,10.);
#1335=VECTOR('',#4283,0.999999999999996);
#1336=VECTOR('',#4290,0.999999999999979);
#1337=VECTOR('',#4297,2.5);
#1338=VECTOR('',#4300,2.5);
#1339=VECTOR('',#4303,2.5);
#1340=VECTOR('',#4306,2.5);
#1341=VECTOR('',#4309,10.);
#1342=VECTOR('',#4310,10.);
#1343=VECTOR('',#4311,10.);
#1344=VECTOR('',#4312,10.);
#1345=VECTOR('',#4315,10.);
#1346=VECTOR('',#4316,10.);
#1347=VECTOR('',#4319,10.);
#1348=VECTOR('',#4322,10.);
#1349=VECTOR('',#4327,10.);
#1350=VECTOR('',#4328,10.);
#1351=VECTOR('',#4329,10.);
#1352=VECTOR('',#4330,10.);
#1353=VECTOR('',#4333,10.);
#1354=VECTOR('',#4334,10.);
#1355=VECTOR('',#4335,10.);
#1356=VECTOR('',#4338,10.);
#1357=VECTOR('',#4339,10.);
#1358=VECTOR('',#4340,10.);
#1359=VECTOR('',#4341,10.);
#1360=VECTOR('',#4344,10.);
#1361=VECTOR('',#4345,10.);
#1362=VECTOR('',#4346,10.);
#1363=VECTOR('',#4349,10.);
#1364=VECTOR('',#4350,10.);
#1365=VECTOR('',#4351,10.);
#1366=VECTOR('',#4352,10.);
#1367=VECTOR('',#4361,10.);
#1368=VECTOR('',#4362,10.);
#1369=VECTOR('',#4363,10.);
#1370=VECTOR('',#4364,10.);
#1371=VECTOR('',#4365,10.);
#1372=VECTOR('',#4366,10.);
#1373=VECTOR('',#4367,10.);
#1374=VECTOR('',#4368,10.);
#1375=VECTOR('',#4371,10.);
#1376=VECTOR('',#4372,10.);
#1377=VECTOR('',#4375,10.);
#1378=VECTOR('',#4376,10.);
#1379=VECTOR('',#4377,10.);
#1380=VECTOR('',#4380,10.);
#1381=VECTOR('',#4381,10.);
#1382=VECTOR('',#4384,10.);
#1383=VECTOR('',#4385,10.);
#1384=VECTOR('',#4388,10.);
#1385=VECTOR('',#4389,10.);
#1386=VECTOR('',#4392,10.);
#1387=VECTOR('',#4395,10.);
#1388=VECTOR('',#4398,10.);
#1389=VECTOR('',#4403,1.99999999999999);
#1390=VECTOR('',#4414,1.99999999999999);
#1391=VECTOR('',#4425,2.00000000000001);
#1392=VECTOR('',#4436,1.99999999999999);
#1393=VECTOR('',#4445,1.00000000000001);
#1394=VECTOR('',#4448,0.999999999999996);
#1395=VECTOR('',#4451,1.00000000000001);
#1396=VECTOR('',#4454,0.999999999999996);
#1397=VECTOR('',#4457,10.);
#1398=VECTOR('',#4458,10.);
#1399=VECTOR('',#4459,10.);
#1400=VECTOR('',#4460,10.);
#1401=VECTOR('',#4461,10.);
#1402=VECTOR('',#4462,10.);
#1403=VECTOR('',#4463,10.);
#1404=VECTOR('',#4464,10.);
#1405=VECTOR('',#4467,10.);
#1406=VECTOR('',#4468,10.);
#1407=VECTOR('',#4469,10.);
#1408=VECTOR('',#4472,10.);
#1409=VECTOR('',#4473,10.);
#1410=VECTOR('',#4476,10.);
#1411=VECTOR('',#4477,10.);
#1412=VECTOR('',#4480,10.);
#1413=VECTOR('',#4485,10.);
#1414=VECTOR('',#4486,10.);
#1415=VECTOR('',#4489,10.);
#1416=VECTOR('',#4492,10.);
#1417=VERTEX_POINT('',#4500);
#1418=VERTEX_POINT('',#4501);
#1419=VERTEX_POINT('',#4503);
#1420=VERTEX_POINT('',#4505);
#1421=VERTEX_POINT('',#4509);
#1422=VERTEX_POINT('',#4510);
#1423=VERTEX_POINT('',#4515);
#1424=VERTEX_POINT('',#4517);
#1425=VERTEX_POINT('',#4522);
#1426=VERTEX_POINT('',#4524);
#1427=VERTEX_POINT('',#4526);
#1428=VERTEX_POINT('',#4527);
#1429=VERTEX_POINT('',#4529);
#1430=VERTEX_POINT('',#4531);
#1431=VERTEX_POINT('',#4534);
#1432=VERTEX_POINT('',#4536);
#1433=VERTEX_POINT('',#4538);
#1434=VERTEX_POINT('',#4540);
#1435=VERTEX_POINT('',#4542);
#1436=VERTEX_POINT('',#4544);
#1437=VERTEX_POINT('',#4546);
#1438=VERTEX_POINT('',#4548);
#1439=VERTEX_POINT('',#4550);
#1440=VERTEX_POINT('',#4551);
#1441=VERTEX_POINT('',#4553);
#1442=VERTEX_POINT('',#4555);
#1443=VERTEX_POINT('',#4558);
#1444=VERTEX_POINT('',#4560);
#1445=VERTEX_POINT('',#4562);
#1446=VERTEX_POINT('',#4564);
#1447=VERTEX_POINT('',#4566);
#1448=VERTEX_POINT('',#4568);
#1449=VERTEX_POINT('',#4570);
#1450=VERTEX_POINT('',#4572);
#1451=VERTEX_POINT('',#4574);
#1452=VERTEX_POINT('',#4576);
#1453=VERTEX_POINT('',#4578);
#1454=VERTEX_POINT('',#4579);
#1455=VERTEX_POINT('',#4581);
#1456=VERTEX_POINT('',#4583);
#1457=VERTEX_POINT('',#4586);
#1458=VERTEX_POINT('',#4588);
#1459=VERTEX_POINT('',#4590);
#1460=VERTEX_POINT('',#4592);
#1461=VERTEX_POINT('',#4594);
#1462=VERTEX_POINT('',#4596);
#1463=VERTEX_POINT('',#4597);
#1464=VERTEX_POINT('',#4599);
#1465=VERTEX_POINT('',#4601);
#1466=VERTEX_POINT('',#4604);
#1467=VERTEX_POINT('',#4606);
#1468=VERTEX_POINT('',#4608);
#1469=VERTEX_POINT('',#4610);
#1470=VERTEX_POINT('',#4612);
#1471=VERTEX_POINT('',#4614);
#1472=VERTEX_POINT('',#4616);
#1473=VERTEX_POINT('',#4618);
#1474=VERTEX_POINT('',#4620);
#1475=VERTEX_POINT('',#4622);
#1476=VERTEX_POINT('',#4624);
#1477=VERTEX_POINT('',#4626);
#1478=VERTEX_POINT('',#4628);
#1479=VERTEX_POINT('',#4630);
#1480=VERTEX_POINT('',#4632);
#1481=VERTEX_POINT('',#4634);
#1482=VERTEX_POINT('',#4636);
#1483=VERTEX_POINT('',#4638);
#1484=VERTEX_POINT('',#4640);
#1485=VERTEX_POINT('',#4642);
#1486=VERTEX_POINT('',#4644);
#1487=VERTEX_POINT('',#4646);
#1488=VERTEX_POINT('',#4648);
#1489=VERTEX_POINT('',#4650);
#1490=VERTEX_POINT('',#4652);
#1491=VERTEX_POINT('',#4654);
#1492=VERTEX_POINT('',#4656);
#1493=VERTEX_POINT('',#4658);
#1494=VERTEX_POINT('',#4660);
#1495=VERTEX_POINT('',#4662);
#1496=VERTEX_POINT('',#4664);
#1497=VERTEX_POINT('',#4666);
#1498=VERTEX_POINT('',#4668);
#1499=VERTEX_POINT('',#4670);
#1500=VERTEX_POINT('',#4672);
#1501=VERTEX_POINT('',#4676);
#1502=VERTEX_POINT('',#4678);
#1503=VERTEX_POINT('',#4680);
#1504=VERTEX_POINT('',#4681);
#1505=VERTEX_POINT('',#4683);
#1506=VERTEX_POINT('',#4685);
#1507=VERTEX_POINT('',#4688);
#1508=VERTEX_POINT('',#4690);
#1509=VERTEX_POINT('',#4692);
#1510=VERTEX_POINT('',#4694);
#1511=VERTEX_POINT('',#4696);
#1512=VERTEX_POINT('',#4698);
#1513=VERTEX_POINT('',#4700);
#1514=VERTEX_POINT('',#4702);
#1515=VERTEX_POINT('',#4704);
#1516=VERTEX_POINT('',#4705);
#1517=VERTEX_POINT('',#4707);
#1518=VERTEX_POINT('',#4709);
#1519=VERTEX_POINT('',#4712);
#1520=VERTEX_POINT('',#4714);
#1521=VERTEX_POINT('',#4716);
#1522=VERTEX_POINT('',#4718);
#1523=VERTEX_POINT('',#4720);
#1524=VERTEX_POINT('',#4722);
#1525=VERTEX_POINT('',#4724);
#1526=VERTEX_POINT('',#4726);
#1527=VERTEX_POINT('',#4728);
#1528=VERTEX_POINT('',#4730);
#1529=VERTEX_POINT('',#4732);
#1530=VERTEX_POINT('',#4733);
#1531=VERTEX_POINT('',#4735);
#1532=VERTEX_POINT('',#4737);
#1533=VERTEX_POINT('',#4740);
#1534=VERTEX_POINT('',#4742);
#1535=VERTEX_POINT('',#4744);
#1536=VERTEX_POINT('',#4746);
#1537=VERTEX_POINT('',#4748);
#1538=VERTEX_POINT('',#4750);
#1539=VERTEX_POINT('',#4751);
#1540=VERTEX_POINT('',#4753);
#1541=VERTEX_POINT('',#4755);
#1542=VERTEX_POINT('',#4758);
#1543=VERTEX_POINT('',#4760);
#1544=VERTEX_POINT('',#4762);
#1545=VERTEX_POINT('',#4764);
#1546=VERTEX_POINT('',#4766);
#1547=VERTEX_POINT('',#4768);
#1548=VERTEX_POINT('',#4770);
#1549=VERTEX_POINT('',#4772);
#1550=VERTEX_POINT('',#4774);
#1551=VERTEX_POINT('',#4776);
#1552=VERTEX_POINT('',#4778);
#1553=VERTEX_POINT('',#4780);
#1554=VERTEX_POINT('',#4782);
#1555=VERTEX_POINT('',#4784);
#1556=VERTEX_POINT('',#4786);
#1557=VERTEX_POINT('',#4788);
#1558=VERTEX_POINT('',#4790);
#1559=VERTEX_POINT('',#4792);
#1560=VERTEX_POINT('',#4794);
#1561=VERTEX_POINT('',#4796);
#1562=VERTEX_POINT('',#4798);
#1563=VERTEX_POINT('',#4800);
#1564=VERTEX_POINT('',#4802);
#1565=VERTEX_POINT('',#4804);
#1566=VERTEX_POINT('',#4806);
#1567=VERTEX_POINT('',#4808);
#1568=VERTEX_POINT('',#4810);
#1569=VERTEX_POINT('',#4812);
#1570=VERTEX_POINT('',#4814);
#1571=VERTEX_POINT('',#4816);
#1572=VERTEX_POINT('',#4818);
#1573=VERTEX_POINT('',#4820);
#1574=VERTEX_POINT('',#4822);
#1575=VERTEX_POINT('',#4824);
#1576=VERTEX_POINT('',#4826);
#1577=VERTEX_POINT('',#4982);
#1578=VERTEX_POINT('',#4984);
#1579=VERTEX_POINT('',#4989);
#1580=VERTEX_POINT('',#4991);
#1581=VERTEX_POINT('',#4996);
#1582=VERTEX_POINT('',#4998);
#1583=VERTEX_POINT('',#5003);
#1584=VERTEX_POINT('',#5005);
#1585=VERTEX_POINT('',#5010);
#1586=VERTEX_POINT('',#5012);
#1587=VERTEX_POINT('',#5017);
#1588=VERTEX_POINT('',#5020);
#1589=VERTEX_POINT('',#5022);
#1590=VERTEX_POINT('',#5027);
#1591=VERTEX_POINT('',#5030);
#1592=VERTEX_POINT('',#5031);
#1593=VERTEX_POINT('',#5033);
#1594=VERTEX_POINT('',#5037);
#1595=VERTEX_POINT('',#5039);
#1596=VERTEX_POINT('',#5041);
#1597=VERTEX_POINT('',#5043);
#1598=VERTEX_POINT('',#5045);
#1599=VERTEX_POINT('',#5047);
#1600=VERTEX_POINT('',#5051);
#1601=VERTEX_POINT('',#5052);
#1602=VERTEX_POINT('',#5054);
#1603=VERTEX_POINT('',#5058);
#1604=VERTEX_POINT('',#5060);
#1605=VERTEX_POINT('',#5063);
#1606=VERTEX_POINT('',#5065);
#1607=VERTEX_POINT('',#5068);
#1608=VERTEX_POINT('',#5069);
#1609=VERTEX_POINT('',#5071);
#1610=VERTEX_POINT('',#5073);
#1611=VERTEX_POINT('',#5077);
#1612=VERTEX_POINT('',#5078);
#1613=VERTEX_POINT('',#5080);
#1614=VERTEX_POINT('',#5084);
#1615=VERTEX_POINT('',#5086);
#1616=VERTEX_POINT('',#5089);
#1617=VERTEX_POINT('',#5094);
#1618=VERTEX_POINT('',#5096);
#1619=VERTEX_POINT('',#5100);
#1620=VERTEX_POINT('',#5102);
#1621=VERTEX_POINT('',#5105);
#1622=VERTEX_POINT('',#5107);
#1623=VERTEX_POINT('',#5112);
#1624=VERTEX_POINT('',#5113);
#1625=VERTEX_POINT('',#5115);
#1626=VERTEX_POINT('',#5117);
#1627=VERTEX_POINT('',#5121);
#1628=VERTEX_POINT('',#5122);
#1629=VERTEX_POINT('',#5127);
#1630=VERTEX_POINT('',#5128);
#1631=VERTEX_POINT('',#5142);
#1632=VERTEX_POINT('',#5144);
#1633=VERTEX_POINT('',#5146);
#1634=VERTEX_POINT('',#5148);
#1635=VERTEX_POINT('',#5154);
#1636=VERTEX_POINT('',#5159);
#1637=VERTEX_POINT('',#5172);
#1638=VERTEX_POINT('',#5173);
#1639=VERTEX_POINT('',#5175);
#1640=VERTEX_POINT('',#5177);
#1641=VERTEX_POINT('',#5189);
#1642=VERTEX_POINT('',#5190);
#1643=VERTEX_POINT('',#5192);
#1644=VERTEX_POINT('',#5194);
#1645=VERTEX_POINT('',#5198);
#1646=VERTEX_POINT('',#5200);
#1647=VERTEX_POINT('',#5204);
#1648=VERTEX_POINT('',#5205);
#1649=VERTEX_POINT('',#5207);
#1650=VERTEX_POINT('',#5209);
#1651=VERTEX_POINT('',#5213);
#1652=VERTEX_POINT('',#5215);
#1653=VERTEX_POINT('',#5219);
#1654=VERTEX_POINT('',#5220);
#1655=VERTEX_POINT('',#5222);
#1656=VERTEX_POINT('',#5224);
#1657=VERTEX_POINT('',#5227);
#1658=VERTEX_POINT('',#5229);
#1659=VERTEX_POINT('',#5231);
#1660=VERTEX_POINT('',#5233);
#1661=VERTEX_POINT('',#5235);
#1662=VERTEX_POINT('',#5237);
#1663=VERTEX_POINT('',#5239);
#1664=VERTEX_POINT('',#5242);
#1665=VERTEX_POINT('',#5244);
#1666=VERTEX_POINT('',#5246);
#1667=VERTEX_POINT('',#5250);
#1668=VERTEX_POINT('',#5254);
#1669=VERTEX_POINT('',#5256);
#1670=VERTEX_POINT('',#5260);
#1671=VERTEX_POINT('',#5264);
#1672=VERTEX_POINT('',#5268);
#1673=VERTEX_POINT('',#5278);
#1674=VERTEX_POINT('',#5280);
#1675=VERTEX_POINT('',#5284);
#1676=VERTEX_POINT('',#5287);
#1677=VERTEX_POINT('',#5289);
#1678=VERTEX_POINT('',#5293);
#1679=VERTEX_POINT('',#5296);
#1680=VERTEX_POINT('',#5298);
#1681=VERTEX_POINT('',#5302);
#1682=VERTEX_POINT('',#5305);
#1683=VERTEX_POINT('',#5307);
#1684=VERTEX_POINT('',#5311);
#1685=VERTEX_POINT('',#5322);
#1686=VERTEX_POINT('',#5323);
#1687=VERTEX_POINT('',#5325);
#1688=VERTEX_POINT('',#5327);
#1689=VERTEX_POINT('',#5330);
#1690=VERTEX_POINT('',#5331);
#1691=VERTEX_POINT('',#5333);
#1692=VERTEX_POINT('',#5335);
#1693=VERTEX_POINT('',#5339);
#1694=VERTEX_POINT('',#5341);
#1695=VERTEX_POINT('',#5345);
#1696=VERTEX_POINT('',#5349);
#1697=EDGE_CURVE('',#1417,#1418,#945,.T.);
#1698=EDGE_CURVE('',#1418,#1419,#946,.T.);
#1699=EDGE_CURVE('',#1420,#1419,#947,.T.);
#1700=EDGE_CURVE('',#1417,#1420,#948,.T.);
#1701=EDGE_CURVE('',#1421,#1422,#949,.T.);
#1702=EDGE_CURVE('',#1422,#1418,#950,.T.);
#1703=EDGE_CURVE('',#1421,#1417,#951,.T.);
#1704=EDGE_CURVE('',#1419,#1423,#952,.T.);
#1705=EDGE_CURVE('',#1424,#1423,#953,.T.);
#1706=EDGE_CURVE('',#1420,#1424,#954,.T.);
#1707=EDGE_CURVE('',#1424,#1421,#955,.T.);
#1708=EDGE_CURVE('',#1425,#1425,#275,.T.);
#1709=EDGE_CURVE('',#1426,#1426,#276,.T.);
#1710=EDGE_CURVE('',#1427,#1428,#277,.T.);
#1711=EDGE_CURVE('',#1429,#1427,#956,.T.);
#1712=EDGE_CURVE('',#1430,#1429,#278,.T.);
#1713=EDGE_CURVE('',#1428,#1430,#957,.T.);
#1714=EDGE_CURVE('',#1431,#1431,#279,.T.);
#1715=EDGE_CURVE('',#1432,#1432,#280,.T.);
#1716=EDGE_CURVE('',#1433,#1433,#281,.T.);
#1717=EDGE_CURVE('',#1434,#1434,#282,.T.);
#1718=EDGE_CURVE('',#1435,#1435,#283,.T.);
#1719=EDGE_CURVE('',#1436,#1436,#284,.T.);
#1720=EDGE_CURVE('',#1437,#1437,#285,.T.);
#1721=EDGE_CURVE('',#1438,#1438,#286,.T.);
#1722=EDGE_CURVE('',#1439,#1440,#287,.T.);
#1723=EDGE_CURVE('',#1441,#1439,#958,.T.);
#1724=EDGE_CURVE('',#1442,#1441,#288,.T.);
#1725=EDGE_CURVE('',#1440,#1442,#959,.T.);
#1726=EDGE_CURVE('',#1443,#1443,#289,.T.);
#1727=EDGE_CURVE('',#1444,#1444,#290,.T.);
#1728=EDGE_CURVE('',#1445,#1445,#291,.T.);
#1729=EDGE_CURVE('',#1446,#1446,#292,.T.);
#1730=EDGE_CURVE('',#1447,#1447,#293,.T.);
#1731=EDGE_CURVE('',#1448,#1448,#294,.T.);
#1732=EDGE_CURVE('',#1449,#1449,#295,.T.);
#1733=EDGE_CURVE('',#1450,#1450,#296,.T.);
#1734=EDGE_CURVE('',#1451,#1451,#297,.T.);
#1735=EDGE_CURVE('',#1452,#1452,#298,.T.);
#1736=EDGE_CURVE('',#1453,#1454,#299,.T.);
#1737=EDGE_CURVE('',#1455,#1453,#960,.T.);
#1738=EDGE_CURVE('',#1456,#1455,#300,.T.);
#1739=EDGE_CURVE('',#1454,#1456,#961,.T.);
#1740=EDGE_CURVE('',#1457,#1457,#301,.T.);
#1741=EDGE_CURVE('',#1458,#1458,#302,.T.);
#1742=EDGE_CURVE('',#1459,#1459,#303,.T.);
#1743=EDGE_CURVE('',#1460,#1460,#304,.T.);
#1744=EDGE_CURVE('',#1461,#1461,#305,.T.);
#1745=EDGE_CURVE('',#1462,#1463,#306,.T.);
#1746=EDGE_CURVE('',#1464,#1462,#962,.T.);
#1747=EDGE_CURVE('',#1465,#1464,#307,.T.);
#1748=EDGE_CURVE('',#1463,#1465,#963,.T.);
#1749=EDGE_CURVE('',#1466,#1466,#308,.T.);
#1750=EDGE_CURVE('',#1467,#1467,#309,.T.);
#1751=EDGE_CURVE('',#1468,#1468,#310,.T.);
#1752=EDGE_CURVE('',#1469,#1469,#311,.T.);
#1753=EDGE_CURVE('',#1470,#1470,#312,.T.);
#1754=EDGE_CURVE('',#1471,#1471,#313,.T.);
#1755=EDGE_CURVE('',#1472,#1472,#314,.T.);
#1756=EDGE_CURVE('',#1473,#1473,#315,.T.);
#1757=EDGE_CURVE('',#1474,#1474,#316,.T.);
#1758=EDGE_CURVE('',#1475,#1475,#317,.T.);
#1759=EDGE_CURVE('',#1476,#1476,#318,.T.);
#1760=EDGE_CURVE('',#1477,#1477,#319,.T.);
#1761=EDGE_CURVE('',#1478,#1478,#320,.T.);
#1762=EDGE_CURVE('',#1479,#1479,#321,.T.);
#1763=EDGE_CURVE('',#1480,#1480,#322,.T.);
#1764=EDGE_CURVE('',#1481,#1481,#323,.T.);
#1765=EDGE_CURVE('',#1482,#1482,#324,.T.);
#1766=EDGE_CURVE('',#1483,#1483,#325,.T.);
#1767=EDGE_CURVE('',#1484,#1484,#326,.T.);
#1768=EDGE_CURVE('',#1485,#1485,#327,.T.);
#1769=EDGE_CURVE('',#1486,#1486,#328,.T.);
#1770=EDGE_CURVE('',#1487,#1487,#329,.T.);
#1771=EDGE_CURVE('',#1488,#1488,#330,.T.);
#1772=EDGE_CURVE('',#1489,#1489,#331,.T.);
#1773=EDGE_CURVE('',#1490,#1490,#332,.T.);
#1774=EDGE_CURVE('',#1491,#1491,#333,.T.);
#1775=EDGE_CURVE('',#1492,#1492,#334,.T.);
#1776=EDGE_CURVE('',#1493,#1493,#335,.T.);
#1777=EDGE_CURVE('',#1494,#1494,#336,.T.);
#1778=EDGE_CURVE('',#1495,#1495,#337,.T.);
#1779=EDGE_CURVE('',#1496,#1496,#338,.T.);
#1780=EDGE_CURVE('',#1497,#1497,#339,.T.);
#1781=EDGE_CURVE('',#1498,#1498,#340,.T.);
#1782=EDGE_CURVE('',#1499,#1499,#341,.T.);
#1783=EDGE_CURVE('',#1500,#1500,#342,.T.);
#1784=EDGE_CURVE('',#1423,#1422,#964,.T.);
#1785=EDGE_CURVE('',#1501,#1501,#343,.T.);
#1786=EDGE_CURVE('',#1502,#1502,#344,.T.);
#1787=EDGE_CURVE('',#1503,#1504,#345,.T.);
#1788=EDGE_CURVE('',#1504,#1505,#965,.T.);
#1789=EDGE_CURVE('',#1505,#1506,#346,.T.);
#1790=EDGE_CURVE('',#1506,#1503,#966,.T.);
#1791=EDGE_CURVE('',#1507,#1507,#347,.T.);
#1792=EDGE_CURVE('',#1508,#1508,#348,.T.);
#1793=EDGE_CURVE('',#1509,#1509,#349,.T.);
#1794=EDGE_CURVE('',#1510,#1510,#350,.T.);
#1795=EDGE_CURVE('',#1511,#1511,#351,.T.);
#1796=EDGE_CURVE('',#1512,#1512,#352,.T.);
#1797=EDGE_CURVE('',#1513,#1513,#353,.T.);
#1798=EDGE_CURVE('',#1514,#1514,#354,.T.);
#1799=EDGE_CURVE('',#1515,#1516,#355,.T.);
#1800=EDGE_CURVE('',#1516,#1517,#967,.T.);
#1801=EDGE_CURVE('',#1517,#1518,#356,.T.);
#1802=EDGE_CURVE('',#1518,#1515,#968,.T.);
#1803=EDGE_CURVE('',#1519,#1519,#357,.T.);
#1804=EDGE_CURVE('',#1520,#1520,#358,.T.);
#1805=EDGE_CURVE('',#1521,#1521,#359,.T.);
#1806=EDGE_CURVE('',#1522,#1522,#360,.T.);
#1807=EDGE_CURVE('',#1523,#1523,#361,.T.);
#1808=EDGE_CURVE('',#1524,#1524,#362,.T.);
#1809=EDGE_CURVE('',#1525,#1525,#363,.T.);
#1810=EDGE_CURVE('',#1526,#1526,#364,.T.);
#1811=EDGE_CURVE('',#1527,#1527,#365,.T.);
#1812=EDGE_CURVE('',#1528,#1528,#366,.T.);
#1813=EDGE_CURVE('',#1529,#1530,#367,.T.);
#1814=EDGE_CURVE('',#1530,#1531,#969,.T.);
#1815=EDGE_CURVE('',#1531,#1532,#368,.T.);
#1816=EDGE_CURVE('',#1532,#1529,#970,.T.);
#1817=EDGE_CURVE('',#1533,#1533,#369,.T.);
#1818=EDGE_CURVE('',#1534,#1534,#370,.T.);
#1819=EDGE_CURVE('',#1535,#1535,#371,.T.);
#1820=EDGE_CURVE('',#1536,#1536,#372,.T.);
#1821=EDGE_CURVE('',#1537,#1537,#373,.T.);
#1822=EDGE_CURVE('',#1538,#1539,#374,.T.);
#1823=EDGE_CURVE('',#1539,#1540,#971,.T.);
#1824=EDGE_CURVE('',#1540,#1541,#375,.T.);
#1825=EDGE_CURVE('',#1541,#1538,#972,.T.);
#1826=EDGE_CURVE('',#1542,#1542,#376,.T.);
#1827=EDGE_CURVE('',#1543,#1543,#377,.T.);
#1828=EDGE_CURVE('',#1544,#1544,#378,.T.);
#1829=EDGE_CURVE('',#1545,#1545,#379,.T.);
#1830=EDGE_CURVE('',#1546,#1546,#380,.T.);
#1831=EDGE_CURVE('',#1547,#1547,#381,.T.);
#1832=EDGE_CURVE('',#1548,#1548,#382,.T.);
#1833=EDGE_CURVE('',#1549,#1549,#383,.T.);
#1834=EDGE_CURVE('',#1550,#1550,#384,.T.);
#1835=EDGE_CURVE('',#1551,#1551,#385,.T.);
#1836=EDGE_CURVE('',#1552,#1552,#386,.T.);
#1837=EDGE_CURVE('',#1553,#1553,#387,.T.);
#1838=EDGE_CURVE('',#1554,#1554,#388,.T.);
#1839=EDGE_CURVE('',#1555,#1555,#389,.T.);
#1840=EDGE_CURVE('',#1556,#1556,#390,.T.);
#1841=EDGE_CURVE('',#1557,#1557,#391,.T.);
#1842=EDGE_CURVE('',#1558,#1558,#392,.T.);
#1843=EDGE_CURVE('',#1559,#1559,#393,.T.);
#1844=EDGE_CURVE('',#1560,#1560,#394,.T.);
#1845=EDGE_CURVE('',#1561,#1561,#395,.T.);
#1846=EDGE_CURVE('',#1562,#1562,#396,.T.);
#1847=EDGE_CURVE('',#1563,#1563,#397,.T.);
#1848=EDGE_CURVE('',#1564,#1564,#398,.T.);
#1849=EDGE_CURVE('',#1565,#1565,#399,.T.);
#1850=EDGE_CURVE('',#1566,#1566,#400,.T.);
#1851=EDGE_CURVE('',#1567,#1567,#401,.T.);
#1852=EDGE_CURVE('',#1568,#1568,#402,.T.);
#1853=EDGE_CURVE('',#1569,#1569,#403,.T.);
#1854=EDGE_CURVE('',#1570,#1570,#404,.T.);
#1855=EDGE_CURVE('',#1571,#1571,#405,.T.);
#1856=EDGE_CURVE('',#1572,#1572,#406,.T.);
#1857=EDGE_CURVE('',#1573,#1573,#407,.T.);
#1858=EDGE_CURVE('',#1574,#1574,#408,.T.);
#1859=EDGE_CURVE('',#1575,#1575,#409,.T.);
#1860=EDGE_CURVE('',#1576,#1576,#410,.T.);
#1861=EDGE_CURVE('',#1501,#1425,#973,.T.);
#1862=EDGE_CURVE('',#1502,#1426,#974,.T.);
#1863=EDGE_CURVE('',#1428,#1504,#975,.T.);
#1864=EDGE_CURVE('',#1427,#1503,#976,.T.);
#1865=EDGE_CURVE('',#1429,#1506,#977,.T.);
#1866=EDGE_CURVE('',#1430,#1505,#978,.T.);
#1867=EDGE_CURVE('',#1507,#1431,#979,.T.);
#1868=EDGE_CURVE('',#1508,#1432,#980,.T.);
#1869=EDGE_CURVE('',#1509,#1433,#981,.T.);
#1870=EDGE_CURVE('',#1510,#1434,#982,.T.);
#1871=EDGE_CURVE('',#1511,#1435,#983,.T.);
#1872=EDGE_CURVE('',#1512,#1436,#984,.T.);
#1873=EDGE_CURVE('',#1513,#1437,#985,.T.);
#1874=EDGE_CURVE('',#1514,#1438,#986,.T.);
#1875=EDGE_CURVE('',#1440,#1516,#987,.T.);
#1876=EDGE_CURVE('',#1439,#1515,#988,.T.);
#1877=EDGE_CURVE('',#1441,#1518,#989,.T.);
#1878=EDGE_CURVE('',#1442,#1517,#990,.T.);
#1879=EDGE_CURVE('',#1519,#1443,#991,.T.);
#1880=EDGE_CURVE('',#1520,#1444,#992,.T.);
#1881=EDGE_CURVE('',#1521,#1445,#993,.T.);
#1882=EDGE_CURVE('',#1522,#1446,#994,.T.);
#1883=EDGE_CURVE('',#1523,#1447,#995,.T.);
#1884=EDGE_CURVE('',#1524,#1448,#996,.T.);
#1885=EDGE_CURVE('',#1525,#1449,#997,.T.);
#1886=EDGE_CURVE('',#1526,#1450,#998,.T.);
#1887=EDGE_CURVE('',#1527,#1451,#999,.T.);
#1888=EDGE_CURVE('',#1528,#1452,#1000,.T.);
#1889=EDGE_CURVE('',#1454,#1530,#1001,.T.);
#1890=EDGE_CURVE('',#1453,#1529,#1002,.T.);
#1891=EDGE_CURVE('',#1455,#1532,#1003,.T.);
#1892=EDGE_CURVE('',#1456,#1531,#1004,.T.);
#1893=EDGE_CURVE('',#1533,#1457,#1005,.T.);
#1894=EDGE_CURVE('',#1534,#1458,#1006,.T.);
#1895=EDGE_CURVE('',#1535,#1459,#1007,.T.);
#1896=EDGE_CURVE('',#1536,#1460,#1008,.T.);
#1897=EDGE_CURVE('',#1537,#1461,#1009,.T.);
#1898=EDGE_CURVE('',#1463,#1539,#1010,.T.);
#1899=EDGE_CURVE('',#1462,#1538,#1011,.T.);
#1900=EDGE_CURVE('',#1464,#1541,#1012,.T.);
#1901=EDGE_CURVE('',#1465,#1540,#1013,.T.);
#1902=EDGE_CURVE('',#1542,#1466,#1014,.T.);
#1903=EDGE_CURVE('',#1543,#1467,#1015,.T.);
#1904=EDGE_CURVE('',#1544,#1468,#1016,.T.);
#1905=EDGE_CURVE('',#1545,#1469,#1017,.T.);
#1906=EDGE_CURVE('',#1546,#1470,#1018,.T.);
#1907=EDGE_CURVE('',#1547,#1471,#1019,.T.);
#1908=EDGE_CURVE('',#1548,#1472,#1020,.T.);
#1909=EDGE_CURVE('',#1549,#1473,#1021,.T.);
#1910=EDGE_CURVE('',#1550,#1474,#1022,.T.);
#1911=EDGE_CURVE('',#1551,#1475,#1023,.T.);
#1912=EDGE_CURVE('',#1552,#1476,#1024,.T.);
#1913=EDGE_CURVE('',#1553,#1477,#1025,.T.);
#1914=EDGE_CURVE('',#1554,#1478,#1026,.T.);
#1915=EDGE_CURVE('',#1555,#1479,#1027,.T.);
#1916=EDGE_CURVE('',#1556,#1480,#1028,.T.);
#1917=EDGE_CURVE('',#1557,#1481,#1029,.T.);
#1918=EDGE_CURVE('',#1558,#1482,#1030,.T.);
#1919=EDGE_CURVE('',#1559,#1483,#1031,.T.);
#1920=EDGE_CURVE('',#1560,#1484,#1032,.T.);
#1921=EDGE_CURVE('',#1561,#1485,#1033,.T.);
#1922=EDGE_CURVE('',#1562,#1486,#1034,.T.);
#1923=EDGE_CURVE('',#1563,#1487,#1035,.T.);
#1924=EDGE_CURVE('',#1564,#1488,#1036,.T.);
#1925=EDGE_CURVE('',#1565,#1489,#1037,.T.);
#1926=EDGE_CURVE('',#1566,#1490,#1038,.T.);
#1927=EDGE_CURVE('',#1567,#1491,#1039,.T.);
#1928=EDGE_CURVE('',#1568,#1492,#1040,.T.);
#1929=EDGE_CURVE('',#1569,#1493,#1041,.T.);
#1930=EDGE_CURVE('',#1570,#1494,#1042,.T.);
#1931=EDGE_CURVE('',#1571,#1495,#1043,.T.);
#1932=EDGE_CURVE('',#1572,#1496,#1044,.T.);
#1933=EDGE_CURVE('',#1573,#1497,#1045,.T.);
#1934=EDGE_CURVE('',#1574,#1498,#1046,.T.);
#1935=EDGE_CURVE('',#1575,#1499,#1047,.T.);
#1936=EDGE_CURVE('',#1576,#1500,#1048,.T.);
#1937=EDGE_CURVE('',#1577,#1577,#411,.T.);
#1938=EDGE_CURVE('',#1577,#1578,#1049,.T.);
#1939=EDGE_CURVE('',#1578,#1578,#412,.F.);
#1940=EDGE_CURVE('',#1579,#1579,#413,.T.);
#1941=EDGE_CURVE('',#1579,#1580,#1050,.T.);
#1942=EDGE_CURVE('',#1580,#1580,#414,.F.);
#1943=EDGE_CURVE('',#1581,#1581,#415,.T.);
#1944=EDGE_CURVE('',#1581,#1582,#1051,.T.);
#1945=EDGE_CURVE('',#1582,#1582,#416,.F.);
#1946=EDGE_CURVE('',#1583,#1583,#417,.T.);
#1947=EDGE_CURVE('',#1583,#1584,#1052,.T.);
#1948=EDGE_CURVE('',#1584,#1584,#418,.F.);
#1949=EDGE_CURVE('',#1585,#1585,#419,.T.);
#1950=EDGE_CURVE('',#1585,#1586,#1053,.T.);
#1951=EDGE_CURVE('',#1586,#1586,#420,.T.);
#1952=EDGE_CURVE('',#1587,#1587,#421,.T.);
#1953=EDGE_CURVE('',#1588,#1588,#422,.T.);
#1954=EDGE_CURVE('',#1588,#1589,#1054,.T.);
#1955=EDGE_CURVE('',#1589,#1589,#423,.T.);
#1956=EDGE_CURVE('',#1590,#1590,#424,.T.);
#1957=EDGE_CURVE('',#1591,#1592,#1055,.T.);
#1958=EDGE_CURVE('',#1591,#1593,#425,.T.);
#1959=EDGE_CURVE('',#1592,#1593,#1056,.T.);
#1960=EDGE_CURVE('',#1593,#1594,#1057,.T.);
#1961=EDGE_CURVE('',#1594,#1595,#1058,.T.);
#1962=EDGE_CURVE('',#1595,#1596,#1059,.T.);
#1963=EDGE_CURVE('',#1596,#1597,#1060,.T.);
#1964=EDGE_CURVE('',#1598,#1597,#1061,.T.);
#1965=EDGE_CURVE('',#1599,#1598,#1062,.T.);
#1966=EDGE_CURVE('',#1599,#1592,#1063,.T.);
#1967=EDGE_CURVE('',#1600,#1601,#426,.T.);
#1968=EDGE_CURVE('',#1602,#1601,#1064,.T.);
#1969=EDGE_CURVE('',#1600,#1602,#1065,.T.);
#1970=EDGE_CURVE('',#1603,#1600,#1066,.T.);
#1971=EDGE_CURVE('',#1604,#1602,#1067,.T.);
#1972=EDGE_CURVE('',#1598,#1604,#1068,.T.);
#1973=EDGE_CURVE('',#1597,#1605,#1069,.T.);
#1974=EDGE_CURVE('',#1605,#1606,#1070,.T.);
#1975=EDGE_CURVE('',#1606,#1603,#1071,.T.);
#1976=EDGE_CURVE('',#1607,#1608,#1072,.T.);
#1977=EDGE_CURVE('',#1608,#1609,#1073,.T.);
#1978=EDGE_CURVE('',#1609,#1610,#1074,.T.);
#1979=EDGE_CURVE('',#1610,#1607,#1075,.T.);
#1980=EDGE_CURVE('',#1611,#1612,#1076,.T.);
#1981=EDGE_CURVE('',#1611,#1613,#427,.T.);
#1982=EDGE_CURVE('',#1612,#1613,#1077,.T.);
#1983=EDGE_CURVE('',#1601,#1614,#1078,.T.);
#1984=EDGE_CURVE('',#1614,#1615,#1079,.T.);
#1985=EDGE_CURVE('',#1615,#1611,#1080,.T.);
#1986=EDGE_CURVE('',#1612,#1616,#1081,.T.);
#1987=EDGE_CURVE('',#1604,#1616,#1082,.T.);
#1988=EDGE_CURVE('',#1616,#1599,#1083,.T.);
#1989=EDGE_CURVE('',#1613,#1617,#1084,.T.);
#1990=EDGE_CURVE('',#1617,#1618,#1085,.T.);
#1991=EDGE_CURVE('',#1618,#1591,#1086,.T.);
#1992=EDGE_CURVE('',#1619,#1619,#428,.T.);
#1993=EDGE_CURVE('',#1620,#1620,#429,.T.);
#1994=EDGE_CURVE('',#1621,#1621,#430,.T.);
#1995=EDGE_CURVE('',#1622,#1622,#431,.T.);
#1996=EDGE_CURVE('',#1596,#1605,#432,.T.);
#1997=EDGE_CURVE('',#1623,#1624,#1087,.T.);
#1998=EDGE_CURVE('',#1624,#1625,#1088,.T.);
#1999=EDGE_CURVE('',#1625,#1626,#1089,.T.);
#2000=EDGE_CURVE('',#1626,#1623,#1090,.T.);
#2001=EDGE_CURVE('',#1627,#1628,#1091,.T.);
#2002=EDGE_CURVE('',#1609,#1627,#1092,.T.);
#2003=EDGE_CURVE('',#1608,#1628,#1093,.T.);
#2004=EDGE_CURVE('',#1629,#1630,#1094,.T.);
#2005=EDGE_CURVE('',#1607,#1629,#1095,.T.);
#2006=EDGE_CURVE('',#1610,#1630,#1096,.T.);
#2007=EDGE_CURVE('',#1630,#1627,#1097,.T.);
#2008=EDGE_CURVE('',#1628,#1629,#1098,.T.);
#2009=EDGE_CURVE('',#1594,#1618,#433,.T.);
#2010=EDGE_CURVE('',#1617,#1615,#434,.T.);
#2011=EDGE_CURVE('',#1614,#1603,#435,.T.);
#2012=EDGE_CURVE('',#1606,#1595,#436,.T.);
#2013=EDGE_CURVE('',#1631,#1631,#437,.T.);
#2014=EDGE_CURVE('',#1632,#1632,#438,.T.);
#2015=EDGE_CURVE('',#1633,#1633,#439,.T.);
#2016=EDGE_CURVE('',#1634,#1634,#440,.T.);
#2017=EDGE_CURVE('',#1620,#1635,#1099,.T.);
#2018=EDGE_CURVE('',#1635,#1635,#441,.T.);
#2019=EDGE_CURVE('',#1622,#1636,#1100,.T.);
#2020=EDGE_CURVE('',#1636,#1636,#442,.T.);
#2021=EDGE_CURVE('',#1633,#1590,#1101,.T.);
#2022=EDGE_CURVE('',#1634,#1587,#1102,.T.);
#2023=EDGE_CURVE('',#1632,#1619,#1103,.T.);
#2024=EDGE_CURVE('',#1631,#1621,#1104,.T.);
#2025=EDGE_CURVE('',#1637,#1638,#1105,.T.);
#2026=EDGE_CURVE('',#1638,#1639,#1106,.T.);
#2027=EDGE_CURVE('',#1639,#1640,#1107,.T.);
#2028=EDGE_CURVE('',#1640,#1637,#1108,.T.);
#2029=EDGE_CURVE('',#1623,#1638,#1109,.T.);
#2030=EDGE_CURVE('',#1626,#1639,#1110,.T.);
#2031=EDGE_CURVE('',#1625,#1640,#1111,.T.);
#2032=EDGE_CURVE('',#1637,#1624,#1112,.T.);
#2033=EDGE_CURVE('',#1641,#1642,#1113,.T.);
#2034=EDGE_CURVE('',#1643,#1641,#1114,.T.);
#2035=EDGE_CURVE('',#1643,#1644,#1115,.T.);
#2036=EDGE_CURVE('',#1642,#1644,#1116,.T.);
#2037=EDGE_CURVE('',#1644,#1645,#1117,.T.);
#2038=EDGE_CURVE('',#1646,#1643,#1118,.T.);
#2039=EDGE_CURVE('',#1645,#1646,#1119,.T.);
#2040=EDGE_CURVE('',#1647,#1648,#1120,.T.);
#2041=EDGE_CURVE('',#1649,#1647,#1121,.T.);
#2042=EDGE_CURVE('',#1650,#1649,#1122,.T.);
#2043=EDGE_CURVE('',#1648,#1650,#1123,.T.);
#2044=EDGE_CURVE('',#1651,#1646,#1124,.T.);
#2045=EDGE_CURVE('',#1652,#1651,#1125,.T.);
#2046=EDGE_CURVE('',#1645,#1652,#1126,.T.);
#2047=EDGE_CURVE('',#1653,#1654,#1127,.T.);
#2048=EDGE_CURVE('',#1654,#1655,#1128,.T.);
#2049=EDGE_CURVE('',#1655,#1656,#1129,.T.);
#2050=EDGE_CURVE('',#1656,#1653,#1130,.T.);
#2051=EDGE_CURVE('',#1657,#1657,#443,.T.);
#2052=EDGE_CURVE('',#1658,#1658,#444,.T.);
#2053=EDGE_CURVE('',#1659,#1659,#445,.T.);
#2054=EDGE_CURVE('',#1660,#1660,#446,.T.);
#2055=EDGE_CURVE('',#1652,#1661,#1131,.T.);
#2056=EDGE_CURVE('',#1661,#1662,#1132,.T.);
#2057=EDGE_CURVE('',#1662,#1663,#1133,.T.);
#2058=EDGE_CURVE('',#1663,#1649,#1134,.T.);
#2059=EDGE_CURVE('',#1647,#1664,#1135,.T.);
#2060=EDGE_CURVE('',#1664,#1665,#1136,.T.);
#2061=EDGE_CURVE('',#1665,#1666,#1137,.T.);
#2062=EDGE_CURVE('',#1666,#1642,#1138,.T.);
#2063=EDGE_CURVE('',#1667,#1648,#1139,.T.);
#2064=EDGE_CURVE('',#1664,#1667,#1140,.T.);
#2065=EDGE_CURVE('',#1662,#1668,#1141,.T.);
#2066=EDGE_CURVE('',#1661,#1669,#1142,.T.);
#2067=EDGE_CURVE('',#1668,#1669,#1143,.T.);
#2068=EDGE_CURVE('',#1670,#1668,#1144,.T.);
#2069=EDGE_CURVE('',#1663,#1670,#1145,.T.);
#2070=EDGE_CURVE('',#1666,#1671,#1146,.T.);
#2071=EDGE_CURVE('',#1641,#1671,#1147,.T.);
#2072=EDGE_CURVE('',#1671,#1672,#1148,.T.);
#2073=EDGE_CURVE('',#1665,#1672,#1149,.T.);
#2074=EDGE_CURVE('',#1672,#1667,#1150,.T.);
#2075=EDGE_CURVE('',#1650,#1670,#1151,.T.);
#2076=EDGE_CURVE('',#1669,#1651,#1152,.T.);
#2077=EDGE_CURVE('',#1673,#1673,#447,.T.);
#2078=EDGE_CURVE('',#1673,#1674,#1153,.T.);
#2079=EDGE_CURVE('',#1674,#1674,#448,.T.);
#2080=EDGE_CURVE('',#1675,#1675,#449,.T.);
#2081=EDGE_CURVE('',#1676,#1676,#450,.T.);
#2082=EDGE_CURVE('',#1676,#1677,#1154,.T.);
#2083=EDGE_CURVE('',#1677,#1677,#451,.T.);
#2084=EDGE_CURVE('',#1678,#1678,#452,.T.);
#2085=EDGE_CURVE('',#1679,#1679,#453,.T.);
#2086=EDGE_CURVE('',#1679,#1680,#1155,.T.);
#2087=EDGE_CURVE('',#1680,#1680,#454,.T.);
#2088=EDGE_CURVE('',#1681,#1681,#455,.T.);
#2089=EDGE_CURVE('',#1682,#1682,#456,.T.);
#2090=EDGE_CURVE('',#1682,#1683,#1156,.T.);
#2091=EDGE_CURVE('',#1683,#1683,#457,.T.);
#2092=EDGE_CURVE('',#1684,#1684,#458,.T.);
#2093=EDGE_CURVE('',#1678,#1660,#1157,.T.);
#2094=EDGE_CURVE('',#1684,#1659,#1158,.T.);
#2095=EDGE_CURVE('',#1675,#1658,#1159,.T.);
#2096=EDGE_CURVE('',#1681,#1657,#1160,.T.);
#2097=EDGE_CURVE('',#1685,#1686,#1161,.T.);
#2098=EDGE_CURVE('',#1687,#1685,#1162,.T.);
#2099=EDGE_CURVE('',#1688,#1687,#1163,.T.);
#2100=EDGE_CURVE('',#1686,#1688,#1164,.T.);
#2101=EDGE_CURVE('',#1689,#1690,#1165,.T.);
#2102=EDGE_CURVE('',#1691,#1689,#1166,.T.);
#2103=EDGE_CURVE('',#1692,#1691,#1167,.T.);
#2104=EDGE_CURVE('',#1690,#1692,#1168,.T.);
#2105=EDGE_CURVE('',#1685,#1693,#1169,.T.);
#2106=EDGE_CURVE('',#1694,#1693,#1170,.T.);
#2107=EDGE_CURVE('',#1687,#1694,#1171,.T.);
#2108=EDGE_CURVE('',#1695,#1694,#1172,.T.);
#2109=EDGE_CURVE('',#1688,#1695,#1173,.T.);
#2110=EDGE_CURVE('',#1696,#1695,#1174,.T.);
#2111=EDGE_CURVE('',#1686,#1696,#1175,.T.);
#2112=EDGE_CURVE('',#1693,#1696,#1176,.T.);
#2113=EDGE_CURVE('',#1690,#1654,#1177,.T.);
#2114=EDGE_CURVE('',#1689,#1653,#1178,.T.);
#2115=EDGE_CURVE('',#1691,#1656,#1179,.T.);
#2116=EDGE_CURVE('',#1692,#1655,#1180,.T.);
#2117=ORIENTED_EDGE('',*,*,#1697,.T.);
#2118=ORIENTED_EDGE('',*,*,#1698,.T.);
#2119=ORIENTED_EDGE('',*,*,#1699,.F.);
#2120=ORIENTED_EDGE('',*,*,#1700,.F.);
#2121=ORIENTED_EDGE('',*,*,#1701,.T.);
#2122=ORIENTED_EDGE('',*,*,#1702,.T.);
#2123=ORIENTED_EDGE('',*,*,#1697,.F.);
#2124=ORIENTED_EDGE('',*,*,#1703,.F.);
#2125=ORIENTED_EDGE('',*,*,#1699,.T.);
#2126=ORIENTED_EDGE('',*,*,#1704,.T.);
#2127=ORIENTED_EDGE('',*,*,#1705,.F.);
#2128=ORIENTED_EDGE('',*,*,#1706,.F.);
#2129=ORIENTED_EDGE('',*,*,#1700,.T.);
#2130=ORIENTED_EDGE('',*,*,#1706,.T.);
#2131=ORIENTED_EDGE('',*,*,#1707,.T.);
#2132=ORIENTED_EDGE('',*,*,#1703,.T.);
#2133=ORIENTED_EDGE('',*,*,#1708,.F.);
#2134=ORIENTED_EDGE('',*,*,#1709,.F.);
#2135=ORIENTED_EDGE('',*,*,#1710,.F.);
#2136=ORIENTED_EDGE('',*,*,#1711,.F.);
#2137=ORIENTED_EDGE('',*,*,#1712,.F.);
#2138=ORIENTED_EDGE('',*,*,#1713,.F.);
#2139=ORIENTED_EDGE('',*,*,#1714,.F.);
#2140=ORIENTED_EDGE('',*,*,#1715,.F.);
#2141=ORIENTED_EDGE('',*,*,#1716,.F.);
#2142=ORIENTED_EDGE('',*,*,#1717,.F.);
#2143=ORIENTED_EDGE('',*,*,#1718,.F.);
#2144=ORIENTED_EDGE('',*,*,#1719,.F.);
#2145=ORIENTED_EDGE('',*,*,#1720,.F.);
#2146=ORIENTED_EDGE('',*,*,#1721,.F.);
#2147=ORIENTED_EDGE('',*,*,#1722,.F.);
#2148=ORIENTED_EDGE('',*,*,#1723,.F.);
#2149=ORIENTED_EDGE('',*,*,#1724,.F.);
#2150=ORIENTED_EDGE('',*,*,#1725,.F.);
#2151=ORIENTED_EDGE('',*,*,#1726,.F.);
#2152=ORIENTED_EDGE('',*,*,#1727,.F.);
#2153=ORIENTED_EDGE('',*,*,#1728,.F.);
#2154=ORIENTED_EDGE('',*,*,#1729,.F.);
#2155=ORIENTED_EDGE('',*,*,#1730,.F.);
#2156=ORIENTED_EDGE('',*,*,#1731,.F.);
#2157=ORIENTED_EDGE('',*,*,#1732,.F.);
#2158=ORIENTED_EDGE('',*,*,#1733,.F.);
#2159=ORIENTED_EDGE('',*,*,#1734,.F.);
#2160=ORIENTED_EDGE('',*,*,#1735,.F.);
#2161=ORIENTED_EDGE('',*,*,#1736,.F.);
#2162=ORIENTED_EDGE('',*,*,#1737,.F.);
#2163=ORIENTED_EDGE('',*,*,#1738,.F.);
#2164=ORIENTED_EDGE('',*,*,#1739,.F.);
#2165=ORIENTED_EDGE('',*,*,#1740,.F.);
#2166=ORIENTED_EDGE('',*,*,#1741,.F.);
#2167=ORIENTED_EDGE('',*,*,#1742,.F.);
#2168=ORIENTED_EDGE('',*,*,#1743,.F.);
#2169=ORIENTED_EDGE('',*,*,#1744,.F.);
#2170=ORIENTED_EDGE('',*,*,#1745,.F.);
#2171=ORIENTED_EDGE('',*,*,#1746,.F.);
#2172=ORIENTED_EDGE('',*,*,#1747,.F.);
#2173=ORIENTED_EDGE('',*,*,#1748,.F.);
#2174=ORIENTED_EDGE('',*,*,#1749,.F.);
#2175=ORIENTED_EDGE('',*,*,#1750,.F.);
#2176=ORIENTED_EDGE('',*,*,#1751,.F.);
#2177=ORIENTED_EDGE('',*,*,#1752,.F.);
#2178=ORIENTED_EDGE('',*,*,#1753,.F.);
#2179=ORIENTED_EDGE('',*,*,#1754,.F.);
#2180=ORIENTED_EDGE('',*,*,#1755,.F.);
#2181=ORIENTED_EDGE('',*,*,#1756,.F.);
#2182=ORIENTED_EDGE('',*,*,#1757,.F.);
#2183=ORIENTED_EDGE('',*,*,#1758,.F.);
#2184=ORIENTED_EDGE('',*,*,#1759,.F.);
#2185=ORIENTED_EDGE('',*,*,#1760,.F.);
#2186=ORIENTED_EDGE('',*,*,#1761,.F.);
#2187=ORIENTED_EDGE('',*,*,#1762,.F.);
#2188=ORIENTED_EDGE('',*,*,#1763,.F.);
#2189=ORIENTED_EDGE('',*,*,#1764,.F.);
#2190=ORIENTED_EDGE('',*,*,#1765,.F.);
#2191=ORIENTED_EDGE('',*,*,#1766,.F.);
#2192=ORIENTED_EDGE('',*,*,#1767,.F.);
#2193=ORIENTED_EDGE('',*,*,#1768,.F.);
#2194=ORIENTED_EDGE('',*,*,#1769,.F.);
#2195=ORIENTED_EDGE('',*,*,#1770,.F.);
#2196=ORIENTED_EDGE('',*,*,#1771,.F.);
#2197=ORIENTED_EDGE('',*,*,#1772,.F.);
#2198=ORIENTED_EDGE('',*,*,#1773,.F.);
#2199=ORIENTED_EDGE('',*,*,#1774,.F.);
#2200=ORIENTED_EDGE('',*,*,#1775,.F.);
#2201=ORIENTED_EDGE('',*,*,#1776,.F.);
#2202=ORIENTED_EDGE('',*,*,#1777,.F.);
#2203=ORIENTED_EDGE('',*,*,#1778,.F.);
#2204=ORIENTED_EDGE('',*,*,#1779,.F.);
#2205=ORIENTED_EDGE('',*,*,#1780,.F.);
#2206=ORIENTED_EDGE('',*,*,#1781,.F.);
#2207=ORIENTED_EDGE('',*,*,#1782,.F.);
#2208=ORIENTED_EDGE('',*,*,#1783,.F.);
#2209=ORIENTED_EDGE('',*,*,#1698,.F.);
#2210=ORIENTED_EDGE('',*,*,#1702,.F.);
#2211=ORIENTED_EDGE('',*,*,#1784,.F.);
#2212=ORIENTED_EDGE('',*,*,#1704,.F.);
#2213=ORIENTED_EDGE('',*,*,#1785,.T.);
#2214=ORIENTED_EDGE('',*,*,#1786,.T.);
#2215=ORIENTED_EDGE('',*,*,#1787,.T.);
#2216=ORIENTED_EDGE('',*,*,#1788,.T.);
#2217=ORIENTED_EDGE('',*,*,#1789,.T.);
#2218=ORIENTED_EDGE('',*,*,#1790,.T.);
#2219=ORIENTED_EDGE('',*,*,#1791,.T.);
#2220=ORIENTED_EDGE('',*,*,#1792,.T.);
#2221=ORIENTED_EDGE('',*,*,#1793,.T.);
#2222=ORIENTED_EDGE('',*,*,#1794,.T.);
#2223=ORIENTED_EDGE('',*,*,#1795,.T.);
#2224=ORIENTED_EDGE('',*,*,#1796,.T.);
#2225=ORIENTED_EDGE('',*,*,#1797,.T.);
#2226=ORIENTED_EDGE('',*,*,#1798,.T.);
#2227=ORIENTED_EDGE('',*,*,#1799,.T.);
#2228=ORIENTED_EDGE('',*,*,#1800,.T.);
#2229=ORIENTED_EDGE('',*,*,#1801,.T.);
#2230=ORIENTED_EDGE('',*,*,#1802,.T.);
#2231=ORIENTED_EDGE('',*,*,#1803,.T.);
#2232=ORIENTED_EDGE('',*,*,#1804,.T.);
#2233=ORIENTED_EDGE('',*,*,#1805,.T.);
#2234=ORIENTED_EDGE('',*,*,#1806,.T.);
#2235=ORIENTED_EDGE('',*,*,#1807,.T.);
#2236=ORIENTED_EDGE('',*,*,#1808,.T.);
#2237=ORIENTED_EDGE('',*,*,#1809,.T.);
#2238=ORIENTED_EDGE('',*,*,#1810,.T.);
#2239=ORIENTED_EDGE('',*,*,#1811,.T.);
#2240=ORIENTED_EDGE('',*,*,#1812,.T.);
#2241=ORIENTED_EDGE('',*,*,#1813,.T.);
#2242=ORIENTED_EDGE('',*,*,#1814,.T.);
#2243=ORIENTED_EDGE('',*,*,#1815,.T.);
#2244=ORIENTED_EDGE('',*,*,#1816,.T.);
#2245=ORIENTED_EDGE('',*,*,#1817,.T.);
#2246=ORIENTED_EDGE('',*,*,#1818,.T.);
#2247=ORIENTED_EDGE('',*,*,#1819,.T.);
#2248=ORIENTED_EDGE('',*,*,#1820,.T.);
#2249=ORIENTED_EDGE('',*,*,#1821,.T.);
#2250=ORIENTED_EDGE('',*,*,#1822,.T.);
#2251=ORIENTED_EDGE('',*,*,#1823,.T.);
#2252=ORIENTED_EDGE('',*,*,#1824,.T.);
#2253=ORIENTED_EDGE('',*,*,#1825,.T.);
#2254=ORIENTED_EDGE('',*,*,#1826,.T.);
#2255=ORIENTED_EDGE('',*,*,#1827,.T.);
#2256=ORIENTED_EDGE('',*,*,#1828,.T.);
#2257=ORIENTED_EDGE('',*,*,#1829,.T.);
#2258=ORIENTED_EDGE('',*,*,#1830,.T.);
#2259=ORIENTED_EDGE('',*,*,#1831,.T.);
#2260=ORIENTED_EDGE('',*,*,#1832,.T.);
#2261=ORIENTED_EDGE('',*,*,#1833,.T.);
#2262=ORIENTED_EDGE('',*,*,#1834,.T.);
#2263=ORIENTED_EDGE('',*,*,#1835,.T.);
#2264=ORIENTED_EDGE('',*,*,#1836,.T.);
#2265=ORIENTED_EDGE('',*,*,#1837,.T.);
#2266=ORIENTED_EDGE('',*,*,#1838,.T.);
#2267=ORIENTED_EDGE('',*,*,#1839,.T.);
#2268=ORIENTED_EDGE('',*,*,#1840,.T.);
#2269=ORIENTED_EDGE('',*,*,#1841,.T.);
#2270=ORIENTED_EDGE('',*,*,#1842,.T.);
#2271=ORIENTED_EDGE('',*,*,#1843,.T.);
#2272=ORIENTED_EDGE('',*,*,#1844,.T.);
#2273=ORIENTED_EDGE('',*,*,#1845,.T.);
#2274=ORIENTED_EDGE('',*,*,#1846,.T.);
#2275=ORIENTED_EDGE('',*,*,#1847,.T.);
#2276=ORIENTED_EDGE('',*,*,#1848,.T.);
#2277=ORIENTED_EDGE('',*,*,#1849,.T.);
#2278=ORIENTED_EDGE('',*,*,#1850,.T.);
#2279=ORIENTED_EDGE('',*,*,#1851,.T.);
#2280=ORIENTED_EDGE('',*,*,#1852,.T.);
#2281=ORIENTED_EDGE('',*,*,#1853,.T.);
#2282=ORIENTED_EDGE('',*,*,#1854,.T.);
#2283=ORIENTED_EDGE('',*,*,#1855,.T.);
#2284=ORIENTED_EDGE('',*,*,#1856,.T.);
#2285=ORIENTED_EDGE('',*,*,#1857,.T.);
#2286=ORIENTED_EDGE('',*,*,#1858,.T.);
#2287=ORIENTED_EDGE('',*,*,#1859,.T.);
#2288=ORIENTED_EDGE('',*,*,#1860,.T.);
#2289=ORIENTED_EDGE('',*,*,#1705,.T.);
#2290=ORIENTED_EDGE('',*,*,#1784,.T.);
#2291=ORIENTED_EDGE('',*,*,#1701,.F.);
#2292=ORIENTED_EDGE('',*,*,#1707,.F.);
#2293=ORIENTED_EDGE('',*,*,#1785,.F.);
#2294=ORIENTED_EDGE('',*,*,#1861,.T.);
#2295=ORIENTED_EDGE('',*,*,#1708,.T.);
#2296=ORIENTED_EDGE('',*,*,#1861,.F.);
#2297=ORIENTED_EDGE('',*,*,#1786,.F.);
#2298=ORIENTED_EDGE('',*,*,#1862,.T.);
#2299=ORIENTED_EDGE('',*,*,#1709,.T.);
#2300=ORIENTED_EDGE('',*,*,#1862,.F.);
#2301=ORIENTED_EDGE('',*,*,#1710,.T.);
#2302=ORIENTED_EDGE('',*,*,#1863,.T.);
#2303=ORIENTED_EDGE('',*,*,#1787,.F.);
#2304=ORIENTED_EDGE('',*,*,#1864,.F.);
#2305=ORIENTED_EDGE('',*,*,#1711,.T.);
#2306=ORIENTED_EDGE('',*,*,#1864,.T.);
#2307=ORIENTED_EDGE('',*,*,#1790,.F.);
#2308=ORIENTED_EDGE('',*,*,#1865,.F.);
#2309=ORIENTED_EDGE('',*,*,#1712,.T.);
#2310=ORIENTED_EDGE('',*,*,#1865,.T.);
#2311=ORIENTED_EDGE('',*,*,#1789,.F.);
#2312=ORIENTED_EDGE('',*,*,#1866,.F.);
#2313=ORIENTED_EDGE('',*,*,#1713,.T.);
#2314=ORIENTED_EDGE('',*,*,#1866,.T.);
#2315=ORIENTED_EDGE('',*,*,#1788,.F.);
#2316=ORIENTED_EDGE('',*,*,#1863,.F.);
#2317=ORIENTED_EDGE('',*,*,#1791,.F.);
#2318=ORIENTED_EDGE('',*,*,#1867,.T.);
#2319=ORIENTED_EDGE('',*,*,#1714,.T.);
#2320=ORIENTED_EDGE('',*,*,#1867,.F.);
#2321=ORIENTED_EDGE('',*,*,#1792,.F.);
#2322=ORIENTED_EDGE('',*,*,#1868,.T.);
#2323=ORIENTED_EDGE('',*,*,#1715,.T.);
#2324=ORIENTED_EDGE('',*,*,#1868,.F.);
#2325=ORIENTED_EDGE('',*,*,#1793,.F.);
#2326=ORIENTED_EDGE('',*,*,#1869,.T.);
#2327=ORIENTED_EDGE('',*,*,#1716,.T.);
#2328=ORIENTED_EDGE('',*,*,#1869,.F.);
#2329=ORIENTED_EDGE('',*,*,#1794,.F.);
#2330=ORIENTED_EDGE('',*,*,#1870,.T.);
#2331=ORIENTED_EDGE('',*,*,#1717,.T.);
#2332=ORIENTED_EDGE('',*,*,#1870,.F.);
#2333=ORIENTED_EDGE('',*,*,#1795,.F.);
#2334=ORIENTED_EDGE('',*,*,#1871,.T.);
#2335=ORIENTED_EDGE('',*,*,#1718,.T.);
#2336=ORIENTED_EDGE('',*,*,#1871,.F.);
#2337=ORIENTED_EDGE('',*,*,#1796,.F.);
#2338=ORIENTED_EDGE('',*,*,#1872,.T.);
#2339=ORIENTED_EDGE('',*,*,#1719,.T.);
#2340=ORIENTED_EDGE('',*,*,#1872,.F.);
#2341=ORIENTED_EDGE('',*,*,#1797,.F.);
#2342=ORIENTED_EDGE('',*,*,#1873,.T.);
#2343=ORIENTED_EDGE('',*,*,#1720,.T.);
#2344=ORIENTED_EDGE('',*,*,#1873,.F.);
#2345=ORIENTED_EDGE('',*,*,#1798,.F.);
#2346=ORIENTED_EDGE('',*,*,#1874,.T.);
#2347=ORIENTED_EDGE('',*,*,#1721,.T.);
#2348=ORIENTED_EDGE('',*,*,#1874,.F.);
#2349=ORIENTED_EDGE('',*,*,#1722,.T.);
#2350=ORIENTED_EDGE('',*,*,#1875,.T.);
#2351=ORIENTED_EDGE('',*,*,#1799,.F.);
#2352=ORIENTED_EDGE('',*,*,#1876,.F.);
#2353=ORIENTED_EDGE('',*,*,#1723,.T.);
#2354=ORIENTED_EDGE('',*,*,#1876,.T.);
#2355=ORIENTED_EDGE('',*,*,#1802,.F.);
#2356=ORIENTED_EDGE('',*,*,#1877,.F.);
#2357=ORIENTED_EDGE('',*,*,#1724,.T.);
#2358=ORIENTED_EDGE('',*,*,#1877,.T.);
#2359=ORIENTED_EDGE('',*,*,#1801,.F.);
#2360=ORIENTED_EDGE('',*,*,#1878,.F.);
#2361=ORIENTED_EDGE('',*,*,#1725,.T.);
#2362=ORIENTED_EDGE('',*,*,#1878,.T.);
#2363=ORIENTED_EDGE('',*,*,#1800,.F.);
#2364=ORIENTED_EDGE('',*,*,#1875,.F.);
#2365=ORIENTED_EDGE('',*,*,#1803,.F.);
#2366=ORIENTED_EDGE('',*,*,#1879,.T.);
#2367=ORIENTED_EDGE('',*,*,#1726,.T.);
#2368=ORIENTED_EDGE('',*,*,#1879,.F.);
#2369=ORIENTED_EDGE('',*,*,#1804,.F.);
#2370=ORIENTED_EDGE('',*,*,#1880,.T.);
#2371=ORIENTED_EDGE('',*,*,#1727,.T.);
#2372=ORIENTED_EDGE('',*,*,#1880,.F.);
#2373=ORIENTED_EDGE('',*,*,#1805,.F.);
#2374=ORIENTED_EDGE('',*,*,#1881,.T.);
#2375=ORIENTED_EDGE('',*,*,#1728,.T.);
#2376=ORIENTED_EDGE('',*,*,#1881,.F.);
#2377=ORIENTED_EDGE('',*,*,#1806,.F.);
#2378=ORIENTED_EDGE('',*,*,#1882,.T.);
#2379=ORIENTED_EDGE('',*,*,#1729,.T.);
#2380=ORIENTED_EDGE('',*,*,#1882,.F.);
#2381=ORIENTED_EDGE('',*,*,#1807,.F.);
#2382=ORIENTED_EDGE('',*,*,#1883,.T.);
#2383=ORIENTED_EDGE('',*,*,#1730,.T.);
#2384=ORIENTED_EDGE('',*,*,#1883,.F.);
#2385=ORIENTED_EDGE('',*,*,#1808,.F.);
#2386=ORIENTED_EDGE('',*,*,#1884,.T.);
#2387=ORIENTED_EDGE('',*,*,#1731,.T.);
#2388=ORIENTED_EDGE('',*,*,#1884,.F.);
#2389=ORIENTED_EDGE('',*,*,#1809,.F.);
#2390=ORIENTED_EDGE('',*,*,#1885,.T.);
#2391=ORIENTED_EDGE('',*,*,#1732,.T.);
#2392=ORIENTED_EDGE('',*,*,#1885,.F.);
#2393=ORIENTED_EDGE('',*,*,#1810,.F.);
#2394=ORIENTED_EDGE('',*,*,#1886,.T.);
#2395=ORIENTED_EDGE('',*,*,#1733,.T.);
#2396=ORIENTED_EDGE('',*,*,#1886,.F.);
#2397=ORIENTED_EDGE('',*,*,#1811,.F.);
#2398=ORIENTED_EDGE('',*,*,#1887,.T.);
#2399=ORIENTED_EDGE('',*,*,#1734,.T.);
#2400=ORIENTED_EDGE('',*,*,#1887,.F.);
#2401=ORIENTED_EDGE('',*,*,#1812,.F.);
#2402=ORIENTED_EDGE('',*,*,#1888,.T.);
#2403=ORIENTED_EDGE('',*,*,#1735,.T.);
#2404=ORIENTED_EDGE('',*,*,#1888,.F.);
#2405=ORIENTED_EDGE('',*,*,#1736,.T.);
#2406=ORIENTED_EDGE('',*,*,#1889,.T.);
#2407=ORIENTED_EDGE('',*,*,#1813,.F.);
#2408=ORIENTED_EDGE('',*,*,#1890,.F.);
#2409=ORIENTED_EDGE('',*,*,#1737,.T.);
#2410=ORIENTED_EDGE('',*,*,#1890,.T.);
#2411=ORIENTED_EDGE('',*,*,#1816,.F.);
#2412=ORIENTED_EDGE('',*,*,#1891,.F.);
#2413=ORIENTED_EDGE('',*,*,#1738,.T.);
#2414=ORIENTED_EDGE('',*,*,#1891,.T.);
#2415=ORIENTED_EDGE('',*,*,#1815,.F.);
#2416=ORIENTED_EDGE('',*,*,#1892,.F.);
#2417=ORIENTED_EDGE('',*,*,#1739,.T.);
#2418=ORIENTED_EDGE('',*,*,#1892,.T.);
#2419=ORIENTED_EDGE('',*,*,#1814,.F.);
#2420=ORIENTED_EDGE('',*,*,#1889,.F.);
#2421=ORIENTED_EDGE('',*,*,#1817,.F.);
#2422=ORIENTED_EDGE('',*,*,#1893,.T.);
#2423=ORIENTED_EDGE('',*,*,#1740,.T.);
#2424=ORIENTED_EDGE('',*,*,#1893,.F.);
#2425=ORIENTED_EDGE('',*,*,#1818,.F.);
#2426=ORIENTED_EDGE('',*,*,#1894,.T.);
#2427=ORIENTED_EDGE('',*,*,#1741,.T.);
#2428=ORIENTED_EDGE('',*,*,#1894,.F.);
#2429=ORIENTED_EDGE('',*,*,#1819,.F.);
#2430=ORIENTED_EDGE('',*,*,#1895,.T.);
#2431=ORIENTED_EDGE('',*,*,#1742,.T.);
#2432=ORIENTED_EDGE('',*,*,#1895,.F.);
#2433=ORIENTED_EDGE('',*,*,#1820,.F.);
#2434=ORIENTED_EDGE('',*,*,#1896,.T.);
#2435=ORIENTED_EDGE('',*,*,#1743,.T.);
#2436=ORIENTED_EDGE('',*,*,#1896,.F.);
#2437=ORIENTED_EDGE('',*,*,#1821,.F.);
#2438=ORIENTED_EDGE('',*,*,#1897,.T.);
#2439=ORIENTED_EDGE('',*,*,#1744,.T.);
#2440=ORIENTED_EDGE('',*,*,#1897,.F.);
#2441=ORIENTED_EDGE('',*,*,#1745,.T.);
#2442=ORIENTED_EDGE('',*,*,#1898,.T.);
#2443=ORIENTED_EDGE('',*,*,#1822,.F.);
#2444=ORIENTED_EDGE('',*,*,#1899,.F.);
#2445=ORIENTED_EDGE('',*,*,#1746,.T.);
#2446=ORIENTED_EDGE('',*,*,#1899,.T.);
#2447=ORIENTED_EDGE('',*,*,#1825,.F.);
#2448=ORIENTED_EDGE('',*,*,#1900,.F.);
#2449=ORIENTED_EDGE('',*,*,#1747,.T.);
#2450=ORIENTED_EDGE('',*,*,#1900,.T.);
#2451=ORIENTED_EDGE('',*,*,#1824,.F.);
#2452=ORIENTED_EDGE('',*,*,#1901,.F.);
#2453=ORIENTED_EDGE('',*,*,#1748,.T.);
#2454=ORIENTED_EDGE('',*,*,#1901,.T.);
#2455=ORIENTED_EDGE('',*,*,#1823,.F.);
#2456=ORIENTED_EDGE('',*,*,#1898,.F.);
#2457=ORIENTED_EDGE('',*,*,#1826,.F.);
#2458=ORIENTED_EDGE('',*,*,#1902,.T.);
#2459=ORIENTED_EDGE('',*,*,#1749,.T.);
#2460=ORIENTED_EDGE('',*,*,#1902,.F.);
#2461=ORIENTED_EDGE('',*,*,#1827,.F.);
#2462=ORIENTED_EDGE('',*,*,#1903,.T.);
#2463=ORIENTED_EDGE('',*,*,#1750,.T.);
#2464=ORIENTED_EDGE('',*,*,#1903,.F.);
#2465=ORIENTED_EDGE('',*,*,#1828,.F.);
#2466=ORIENTED_EDGE('',*,*,#1904,.T.);
#2467=ORIENTED_EDGE('',*,*,#1751,.T.);
#2468=ORIENTED_EDGE('',*,*,#1904,.F.);
#2469=ORIENTED_EDGE('',*,*,#1829,.F.);
#2470=ORIENTED_EDGE('',*,*,#1905,.T.);
#2471=ORIENTED_EDGE('',*,*,#1752,.T.);
#2472=ORIENTED_EDGE('',*,*,#1905,.F.);
#2473=ORIENTED_EDGE('',*,*,#1830,.F.);
#2474=ORIENTED_EDGE('',*,*,#1906,.T.);
#2475=ORIENTED_EDGE('',*,*,#1753,.T.);
#2476=ORIENTED_EDGE('',*,*,#1906,.F.);
#2477=ORIENTED_EDGE('',*,*,#1831,.F.);
#2478=ORIENTED_EDGE('',*,*,#1907,.T.);
#2479=ORIENTED_EDGE('',*,*,#1754,.T.);
#2480=ORIENTED_EDGE('',*,*,#1907,.F.);
#2481=ORIENTED_EDGE('',*,*,#1832,.F.);
#2482=ORIENTED_EDGE('',*,*,#1908,.T.);
#2483=ORIENTED_EDGE('',*,*,#1755,.T.);
#2484=ORIENTED_EDGE('',*,*,#1908,.F.);
#2485=ORIENTED_EDGE('',*,*,#1833,.F.);
#2486=ORIENTED_EDGE('',*,*,#1909,.T.);
#2487=ORIENTED_EDGE('',*,*,#1756,.T.);
#2488=ORIENTED_EDGE('',*,*,#1909,.F.);
#2489=ORIENTED_EDGE('',*,*,#1834,.F.);
#2490=ORIENTED_EDGE('',*,*,#1910,.T.);
#2491=ORIENTED_EDGE('',*,*,#1757,.T.);
#2492=ORIENTED_EDGE('',*,*,#1910,.F.);
#2493=ORIENTED_EDGE('',*,*,#1835,.F.);
#2494=ORIENTED_EDGE('',*,*,#1911,.T.);
#2495=ORIENTED_EDGE('',*,*,#1758,.T.);
#2496=ORIENTED_EDGE('',*,*,#1911,.F.);
#2497=ORIENTED_EDGE('',*,*,#1836,.F.);
#2498=ORIENTED_EDGE('',*,*,#1912,.T.);
#2499=ORIENTED_EDGE('',*,*,#1759,.T.);
#2500=ORIENTED_EDGE('',*,*,#1912,.F.);
#2501=ORIENTED_EDGE('',*,*,#1837,.F.);
#2502=ORIENTED_EDGE('',*,*,#1913,.T.);
#2503=ORIENTED_EDGE('',*,*,#1760,.T.);
#2504=ORIENTED_EDGE('',*,*,#1913,.F.);
#2505=ORIENTED_EDGE('',*,*,#1838,.F.);
#2506=ORIENTED_EDGE('',*,*,#1914,.T.);
#2507=ORIENTED_EDGE('',*,*,#1761,.T.);
#2508=ORIENTED_EDGE('',*,*,#1914,.F.);
#2509=ORIENTED_EDGE('',*,*,#1839,.F.);
#2510=ORIENTED_EDGE('',*,*,#1915,.T.);
#2511=ORIENTED_EDGE('',*,*,#1762,.T.);
#2512=ORIENTED_EDGE('',*,*,#1915,.F.);
#2513=ORIENTED_EDGE('',*,*,#1840,.F.);
#2514=ORIENTED_EDGE('',*,*,#1916,.T.);
#2515=ORIENTED_EDGE('',*,*,#1763,.T.);
#2516=ORIENTED_EDGE('',*,*,#1916,.F.);
#2517=ORIENTED_EDGE('',*,*,#1841,.F.);
#2518=ORIENTED_EDGE('',*,*,#1917,.T.);
#2519=ORIENTED_EDGE('',*,*,#1764,.T.);
#2520=ORIENTED_EDGE('',*,*,#1917,.F.);
#2521=ORIENTED_EDGE('',*,*,#1842,.F.);
#2522=ORIENTED_EDGE('',*,*,#1918,.T.);
#2523=ORIENTED_EDGE('',*,*,#1765,.T.);
#2524=ORIENTED_EDGE('',*,*,#1918,.F.);
#2525=ORIENTED_EDGE('',*,*,#1843,.F.);
#2526=ORIENTED_EDGE('',*,*,#1919,.T.);
#2527=ORIENTED_EDGE('',*,*,#1766,.T.);
#2528=ORIENTED_EDGE('',*,*,#1919,.F.);
#2529=ORIENTED_EDGE('',*,*,#1844,.F.);
#2530=ORIENTED_EDGE('',*,*,#1920,.T.);
#2531=ORIENTED_EDGE('',*,*,#1767,.T.);
#2532=ORIENTED_EDGE('',*,*,#1920,.F.);
#2533=ORIENTED_EDGE('',*,*,#1845,.F.);
#2534=ORIENTED_EDGE('',*,*,#1921,.T.);
#2535=ORIENTED_EDGE('',*,*,#1768,.T.);
#2536=ORIENTED_EDGE('',*,*,#1921,.F.);
#2537=ORIENTED_EDGE('',*,*,#1846,.F.);
#2538=ORIENTED_EDGE('',*,*,#1922,.T.);
#2539=ORIENTED_EDGE('',*,*,#1769,.T.);
#2540=ORIENTED_EDGE('',*,*,#1922,.F.);
#2541=ORIENTED_EDGE('',*,*,#1847,.F.);
#2542=ORIENTED_EDGE('',*,*,#1923,.T.);
#2543=ORIENTED_EDGE('',*,*,#1770,.T.);
#2544=ORIENTED_EDGE('',*,*,#1923,.F.);
#2545=ORIENTED_EDGE('',*,*,#1848,.F.);
#2546=ORIENTED_EDGE('',*,*,#1924,.T.);
#2547=ORIENTED_EDGE('',*,*,#1771,.T.);
#2548=ORIENTED_EDGE('',*,*,#1924,.F.);
#2549=ORIENTED_EDGE('',*,*,#1849,.F.);
#2550=ORIENTED_EDGE('',*,*,#1925,.T.);
#2551=ORIENTED_EDGE('',*,*,#1772,.T.);
#2552=ORIENTED_EDGE('',*,*,#1925,.F.);
#2553=ORIENTED_EDGE('',*,*,#1850,.F.);
#2554=ORIENTED_EDGE('',*,*,#1926,.T.);
#2555=ORIENTED_EDGE('',*,*,#1773,.T.);
#2556=ORIENTED_EDGE('',*,*,#1926,.F.);
#2557=ORIENTED_EDGE('',*,*,#1851,.F.);
#2558=ORIENTED_EDGE('',*,*,#1927,.T.);
#2559=ORIENTED_EDGE('',*,*,#1774,.T.);
#2560=ORIENTED_EDGE('',*,*,#1927,.F.);
#2561=ORIENTED_EDGE('',*,*,#1852,.F.);
#2562=ORIENTED_EDGE('',*,*,#1928,.T.);
#2563=ORIENTED_EDGE('',*,*,#1775,.T.);
#2564=ORIENTED_EDGE('',*,*,#1928,.F.);
#2565=ORIENTED_EDGE('',*,*,#1853,.F.);
#2566=ORIENTED_EDGE('',*,*,#1929,.T.);
#2567=ORIENTED_EDGE('',*,*,#1776,.T.);
#2568=ORIENTED_EDGE('',*,*,#1929,.F.);
#2569=ORIENTED_EDGE('',*,*,#1854,.F.);
#2570=ORIENTED_EDGE('',*,*,#1930,.T.);
#2571=ORIENTED_EDGE('',*,*,#1777,.T.);
#2572=ORIENTED_EDGE('',*,*,#1930,.F.);
#2573=ORIENTED_EDGE('',*,*,#1855,.F.);
#2574=ORIENTED_EDGE('',*,*,#1931,.T.);
#2575=ORIENTED_EDGE('',*,*,#1778,.T.);
#2576=ORIENTED_EDGE('',*,*,#1931,.F.);
#2577=ORIENTED_EDGE('',*,*,#1856,.F.);
#2578=ORIENTED_EDGE('',*,*,#1932,.T.);
#2579=ORIENTED_EDGE('',*,*,#1779,.T.);
#2580=ORIENTED_EDGE('',*,*,#1932,.F.);
#2581=ORIENTED_EDGE('',*,*,#1857,.F.);
#2582=ORIENTED_EDGE('',*,*,#1933,.T.);
#2583=ORIENTED_EDGE('',*,*,#1780,.T.);
#2584=ORIENTED_EDGE('',*,*,#1933,.F.);
#2585=ORIENTED_EDGE('',*,*,#1858,.F.);
#2586=ORIENTED_EDGE('',*,*,#1934,.T.);
#2587=ORIENTED_EDGE('',*,*,#1781,.T.);
#2588=ORIENTED_EDGE('',*,*,#1934,.F.);
#2589=ORIENTED_EDGE('',*,*,#1859,.F.);
#2590=ORIENTED_EDGE('',*,*,#1935,.T.);
#2591=ORIENTED_EDGE('',*,*,#1782,.T.);
#2592=ORIENTED_EDGE('',*,*,#1935,.F.);
#2593=ORIENTED_EDGE('',*,*,#1860,.F.);
#2594=ORIENTED_EDGE('',*,*,#1936,.T.);
#2595=ORIENTED_EDGE('',*,*,#1783,.T.);
#2596=ORIENTED_EDGE('',*,*,#1936,.F.);
#2597=ORIENTED_EDGE('',*,*,#1937,.F.);
#2598=ORIENTED_EDGE('',*,*,#1938,.T.);
#2599=ORIENTED_EDGE('',*,*,#1939,.F.);
#2600=ORIENTED_EDGE('',*,*,#1938,.F.);
#2601=ORIENTED_EDGE('',*,*,#1939,.T.);
#2602=ORIENTED_EDGE('',*,*,#1940,.F.);
#2603=ORIENTED_EDGE('',*,*,#1941,.T.);
#2604=ORIENTED_EDGE('',*,*,#1942,.F.);
#2605=ORIENTED_EDGE('',*,*,#1941,.F.);
#2606=ORIENTED_EDGE('',*,*,#1942,.T.);
#2607=ORIENTED_EDGE('',*,*,#1943,.F.);
#2608=ORIENTED_EDGE('',*,*,#1944,.T.);
#2609=ORIENTED_EDGE('',*,*,#1945,.F.);
#2610=ORIENTED_EDGE('',*,*,#1944,.F.);
#2611=ORIENTED_EDGE('',*,*,#1945,.T.);
#2612=ORIENTED_EDGE('',*,*,#1946,.F.);
#2613=ORIENTED_EDGE('',*,*,#1947,.T.);
#2614=ORIENTED_EDGE('',*,*,#1948,.F.);
#2615=ORIENTED_EDGE('',*,*,#1947,.F.);
#2616=ORIENTED_EDGE('',*,*,#1948,.T.);
#2617=ORIENTED_EDGE('',*,*,#1949,.F.);
#2618=ORIENTED_EDGE('',*,*,#1950,.T.);
#2619=ORIENTED_EDGE('',*,*,#1951,.T.);
#2620=ORIENTED_EDGE('',*,*,#1950,.F.);
#2621=ORIENTED_EDGE('',*,*,#1951,.F.);
#2622=ORIENTED_EDGE('',*,*,#1952,.T.);
#2623=ORIENTED_EDGE('',*,*,#1949,.T.);
#2624=ORIENTED_EDGE('',*,*,#1953,.F.);
#2625=ORIENTED_EDGE('',*,*,#1954,.T.);
#2626=ORIENTED_EDGE('',*,*,#1955,.T.);
#2627=ORIENTED_EDGE('',*,*,#1954,.F.);
#2628=ORIENTED_EDGE('',*,*,#1955,.F.);
#2629=ORIENTED_EDGE('',*,*,#1956,.T.);
#2630=ORIENTED_EDGE('',*,*,#1953,.T.);
#2631=ORIENTED_EDGE('',*,*,#1957,.F.);
#2632=ORIENTED_EDGE('',*,*,#1958,.T.);
#2633=ORIENTED_EDGE('',*,*,#1959,.F.);
#2634=ORIENTED_EDGE('',*,*,#1946,.T.);
#2635=ORIENTED_EDGE('',*,*,#1959,.T.);
#2636=ORIENTED_EDGE('',*,*,#1960,.T.);
#2637=ORIENTED_EDGE('',*,*,#1961,.T.);
#2638=ORIENTED_EDGE('',*,*,#1962,.T.);
#2639=ORIENTED_EDGE('',*,*,#1963,.T.);
#2640=ORIENTED_EDGE('',*,*,#1964,.F.);
#2641=ORIENTED_EDGE('',*,*,#1965,.F.);
#2642=ORIENTED_EDGE('',*,*,#1966,.T.);
#2643=ORIENTED_EDGE('',*,*,#1967,.T.);
#2644=ORIENTED_EDGE('',*,*,#1968,.F.);
#2645=ORIENTED_EDGE('',*,*,#1969,.F.);
#2646=ORIENTED_EDGE('',*,*,#1940,.T.);
#2647=ORIENTED_EDGE('',*,*,#1970,.T.);
#2648=ORIENTED_EDGE('',*,*,#1969,.T.);
#2649=ORIENTED_EDGE('',*,*,#1971,.F.);
#2650=ORIENTED_EDGE('',*,*,#1972,.F.);
#2651=ORIENTED_EDGE('',*,*,#1964,.T.);
#2652=ORIENTED_EDGE('',*,*,#1973,.T.);
#2653=ORIENTED_EDGE('',*,*,#1974,.T.);
#2654=ORIENTED_EDGE('',*,*,#1975,.T.);
#2655=ORIENTED_EDGE('',*,*,#1976,.T.);
#2656=ORIENTED_EDGE('',*,*,#1977,.T.);
#2657=ORIENTED_EDGE('',*,*,#1978,.T.);
#2658=ORIENTED_EDGE('',*,*,#1979,.T.);
#2659=ORIENTED_EDGE('',*,*,#1980,.F.);
#2660=ORIENTED_EDGE('',*,*,#1981,.T.);
#2661=ORIENTED_EDGE('',*,*,#1982,.F.);
#2662=ORIENTED_EDGE('',*,*,#1937,.T.);
#2663=ORIENTED_EDGE('',*,*,#1983,.T.);
#2664=ORIENTED_EDGE('',*,*,#1984,.T.);
#2665=ORIENTED_EDGE('',*,*,#1985,.T.);
#2666=ORIENTED_EDGE('',*,*,#1980,.T.);
#2667=ORIENTED_EDGE('',*,*,#1986,.T.);
#2668=ORIENTED_EDGE('',*,*,#1987,.F.);
#2669=ORIENTED_EDGE('',*,*,#1971,.T.);
#2670=ORIENTED_EDGE('',*,*,#1968,.T.);
#2671=ORIENTED_EDGE('',*,*,#1957,.T.);
#2672=ORIENTED_EDGE('',*,*,#1966,.F.);
#2673=ORIENTED_EDGE('',*,*,#1988,.F.);
#2674=ORIENTED_EDGE('',*,*,#1986,.F.);
#2675=ORIENTED_EDGE('',*,*,#1982,.T.);
#2676=ORIENTED_EDGE('',*,*,#1989,.T.);
#2677=ORIENTED_EDGE('',*,*,#1990,.T.);
#2678=ORIENTED_EDGE('',*,*,#1991,.T.);
#2679=ORIENTED_EDGE('',*,*,#1992,.T.);
#2680=ORIENTED_EDGE('',*,*,#1993,.T.);
#2681=ORIENTED_EDGE('',*,*,#1994,.T.);
#2682=ORIENTED_EDGE('',*,*,#1995,.T.);
#2683=ORIENTED_EDGE('',*,*,#1963,.F.);
#2684=ORIENTED_EDGE('',*,*,#1996,.T.);
#2685=ORIENTED_EDGE('',*,*,#1973,.F.);
#2686=ORIENTED_EDGE('',*,*,#1943,.T.);
#2687=ORIENTED_EDGE('',*,*,#1997,.T.);
#2688=ORIENTED_EDGE('',*,*,#1998,.T.);
#2689=ORIENTED_EDGE('',*,*,#1999,.T.);
#2690=ORIENTED_EDGE('',*,*,#2000,.T.);
#2691=ORIENTED_EDGE('',*,*,#1987,.T.);
#2692=ORIENTED_EDGE('',*,*,#1988,.T.);
#2693=ORIENTED_EDGE('',*,*,#1965,.T.);
#2694=ORIENTED_EDGE('',*,*,#1972,.T.);
#2695=ORIENTED_EDGE('',*,*,#2001,.F.);
#2696=ORIENTED_EDGE('',*,*,#2002,.F.);
#2697=ORIENTED_EDGE('',*,*,#1977,.F.);
#2698=ORIENTED_EDGE('',*,*,#2003,.T.);
#2699=ORIENTED_EDGE('',*,*,#2004,.F.);
#2700=ORIENTED_EDGE('',*,*,#2005,.F.);
#2701=ORIENTED_EDGE('',*,*,#1979,.F.);
#2702=ORIENTED_EDGE('',*,*,#2006,.T.);
#2703=ORIENTED_EDGE('',*,*,#2007,.F.);
#2704=ORIENTED_EDGE('',*,*,#2006,.F.);
#2705=ORIENTED_EDGE('',*,*,#1978,.F.);
#2706=ORIENTED_EDGE('',*,*,#2002,.T.);
#2707=ORIENTED_EDGE('',*,*,#2008,.F.);
#2708=ORIENTED_EDGE('',*,*,#2003,.F.);
#2709=ORIENTED_EDGE('',*,*,#1976,.F.);
#2710=ORIENTED_EDGE('',*,*,#2005,.T.);
#2711=ORIENTED_EDGE('',*,*,#2009,.F.);
#2712=ORIENTED_EDGE('',*,*,#1960,.F.);
#2713=ORIENTED_EDGE('',*,*,#1958,.F.);
#2714=ORIENTED_EDGE('',*,*,#1991,.F.);
#2715=ORIENTED_EDGE('',*,*,#2009,.T.);
#2716=ORIENTED_EDGE('',*,*,#1990,.F.);
#2717=ORIENTED_EDGE('',*,*,#2010,.T.);
#2718=ORIENTED_EDGE('',*,*,#1984,.F.);
#2719=ORIENTED_EDGE('',*,*,#2011,.T.);
#2720=ORIENTED_EDGE('',*,*,#1975,.F.);
#2721=ORIENTED_EDGE('',*,*,#2012,.T.);
#2722=ORIENTED_EDGE('',*,*,#1961,.F.);
#2723=ORIENTED_EDGE('',*,*,#2013,.T.);
#2724=ORIENTED_EDGE('',*,*,#2014,.T.);
#2725=ORIENTED_EDGE('',*,*,#2015,.T.);
#2726=ORIENTED_EDGE('',*,*,#2016,.T.);
#2727=ORIENTED_EDGE('',*,*,#2010,.F.);
#2728=ORIENTED_EDGE('',*,*,#1989,.F.);
#2729=ORIENTED_EDGE('',*,*,#1981,.F.);
#2730=ORIENTED_EDGE('',*,*,#1985,.F.);
#2731=ORIENTED_EDGE('',*,*,#2012,.F.);
#2732=ORIENTED_EDGE('',*,*,#1974,.F.);
#2733=ORIENTED_EDGE('',*,*,#1996,.F.);
#2734=ORIENTED_EDGE('',*,*,#1962,.F.);
#2735=ORIENTED_EDGE('',*,*,#2011,.F.);
#2736=ORIENTED_EDGE('',*,*,#1983,.F.);
#2737=ORIENTED_EDGE('',*,*,#1967,.F.);
#2738=ORIENTED_EDGE('',*,*,#1970,.F.);
#2739=ORIENTED_EDGE('',*,*,#1993,.F.);
#2740=ORIENTED_EDGE('',*,*,#2017,.T.);
#2741=ORIENTED_EDGE('',*,*,#2018,.T.);
#2742=ORIENTED_EDGE('',*,*,#2017,.F.);
#2743=ORIENTED_EDGE('',*,*,#2018,.F.);
#2744=ORIENTED_EDGE('',*,*,#1995,.F.);
#2745=ORIENTED_EDGE('',*,*,#2019,.T.);
#2746=ORIENTED_EDGE('',*,*,#2020,.T.);
#2747=ORIENTED_EDGE('',*,*,#2019,.F.);
#2748=ORIENTED_EDGE('',*,*,#2020,.F.);
#2749=ORIENTED_EDGE('',*,*,#2015,.F.);
#2750=ORIENTED_EDGE('',*,*,#2021,.T.);
#2751=ORIENTED_EDGE('',*,*,#1956,.F.);
#2752=ORIENTED_EDGE('',*,*,#2021,.F.);
#2753=ORIENTED_EDGE('',*,*,#2016,.F.);
#2754=ORIENTED_EDGE('',*,*,#2022,.T.);
#2755=ORIENTED_EDGE('',*,*,#1952,.F.);
#2756=ORIENTED_EDGE('',*,*,#2022,.F.);
#2757=ORIENTED_EDGE('',*,*,#2014,.F.);
#2758=ORIENTED_EDGE('',*,*,#2023,.T.);
#2759=ORIENTED_EDGE('',*,*,#1992,.F.);
#2760=ORIENTED_EDGE('',*,*,#2023,.F.);
#2761=ORIENTED_EDGE('',*,*,#2013,.F.);
#2762=ORIENTED_EDGE('',*,*,#2024,.T.);
#2763=ORIENTED_EDGE('',*,*,#1994,.F.);
#2764=ORIENTED_EDGE('',*,*,#2024,.F.);
#2765=ORIENTED_EDGE('',*,*,#2025,.T.);
#2766=ORIENTED_EDGE('',*,*,#2026,.T.);
#2767=ORIENTED_EDGE('',*,*,#2027,.T.);
#2768=ORIENTED_EDGE('',*,*,#2028,.T.);
#2769=ORIENTED_EDGE('',*,*,#2029,.F.);
#2770=ORIENTED_EDGE('',*,*,#2000,.F.);
#2771=ORIENTED_EDGE('',*,*,#2030,.T.);
#2772=ORIENTED_EDGE('',*,*,#2026,.F.);
#2773=ORIENTED_EDGE('',*,*,#2030,.F.);
#2774=ORIENTED_EDGE('',*,*,#1999,.F.);
#2775=ORIENTED_EDGE('',*,*,#2031,.T.);
#2776=ORIENTED_EDGE('',*,*,#2027,.F.);
#2777=ORIENTED_EDGE('',*,*,#2031,.F.);
#2778=ORIENTED_EDGE('',*,*,#1998,.F.);
#2779=ORIENTED_EDGE('',*,*,#2032,.F.);
#2780=ORIENTED_EDGE('',*,*,#2028,.F.);
#2781=ORIENTED_EDGE('',*,*,#2008,.T.);
#2782=ORIENTED_EDGE('',*,*,#2004,.T.);
#2783=ORIENTED_EDGE('',*,*,#2007,.T.);
#2784=ORIENTED_EDGE('',*,*,#2001,.T.);
#2785=ORIENTED_EDGE('',*,*,#2032,.T.);
#2786=ORIENTED_EDGE('',*,*,#1997,.F.);
#2787=ORIENTED_EDGE('',*,*,#2029,.T.);
#2788=ORIENTED_EDGE('',*,*,#2025,.F.);
#2789=ORIENTED_EDGE('',*,*,#2033,.F.);
#2790=ORIENTED_EDGE('',*,*,#2034,.F.);
#2791=ORIENTED_EDGE('',*,*,#2035,.T.);
#2792=ORIENTED_EDGE('',*,*,#2036,.F.);
#2793=ORIENTED_EDGE('',*,*,#2037,.F.);
#2794=ORIENTED_EDGE('',*,*,#2035,.F.);
#2795=ORIENTED_EDGE('',*,*,#2038,.F.);
#2796=ORIENTED_EDGE('',*,*,#2039,.F.);
#2797=ORIENTED_EDGE('',*,*,#2040,.F.);
#2798=ORIENTED_EDGE('',*,*,#2041,.F.);
#2799=ORIENTED_EDGE('',*,*,#2042,.F.);
#2800=ORIENTED_EDGE('',*,*,#2043,.F.);
#2801=ORIENTED_EDGE('',*,*,#2039,.T.);
#2802=ORIENTED_EDGE('',*,*,#2044,.F.);
#2803=ORIENTED_EDGE('',*,*,#2045,.F.);
#2804=ORIENTED_EDGE('',*,*,#2046,.F.);
#2805=ORIENTED_EDGE('',*,*,#2047,.T.);
#2806=ORIENTED_EDGE('',*,*,#2048,.T.);
#2807=ORIENTED_EDGE('',*,*,#2049,.T.);
#2808=ORIENTED_EDGE('',*,*,#2050,.T.);
#2809=ORIENTED_EDGE('',*,*,#2051,.T.);
#2810=ORIENTED_EDGE('',*,*,#2052,.T.);
#2811=ORIENTED_EDGE('',*,*,#2053,.T.);
#2812=ORIENTED_EDGE('',*,*,#2054,.T.);
#2813=ORIENTED_EDGE('',*,*,#2036,.T.);
#2814=ORIENTED_EDGE('',*,*,#2037,.T.);
#2815=ORIENTED_EDGE('',*,*,#2046,.T.);
#2816=ORIENTED_EDGE('',*,*,#2055,.T.);
#2817=ORIENTED_EDGE('',*,*,#2056,.T.);
#2818=ORIENTED_EDGE('',*,*,#2057,.T.);
#2819=ORIENTED_EDGE('',*,*,#2058,.T.);
#2820=ORIENTED_EDGE('',*,*,#2041,.T.);
#2821=ORIENTED_EDGE('',*,*,#2059,.T.);
#2822=ORIENTED_EDGE('',*,*,#2060,.T.);
#2823=ORIENTED_EDGE('',*,*,#2061,.T.);
#2824=ORIENTED_EDGE('',*,*,#2062,.T.);
#2825=ORIENTED_EDGE('',*,*,#2040,.T.);
#2826=ORIENTED_EDGE('',*,*,#2063,.F.);
#2827=ORIENTED_EDGE('',*,*,#2064,.F.);
#2828=ORIENTED_EDGE('',*,*,#2059,.F.);
#2829=ORIENTED_EDGE('',*,*,#2065,.F.);
#2830=ORIENTED_EDGE('',*,*,#2056,.F.);
#2831=ORIENTED_EDGE('',*,*,#2066,.T.);
#2832=ORIENTED_EDGE('',*,*,#2067,.F.);
#2833=ORIENTED_EDGE('',*,*,#2065,.T.);
#2834=ORIENTED_EDGE('',*,*,#2068,.F.);
#2835=ORIENTED_EDGE('',*,*,#2069,.F.);
#2836=ORIENTED_EDGE('',*,*,#2057,.F.);
#2837=ORIENTED_EDGE('',*,*,#2033,.T.);
#2838=ORIENTED_EDGE('',*,*,#2062,.F.);
#2839=ORIENTED_EDGE('',*,*,#2070,.T.);
#2840=ORIENTED_EDGE('',*,*,#2071,.F.);
#2841=ORIENTED_EDGE('',*,*,#2072,.F.);
#2842=ORIENTED_EDGE('',*,*,#2070,.F.);
#2843=ORIENTED_EDGE('',*,*,#2061,.F.);
#2844=ORIENTED_EDGE('',*,*,#2073,.T.);
#2845=ORIENTED_EDGE('',*,*,#2074,.F.);
#2846=ORIENTED_EDGE('',*,*,#2073,.F.);
#2847=ORIENTED_EDGE('',*,*,#2060,.F.);
#2848=ORIENTED_EDGE('',*,*,#2064,.T.);
#2849=ORIENTED_EDGE('',*,*,#2042,.T.);
#2850=ORIENTED_EDGE('',*,*,#2058,.F.);
#2851=ORIENTED_EDGE('',*,*,#2069,.T.);
#2852=ORIENTED_EDGE('',*,*,#2075,.F.);
#2853=ORIENTED_EDGE('',*,*,#2076,.F.);
#2854=ORIENTED_EDGE('',*,*,#2066,.F.);
#2855=ORIENTED_EDGE('',*,*,#2055,.F.);
#2856=ORIENTED_EDGE('',*,*,#2045,.T.);
#2857=ORIENTED_EDGE('',*,*,#2077,.F.);
#2858=ORIENTED_EDGE('',*,*,#2078,.T.);
#2859=ORIENTED_EDGE('',*,*,#2079,.T.);
#2860=ORIENTED_EDGE('',*,*,#2078,.F.);
#2861=ORIENTED_EDGE('',*,*,#2079,.F.);
#2862=ORIENTED_EDGE('',*,*,#2080,.F.);
#2863=ORIENTED_EDGE('',*,*,#2081,.F.);
#2864=ORIENTED_EDGE('',*,*,#2082,.T.);
#2865=ORIENTED_EDGE('',*,*,#2083,.T.);
#2866=ORIENTED_EDGE('',*,*,#2082,.F.);
#2867=ORIENTED_EDGE('',*,*,#2083,.F.);
#2868=ORIENTED_EDGE('',*,*,#2084,.F.);
#2869=ORIENTED_EDGE('',*,*,#2085,.F.);
#2870=ORIENTED_EDGE('',*,*,#2086,.T.);
#2871=ORIENTED_EDGE('',*,*,#2087,.T.);
#2872=ORIENTED_EDGE('',*,*,#2086,.F.);
#2873=ORIENTED_EDGE('',*,*,#2087,.F.);
#2874=ORIENTED_EDGE('',*,*,#2088,.F.);
#2875=ORIENTED_EDGE('',*,*,#2089,.F.);
#2876=ORIENTED_EDGE('',*,*,#2090,.T.);
#2877=ORIENTED_EDGE('',*,*,#2091,.T.);
#2878=ORIENTED_EDGE('',*,*,#2090,.F.);
#2879=ORIENTED_EDGE('',*,*,#2091,.F.);
#2880=ORIENTED_EDGE('',*,*,#2092,.F.);
#2881=ORIENTED_EDGE('',*,*,#2084,.T.);
#2882=ORIENTED_EDGE('',*,*,#2093,.T.);
#2883=ORIENTED_EDGE('',*,*,#2054,.F.);
#2884=ORIENTED_EDGE('',*,*,#2093,.F.);
#2885=ORIENTED_EDGE('',*,*,#2092,.T.);
#2886=ORIENTED_EDGE('',*,*,#2094,.T.);
#2887=ORIENTED_EDGE('',*,*,#2053,.F.);
#2888=ORIENTED_EDGE('',*,*,#2094,.F.);
#2889=ORIENTED_EDGE('',*,*,#2080,.T.);
#2890=ORIENTED_EDGE('',*,*,#2095,.T.);
#2891=ORIENTED_EDGE('',*,*,#2052,.F.);
#2892=ORIENTED_EDGE('',*,*,#2095,.F.);
#2893=ORIENTED_EDGE('',*,*,#2088,.T.);
#2894=ORIENTED_EDGE('',*,*,#2096,.T.);
#2895=ORIENTED_EDGE('',*,*,#2051,.F.);
#2896=ORIENTED_EDGE('',*,*,#2096,.F.);
#2897=ORIENTED_EDGE('',*,*,#2097,.F.);
#2898=ORIENTED_EDGE('',*,*,#2098,.F.);
#2899=ORIENTED_EDGE('',*,*,#2099,.F.);
#2900=ORIENTED_EDGE('',*,*,#2100,.F.);
#2901=ORIENTED_EDGE('',*,*,#2101,.F.);
#2902=ORIENTED_EDGE('',*,*,#2102,.F.);
#2903=ORIENTED_EDGE('',*,*,#2103,.F.);
#2904=ORIENTED_EDGE('',*,*,#2104,.F.);
#2905=ORIENTED_EDGE('',*,*,#2098,.T.);
#2906=ORIENTED_EDGE('',*,*,#2105,.T.);
#2907=ORIENTED_EDGE('',*,*,#2106,.F.);
#2908=ORIENTED_EDGE('',*,*,#2107,.F.);
#2909=ORIENTED_EDGE('',*,*,#2099,.T.);
#2910=ORIENTED_EDGE('',*,*,#2107,.T.);
#2911=ORIENTED_EDGE('',*,*,#2108,.F.);
#2912=ORIENTED_EDGE('',*,*,#2109,.F.);
#2913=ORIENTED_EDGE('',*,*,#2100,.T.);
#2914=ORIENTED_EDGE('',*,*,#2109,.T.);
#2915=ORIENTED_EDGE('',*,*,#2110,.F.);
#2916=ORIENTED_EDGE('',*,*,#2111,.F.);
#2917=ORIENTED_EDGE('',*,*,#2097,.T.);
#2918=ORIENTED_EDGE('',*,*,#2111,.T.);
#2919=ORIENTED_EDGE('',*,*,#2112,.F.);
#2920=ORIENTED_EDGE('',*,*,#2105,.F.);
#2921=ORIENTED_EDGE('',*,*,#2112,.T.);
#2922=ORIENTED_EDGE('',*,*,#2110,.T.);
#2923=ORIENTED_EDGE('',*,*,#2108,.T.);
#2924=ORIENTED_EDGE('',*,*,#2106,.T.);
#2925=ORIENTED_EDGE('',*,*,#2034,.T.);
#2926=ORIENTED_EDGE('',*,*,#2071,.T.);
#2927=ORIENTED_EDGE('',*,*,#2072,.T.);
#2928=ORIENTED_EDGE('',*,*,#2074,.T.);
#2929=ORIENTED_EDGE('',*,*,#2063,.T.);
#2930=ORIENTED_EDGE('',*,*,#2043,.T.);
#2931=ORIENTED_EDGE('',*,*,#2075,.T.);
#2932=ORIENTED_EDGE('',*,*,#2068,.T.);
#2933=ORIENTED_EDGE('',*,*,#2067,.T.);
#2934=ORIENTED_EDGE('',*,*,#2076,.T.);
#2935=ORIENTED_EDGE('',*,*,#2044,.T.);
#2936=ORIENTED_EDGE('',*,*,#2038,.T.);
#2937=ORIENTED_EDGE('',*,*,#2089,.T.);
#2938=ORIENTED_EDGE('',*,*,#2085,.T.);
#2939=ORIENTED_EDGE('',*,*,#2081,.T.);
#2940=ORIENTED_EDGE('',*,*,#2077,.T.);
#2941=ORIENTED_EDGE('',*,*,#2101,.T.);
#2942=ORIENTED_EDGE('',*,*,#2113,.T.);
#2943=ORIENTED_EDGE('',*,*,#2047,.F.);
#2944=ORIENTED_EDGE('',*,*,#2114,.F.);
#2945=ORIENTED_EDGE('',*,*,#2102,.T.);
#2946=ORIENTED_EDGE('',*,*,#2114,.T.);
#2947=ORIENTED_EDGE('',*,*,#2050,.F.);
#2948=ORIENTED_EDGE('',*,*,#2115,.F.);
#2949=ORIENTED_EDGE('',*,*,#2103,.T.);
#2950=ORIENTED_EDGE('',*,*,#2115,.T.);
#2951=ORIENTED_EDGE('',*,*,#2049,.F.);
#2952=ORIENTED_EDGE('',*,*,#2116,.F.);
#2953=ORIENTED_EDGE('',*,*,#2104,.T.);
#2954=ORIENTED_EDGE('',*,*,#2116,.T.);
#2955=ORIENTED_EDGE('',*,*,#2048,.F.);
#2956=ORIENTED_EDGE('',*,*,#2113,.F.);
#2957=PLANE('',#3210);
#2958=PLANE('',#3211);
#2959=PLANE('',#3212);
#2960=PLANE('',#3213);
#2961=PLANE('',#3282);
#2962=PLANE('',#3351);
#2963=PLANE('',#3355);
#2964=PLANE('',#3357);
#2965=PLANE('',#3367);
#2966=PLANE('',#3369);
#2967=PLANE('',#3381);
#2968=PLANE('',#3383);
#2969=PLANE('',#3390);
#2970=PLANE('',#3392);
#2971=PLANE('',#3431);
#2972=PLANE('',#3435);
#2973=PLANE('',#3439);
#2974=PLANE('',#3443);
#2975=PLANE('',#3447);
#2976=PLANE('',#3448);
#2977=PLANE('',#3453);
#2978=PLANE('',#3454);
#2979=PLANE('',#3456);
#2980=PLANE('',#3458);
#2981=PLANE('',#3459);
#2982=PLANE('',#3461);
#2983=PLANE('',#3462);
#2984=PLANE('',#3464);
#2985=PLANE('',#3465);
#2986=PLANE('',#3466);
#2987=PLANE('',#3469);
#2988=PLANE('',#3472);
#2989=PLANE('',#3474);
#2990=PLANE('',#3475);
#2991=PLANE('',#3476);
#2992=PLANE('',#3477);
#2993=PLANE('',#3478);
#2994=PLANE('',#3481);
#2995=PLANE('',#3494);
#2996=PLANE('',#3497);
#2997=PLANE('',#3502);
#2998=PLANE('',#3503);
#2999=PLANE('',#3504);
#3000=PLANE('',#3505);
#3001=PLANE('',#3506);
#3002=PLANE('',#3507);
#3003=PLANE('',#3508);
#3004=PLANE('',#3509);
#3005=PLANE('',#3510);
#3006=PLANE('',#3511);
#3007=PLANE('',#3516);
#3008=PLANE('',#3517);
#3009=PLANE('',#3518);
#3010=PLANE('',#3519);
#3011=PLANE('',#3520);
#3012=PLANE('',#3521);
#3013=PLANE('',#3522);
#3014=PLANE('',#3523);
#3015=PLANE('',#3527);
#3016=PLANE('',#3532);
#3017=PLANE('',#3537);
#3018=PLANE('',#3542);
#3019=PLANE('',#3548);
#3020=PLANE('',#3549);
#3021=PLANE('',#3550);
#3022=PLANE('',#3551);
#3023=PLANE('',#3552);
#3024=PLANE('',#3553);
#3025=PLANE('',#3554);
#3026=PLANE('',#3555);
#3027=PLANE('',#3556);
#3028=PLANE('',#3557);
#3029=ADVANCED_FACE('',(#459),#2957,.T.);
#3030=ADVANCED_FACE('',(#460),#2958,.T.);
#3031=ADVANCED_FACE('',(#461),#2959,.T.);
#3032=ADVANCED_FACE('',(#462,#117,#118,#119,#120,#121,#122,#123,#124,#125,
#126,#127,#128,#129,#130,#131,#132,#133,#134,#135,#136,#137,#138,#139,#140,
#141,#142,#143,#144,#145,#146,#147,#148,#149,#150,#151,#152,#153,#154,#155,
#156,#157,#158,#159,#160,#161,#162,#163,#164,#165,#166,#167,#168,#169,#170,
#171,#172,#173,#174,#175,#176,#177,#178,#179,#180),#2960,.F.);
#3033=ADVANCED_FACE('',(#463,#181,#182,#183,#184,#185,#186,#187,#188,#189,
#190,#191,#192,#193,#194,#195,#196,#197,#198,#199,#200,#201,#202,#203,#204,
#205,#206,#207,#208,#209,#210,#211,#212,#213,#214,#215,#216,#217,#218,#219,
#220,#221,#222,#223,#224,#225,#226,#227,#228,#229,#230,#231,#232,#233,#234,
#235,#236,#237,#238,#239,#240,#241,#242,#243,#244),#2961,.T.);
#3034=ADVANCED_FACE('',(#464),#2962,.T.);
#3035=ADVANCED_FACE('',(#465),#25,.F.);
#3036=ADVANCED_FACE('',(#466),#26,.F.);
#3037=ADVANCED_FACE('',(#467),#27,.F.);
#3038=ADVANCED_FACE('',(#468),#2963,.T.);
#3039=ADVANCED_FACE('',(#469),#28,.F.);
#3040=ADVANCED_FACE('',(#470),#2964,.T.);
#3041=ADVANCED_FACE('',(#471),#29,.F.);
#3042=ADVANCED_FACE('',(#472),#30,.F.);
#3043=ADVANCED_FACE('',(#473),#31,.F.);
#3044=ADVANCED_FACE('',(#474),#32,.F.);
#3045=ADVANCED_FACE('',(#475),#33,.F.);
#3046=ADVANCED_FACE('',(#476),#34,.F.);
#3047=ADVANCED_FACE('',(#477),#35,.F.);
#3048=ADVANCED_FACE('',(#478),#36,.F.);
#3049=ADVANCED_FACE('',(#479),#37,.F.);
#3050=ADVANCED_FACE('',(#480),#2965,.T.);
#3051=ADVANCED_FACE('',(#481),#38,.F.);
#3052=ADVANCED_FACE('',(#482),#2966,.T.);
#3053=ADVANCED_FACE('',(#483),#39,.F.);
#3054=ADVANCED_FACE('',(#484),#40,.F.);
#3055=ADVANCED_FACE('',(#485),#41,.F.);
#3056=ADVANCED_FACE('',(#486),#42,.F.);
#3057=ADVANCED_FACE('',(#487),#43,.F.);
#3058=ADVANCED_FACE('',(#488),#44,.F.);
#3059=ADVANCED_FACE('',(#489),#45,.F.);
#3060=ADVANCED_FACE('',(#490),#46,.F.);
#3061=ADVANCED_FACE('',(#491),#47,.F.);
#3062=ADVANCED_FACE('',(#492),#48,.F.);
#3063=ADVANCED_FACE('',(#493),#49,.F.);
#3064=ADVANCED_FACE('',(#494),#2967,.T.);
#3065=ADVANCED_FACE('',(#495),#50,.F.);
#3066=ADVANCED_FACE('',(#496),#2968,.T.);
#3067=ADVANCED_FACE('',(#497),#51,.F.);
#3068=ADVANCED_FACE('',(#498),#52,.F.);
#3069=ADVANCED_FACE('',(#499),#53,.F.);
#3070=ADVANCED_FACE('',(#500),#54,.F.);
#3071=ADVANCED_FACE('',(#501),#55,.F.);
#3072=ADVANCED_FACE('',(#502),#56,.F.);
#3073=ADVANCED_FACE('',(#503),#2969,.T.);
#3074=ADVANCED_FACE('',(#504),#57,.F.);
#3075=ADVANCED_FACE('',(#505),#2970,.T.);
#3076=ADVANCED_FACE('',(#506),#58,.F.);
#3077=ADVANCED_FACE('',(#507),#59,.F.);
#3078=ADVANCED_FACE('',(#508),#60,.F.);
#3079=ADVANCED_FACE('',(#509),#61,.F.);
#3080=ADVANCED_FACE('',(#510),#62,.F.);
#3081=ADVANCED_FACE('',(#511),#63,.F.);
#3082=ADVANCED_FACE('',(#512),#64,.F.);
#3083=ADVANCED_FACE('',(#513),#65,.F.);
#3084=ADVANCED_FACE('',(#514),#66,.F.);
#3085=ADVANCED_FACE('',(#515),#67,.F.);
#3086=ADVANCED_FACE('',(#516),#68,.F.);
#3087=ADVANCED_FACE('',(#517),#69,.F.);
#3088=ADVANCED_FACE('',(#518),#70,.F.);
#3089=ADVANCED_FACE('',(#519),#71,.F.);
#3090=ADVANCED_FACE('',(#520),#72,.F.);
#3091=ADVANCED_FACE('',(#521),#73,.F.);
#3092=ADVANCED_FACE('',(#522),#74,.F.);
#3093=ADVANCED_FACE('',(#523),#75,.F.);
#3094=ADVANCED_FACE('',(#524),#76,.F.);
#3095=ADVANCED_FACE('',(#525),#77,.F.);
#3096=ADVANCED_FACE('',(#526),#78,.F.);
#3097=ADVANCED_FACE('',(#527),#79,.F.);
#3098=ADVANCED_FACE('',(#528),#80,.F.);
#3099=ADVANCED_FACE('',(#529),#81,.F.);
#3100=ADVANCED_FACE('',(#530),#82,.F.);
#3101=ADVANCED_FACE('',(#531),#83,.F.);
#3102=ADVANCED_FACE('',(#532),#84,.F.);
#3103=ADVANCED_FACE('',(#533),#85,.F.);
#3104=ADVANCED_FACE('',(#534),#86,.F.);
#3105=ADVANCED_FACE('',(#535),#87,.F.);
#3106=ADVANCED_FACE('',(#536),#88,.F.);
#3107=ADVANCED_FACE('',(#537),#89,.F.);
#3108=ADVANCED_FACE('',(#538),#90,.F.);
#3109=ADVANCED_FACE('',(#539),#91,.F.);
#3110=ADVANCED_FACE('',(#540),#92,.F.);
#3111=ADVANCED_FACE('',(#541),#93,.F.);
#3112=ADVANCED_FACE('',(#542),#2971,.T.);
#3113=ADVANCED_FACE('',(#543),#94,.F.);
#3114=ADVANCED_FACE('',(#544),#2972,.T.);
#3115=ADVANCED_FACE('',(#545),#95,.F.);
#3116=ADVANCED_FACE('',(#546),#2973,.T.);
#3117=ADVANCED_FACE('',(#547),#96,.F.);
#3118=ADVANCED_FACE('',(#548),#2974,.T.);
#3119=ADVANCED_FACE('',(#549),#97,.F.);
#3120=ADVANCED_FACE('',(#550),#2975,.T.);
#3121=ADVANCED_FACE('',(#551,#245),#2976,.F.);
#3122=ADVANCED_FACE('',(#552),#98,.F.);
#3123=ADVANCED_FACE('',(#553),#2977,.T.);
#3124=ADVANCED_FACE('',(#554,#246),#2978,.F.);
#3125=ADVANCED_FACE('',(#555,#247),#2979,.T.);
#3126=ADVANCED_FACE('',(#556),#2980,.T.);
#3127=ADVANCED_FACE('',(#557,#248),#2981,.T.);
#3128=ADVANCED_FACE('',(#558,#249),#2982,.T.);
#3129=ADVANCED_FACE('',(#559,#250),#2983,.T.);
#3130=ADVANCED_FACE('',(#560),#2984,.T.);
#3131=ADVANCED_FACE('',(#561),#2985,.T.);
#3132=ADVANCED_FACE('',(#562,#251),#2986,.F.);
#3133=ADVANCED_FACE('',(#563,#252),#2987,.F.);
#3134=ADVANCED_FACE('',(#564,#253),#2988,.T.);
#3135=ADVANCED_FACE('',(#565,#254),#2989,.T.);
#3136=ADVANCED_FACE('',(#566),#2990,.F.);
#3137=ADVANCED_FACE('',(#567),#2991,.F.);
#3138=ADVANCED_FACE('',(#568),#2992,.F.);
#3139=ADVANCED_FACE('',(#569),#2993,.F.);
#3140=ADVANCED_FACE('',(#570),#99,.T.);
#3141=ADVANCED_FACE('',(#571,#255,#256,#257,#258),#2994,.T.);
#3142=ADVANCED_FACE('',(#572),#100,.T.);
#3143=ADVANCED_FACE('',(#573),#101,.T.);
#3144=ADVANCED_FACE('',(#574),#102,.T.);
#3145=ADVANCED_FACE('',(#575),#103,.F.);
#3146=ADVANCED_FACE('',(#576),#2995,.T.);
#3147=ADVANCED_FACE('',(#577),#104,.F.);
#3148=ADVANCED_FACE('',(#578),#2996,.T.);
#3149=ADVANCED_FACE('',(#579),#105,.T.);
#3150=ADVANCED_FACE('',(#580),#106,.T.);
#3151=ADVANCED_FACE('',(#581),#107,.T.);
#3152=ADVANCED_FACE('',(#582),#108,.T.);
#3153=ADVANCED_FACE('',(#583),#2997,.T.);
#3154=ADVANCED_FACE('',(#584),#2998,.T.);
#3155=ADVANCED_FACE('',(#585),#2999,.T.);
#3156=ADVANCED_FACE('',(#586,#259),#3000,.T.);
#3157=ADVANCED_FACE('',(#587),#3001,.T.);
#3158=ADVANCED_FACE('',(#588),#3002,.F.);
#3159=ADVANCED_FACE('',(#589),#3003,.F.);
#3160=ADVANCED_FACE('',(#590),#3004,.F.);
#3161=ADVANCED_FACE('',(#591),#3005,.F.);
#3162=ADVANCED_FACE('',(#592,#260,#261,#262,#263,#264),#3006,.T.);
#3163=ADVANCED_FACE('',(#593),#3007,.F.);
#3164=ADVANCED_FACE('',(#594),#3008,.F.);
#3165=ADVANCED_FACE('',(#595),#3009,.F.);
#3166=ADVANCED_FACE('',(#596),#3010,.F.);
#3167=ADVANCED_FACE('',(#597),#3011,.F.);
#3168=ADVANCED_FACE('',(#598),#3012,.F.);
#3169=ADVANCED_FACE('',(#599),#3013,.F.);
#3170=ADVANCED_FACE('',(#600),#3014,.F.);
#3171=ADVANCED_FACE('',(#601),#109,.F.);
#3172=ADVANCED_FACE('',(#602,#265),#3015,.T.);
#3173=ADVANCED_FACE('',(#603),#110,.F.);
#3174=ADVANCED_FACE('',(#604,#266),#3016,.T.);
#3175=ADVANCED_FACE('',(#605),#111,.F.);
#3176=ADVANCED_FACE('',(#606,#267),#3017,.T.);
#3177=ADVANCED_FACE('',(#607),#112,.F.);
#3178=ADVANCED_FACE('',(#608,#268),#3018,.T.);
#3179=ADVANCED_FACE('',(#609),#113,.F.);
#3180=ADVANCED_FACE('',(#610),#114,.F.);
#3181=ADVANCED_FACE('',(#611),#115,.F.);
#3182=ADVANCED_FACE('',(#612),#116,.F.);
#3183=ADVANCED_FACE('',(#613,#269),#3019,.F.);
#3184=ADVANCED_FACE('',(#614),#3020,.T.);
#3185=ADVANCED_FACE('',(#615),#3021,.T.);
#3186=ADVANCED_FACE('',(#616),#3022,.T.);
#3187=ADVANCED_FACE('',(#617),#3023,.T.);
#3188=ADVANCED_FACE('',(#618,#270,#271,#272,#273,#274),#3024,.T.);
#3189=ADVANCED_FACE('',(#619),#3025,.T.);
#3190=ADVANCED_FACE('',(#620),#3026,.T.);
#3191=ADVANCED_FACE('',(#621),#3027,.T.);
#3192=ADVANCED_FACE('',(#622),#3028,.T.);
#3193=CLOSED_SHELL('',(#3029,#3030,#3031,#3032,#3033,#3034,#3035,#3036,
#3037,#3038,#3039,#3040,#3041,#3042,#3043,#3044,#3045,#3046,#3047,#3048,
#3049,#3050,#3051,#3052,#3053,#3054,#3055,#3056,#3057,#3058,#3059,#3060,
#3061,#3062,#3063,#3064,#3065,#3066,#3067,#3068,#3069,#3070,#3071,#3072,
#3073,#3074,#3075,#3076,#3077,#3078,#3079,#3080,#3081,#3082,#3083,#3084,
#3085,#3086,#3087,#3088,#3089,#3090,#3091,#3092,#3093,#3094,#3095,#3096,
#3097,#3098,#3099,#3100,#3101,#3102,#3103,#3104,#3105,#3106,#3107,#3108,
#3109,#3110));
#3194=CLOSED_SHELL('',(#3111,#3112,#3113,#3114,#3115,#3116,#3117,#3118,
#3119,#3120,#3121,#3122,#3123,#3124,#3125,#3126,#3127,#3128,#3129,#3130,
#3131,#3132,#3133,#3134,#3135,#3136,#3137,#3138,#3139,#3140,#3141,#3142,
#3143,#3144,#3145,#3146,#3147,#3148,#3149,#3150,#3151,#3152,#3153,#3154,
#3155,#3156,#3157));
#3195=CLOSED_SHELL('',(#3158,#3159,#3160,#3161,#3162,#3163,#3164,#3165,
#3166,#3167,#3168,#3169,#3170,#3171,#3172,#3173,#3174,#3175,#3176,#3177,
#3178,#3179,#3180,#3181,#3182,#3183,#3184,#3185,#3186,#3187,#3188,#3189,
#3190,#3191,#3192));
#3196=DERIVED_UNIT_ELEMENT(#3198,1.);
#3197=DERIVED_UNIT_ELEMENT(#5371,-3.);
#3198=(
MASS_UNIT()
NAMED_UNIT(*)
SI_UNIT(.KILO.,.GRAM.)
);
#3199=DERIVED_UNIT((#3196,#3197));
#3200=MEASURE_REPRESENTATION_ITEM('density measure',
POSITIVE_RATIO_MEASURE(7850.),#3199);
#3201=PROPERTY_DEFINITION_REPRESENTATION(#3206,#3203);
#3202=PROPERTY_DEFINITION_REPRESENTATION(#3207,#3204);
#3203=REPRESENTATION('material name',(#3205),#5368);
#3204=REPRESENTATION('density',(#3200),#5368);
#3205=DESCRIPTIVE_REPRESENTATION_ITEM('Stal','Stal');
#3206=PROPERTY_DEFINITION('material property','material name',#5383);
#3207=PROPERTY_DEFINITION('material property','density of part',#5383);
#3208=AXIS2_PLACEMENT_3D('',#4497,#3559,#3560);
#3209=AXIS2_PLACEMENT_3D('',#4498,#3561,#3562);
#3210=AXIS2_PLACEMENT_3D('',#4499,#3563,#3564);
#3211=AXIS2_PLACEMENT_3D('',#4508,#3569,#3570);
#3212=AXIS2_PLACEMENT_3D('',#4514,#3574,#3575);
#3213=AXIS2_PLACEMENT_3D('',#4520,#3579,#3580);
#3214=AXIS2_PLACEMENT_3D('',#4523,#3582,#3583);
#3215=AXIS2_PLACEMENT_3D('',#4525,#3584,#3585);
#3216=AXIS2_PLACEMENT_3D('',#4528,#3586,#3587);
#3217=AXIS2_PLACEMENT_3D('',#4532,#3589,#3590);
#3218=AXIS2_PLACEMENT_3D('',#4535,#3592,#3593);
#3219=AXIS2_PLACEMENT_3D('',#4537,#3594,#3595);
#3220=AXIS2_PLACEMENT_3D('',#4539,#3596,#3597);
#3221=AXIS2_PLACEMENT_3D('',#4541,#3598,#3599);
#3222=AXIS2_PLACEMENT_3D('',#4543,#3600,#3601);
#3223=AXIS2_PLACEMENT_3D('',#4545,#3602,#3603);
#3224=AXIS2_PLACEMENT_3D('',#4547,#3604,#3605);
#3225=AXIS2_PLACEMENT_3D('',#4549,#3606,#3607);
#3226=AXIS2_PLACEMENT_3D('',#4552,#3608,#3609);
#3227=AXIS2_PLACEMENT_3D('',#4556,#3611,#3612);
#3228=AXIS2_PLACEMENT_3D('',#4559,#3614,#3615);
#3229=AXIS2_PLACEMENT_3D('',#4561,#3616,#3617);
#3230=AXIS2_PLACEMENT_3D('',#4563,#3618,#3619);
#3231=AXIS2_PLACEMENT_3D('',#4565,#3620,#3621);
#3232=AXIS2_PLACEMENT_3D('',#4567,#3622,#3623);
#3233=AXIS2_PLACEMENT_3D('',#4569,#3624,#3625);
#3234=AXIS2_PLACEMENT_3D('',#4571,#3626,#3627);
#3235=AXIS2_PLACEMENT_3D('',#4573,#3628,#3629);
#3236=AXIS2_PLACEMENT_3D('',#4575,#3630,#3631);
#3237=AXIS2_PLACEMENT_3D('',#4577,#3632,#3633);
#3238=AXIS2_PLACEMENT_3D('',#4580,#3634,#3635);
#3239=AXIS2_PLACEMENT_3D('',#4584,#3637,#3638);
#3240=AXIS2_PLACEMENT_3D('',#4587,#3640,#3641);
#3241=AXIS2_PLACEMENT_3D('',#4589,#3642,#3643);
#3242=AXIS2_PLACEMENT_3D('',#4591,#3644,#3645);
#3243=AXIS2_PLACEMENT_3D('',#4593,#3646,#3647);
#3244=AXIS2_PLACEMENT_3D('',#4595,#3648,#3649);
#3245=AXIS2_PLACEMENT_3D('',#4598,#3650,#3651);
#3246=AXIS2_PLACEMENT_3D('',#4602,#3653,#3654);
#3247=AXIS2_PLACEMENT_3D('',#4605,#3656,#3657);
#3248=AXIS2_PLACEMENT_3D('',#4607,#3658,#3659);
#3249=AXIS2_PLACEMENT_3D('',#4609,#3660,#3661);
#3250=AXIS2_PLACEMENT_3D('',#4611,#3662,#3663);
#3251=AXIS2_PLACEMENT_3D('',#4613,#3664,#3665);
#3252=AXIS2_PLACEMENT_3D('',#4615,#3666,#3667);
#3253=AXIS2_PLACEMENT_3D('',#4617,#3668,#3669);
#3254=AXIS2_PLACEMENT_3D('',#4619,#3670,#3671);
#3255=AXIS2_PLACEMENT_3D('',#4621,#3672,#3673);
#3256=AXIS2_PLACEMENT_3D('',#4623,#3674,#3675);
#3257=AXIS2_PLACEMENT_3D('',#4625,#3676,#3677);
#3258=AXIS2_PLACEMENT_3D('',#4627,#3678,#3679);
#3259=AXIS2_PLACEMENT_3D('',#4629,#3680,#3681);
#3260=AXIS2_PLACEMENT_3D('',#4631,#3682,#3683);
#3261=AXIS2_PLACEMENT_3D('',#4633,#3684,#3685);
#3262=AXIS2_PLACEMENT_3D('',#4635,#3686,#3687);
#3263=AXIS2_PLACEMENT_3D('',#4637,#3688,#3689);
#3264=AXIS2_PLACEMENT_3D('',#4639,#3690,#3691);
#3265=AXIS2_PLACEMENT_3D('',#4641,#3692,#3693);
#3266=AXIS2_PLACEMENT_3D('',#4643,#3694,#3695);
#3267=AXIS2_PLACEMENT_3D('',#4645,#3696,#3697);
#3268=AXIS2_PLACEMENT_3D('',#4647,#3698,#3699);
#3269=AXIS2_PLACEMENT_3D('',#4649,#3700,#3701);
#3270=AXIS2_PLACEMENT_3D('',#4651,#3702,#3703);
#3271=AXIS2_PLACEMENT_3D('',#4653,#3704,#3705);
#3272=AXIS2_PLACEMENT_3D('',#4655,#3706,#3707);
#3273=AXIS2_PLACEMENT_3D('',#4657,#3708,#3709);
#3274=AXIS2_PLACEMENT_3D('',#4659,#3710,#3711);
#3275=AXIS2_PLACEMENT_3D('',#4661,#3712,#3713);
#3276=AXIS2_PLACEMENT_3D('',#4663,#3714,#3715);
#3277=AXIS2_PLACEMENT_3D('',#4665,#3716,#3717);
#3278=AXIS2_PLACEMENT_3D('',#4667,#3718,#3719);
#3279=AXIS2_PLACEMENT_3D('',#4669,#3720,#3721);
#3280=AXIS2_PLACEMENT_3D('',#4671,#3722,#3723);
#3281=AXIS2_PLACEMENT_3D('',#4673,#3724,#3725);
#3282=AXIS2_PLACEMENT_3D('',#4674,#3726,#3727);
#3283=AXIS2_PLACEMENT_3D('',#4677,#3729,#3730);
#3284=AXIS2_PLACEMENT_3D('',#4679,#3731,#3732);
#3285=AXIS2_PLACEMENT_3D('',#4682,#3733,#3734);
#3286=AXIS2_PLACEMENT_3D('',#4686,#3736,#3737);
#3287=AXIS2_PLACEMENT_3D('',#4689,#3739,#3740);
#3288=AXIS2_PLACEMENT_3D('',#4691,#3741,#3742);
#3289=AXIS2_PLACEMENT_3D('',#4693,#3743,#3744);
#3290=AXIS2_PLACEMENT_3D('',#4695,#3745,#3746);
#3291=AXIS2_PLACEMENT_3D('',#4697,#3747,#3748);
#3292=AXIS2_PLACEMENT_3D('',#4699,#3749,#3750);
#3293=AXIS2_PLACEMENT_3D('',#4701,#3751,#3752);
#3294=AXIS2_PLACEMENT_3D('',#4703,#3753,#3754);
#3295=AXIS2_PLACEMENT_3D('',#4706,#3755,#3756);
#3296=AXIS2_PLACEMENT_3D('',#4710,#3758,#3759);
#3297=AXIS2_PLACEMENT_3D('',#4713,#3761,#3762);
#3298=AXIS2_PLACEMENT_3D('',#4715,#3763,#3764);
#3299=AXIS2_PLACEMENT_3D('',#4717,#3765,#3766);
#3300=AXIS2_PLACEMENT_3D('',#4719,#3767,#3768);
#3301=AXIS2_PLACEMENT_3D('',#4721,#3769,#3770);
#3302=AXIS2_PLACEMENT_3D('',#4723,#3771,#3772);
#3303=AXIS2_PLACEMENT_3D('',#4725,#3773,#3774);
#3304=AXIS2_PLACEMENT_3D('',#4727,#3775,#3776);
#3305=AXIS2_PLACEMENT_3D('',#4729,#3777,#3778);
#3306=AXIS2_PLACEMENT_3D('',#4731,#3779,#3780);
#3307=AXIS2_PLACEMENT_3D('',#4734,#3781,#3782);
#3308=AXIS2_PLACEMENT_3D('',#4738,#3784,#3785);
#3309=AXIS2_PLACEMENT_3D('',#4741,#3787,#3788);
#3310=AXIS2_PLACEMENT_3D('',#4743,#3789,#3790);
#3311=AXIS2_PLACEMENT_3D('',#4745,#3791,#3792);
#3312=AXIS2_PLACEMENT_3D('',#4747,#3793,#3794);
#3313=AXIS2_PLACEMENT_3D('',#4749,#3795,#3796);
#3314=AXIS2_PLACEMENT_3D('',#4752,#3797,#3798);
#3315=AXIS2_PLACEMENT_3D('',#4756,#3800,#3801);
#3316=AXIS2_PLACEMENT_3D('',#4759,#3803,#3804);
#3317=AXIS2_PLACEMENT_3D('',#4761,#3805,#3806);
#3318=AXIS2_PLACEMENT_3D('',#4763,#3807,#3808);
#3319=AXIS2_PLACEMENT_3D('',#4765,#3809,#3810);
#3320=AXIS2_PLACEMENT_3D('',#4767,#3811,#3812);
#3321=AXIS2_PLACEMENT_3D('',#4769,#3813,#3814);
#3322=AXIS2_PLACEMENT_3D('',#4771,#3815,#3816);
#3323=AXIS2_PLACEMENT_3D('',#4773,#3817,#3818);
#3324=AXIS2_PLACEMENT_3D('',#4775,#3819,#3820);
#3325=AXIS2_PLACEMENT_3D('',#4777,#3821,#3822);
#3326=AXIS2_PLACEMENT_3D('',#4779,#3823,#3824);
#3327=AXIS2_PLACEMENT_3D('',#4781,#3825,#3826);
#3328=AXIS2_PLACEMENT_3D('',#4783,#3827,#3828);
#3329=AXIS2_PLACEMENT_3D('',#4785,#3829,#3830);
#3330=AXIS2_PLACEMENT_3D('',#4787,#3831,#3832);
#3331=AXIS2_PLACEMENT_3D('',#4789,#3833,#3834);
#3332=AXIS2_PLACEMENT_3D('',#4791,#3835,#3836);
#3333=AXIS2_PLACEMENT_3D('',#4793,#3837,#3838);
#3334=AXIS2_PLACEMENT_3D('',#4795,#3839,#3840);
#3335=AXIS2_PLACEMENT_3D('',#4797,#3841,#3842);
#3336=AXIS2_PLACEMENT_3D('',#4799,#3843,#3844);
#3337=AXIS2_PLACEMENT_3D('',#4801,#3845,#3846);
#3338=AXIS2_PLACEMENT_3D('',#4803,#3847,#3848);
#3339=AXIS2_PLACEMENT_3D('',#4805,#3849,#3850);
#3340=AXIS2_PLACEMENT_3D('',#4807,#3851,#3852);
#3341=AXIS2_PLACEMENT_3D('',#4809,#3853,#3854);
#3342=AXIS2_PLACEMENT_3D('',#4811,#3855,#3856);
#3343=AXIS2_PLACEMENT_3D('',#4813,#3857,#3858);
#3344=AXIS2_PLACEMENT_3D('',#4815,#3859,#3860);
#3345=AXIS2_PLACEMENT_3D('',#4817,#3861,#3862);
#3346=AXIS2_PLACEMENT_3D('',#4819,#3863,#3864);
#3347=AXIS2_PLACEMENT_3D('',#4821,#3865,#3866);
#3348=AXIS2_PLACEMENT_3D('',#4823,#3867,#3868);
#3349=AXIS2_PLACEMENT_3D('',#4825,#3869,#3870);
#3350=AXIS2_PLACEMENT_3D('',#4827,#3871,#3872);
#3351=AXIS2_PLACEMENT_3D('',#4828,#3873,#3874);
#3352=AXIS2_PLACEMENT_3D('',#4829,#3875,#3876);
#3353=AXIS2_PLACEMENT_3D('',#4831,#3878,#3879);
#3354=AXIS2_PLACEMENT_3D('',#4833,#3881,#3882);
#3355=AXIS2_PLACEMENT_3D('',#4836,#3885,#3886);
#3356=AXIS2_PLACEMENT_3D('',#4838,#3888,#3889);
#3357=AXIS2_PLACEMENT_3D('',#4840,#3891,#3892);
#3358=AXIS2_PLACEMENT_3D('',#4841,#3893,#3894);
#3359=AXIS2_PLACEMENT_3D('',#4843,#3896,#3897);
#3360=AXIS2_PLACEMENT_3D('',#4845,#3899,#3900);
#3361=AXIS2_PLACEMENT_3D('',#4847,#3902,#3903);
#3362=AXIS2_PLACEMENT_3D('',#4849,#3905,#3906);
#3363=AXIS2_PLACEMENT_3D('',#4851,#3908,#3909);
#3364=AXIS2_PLACEMENT_3D('',#4853,#3911,#3912);
#3365=AXIS2_PLACEMENT_3D('',#4855,#3914,#3915);
#3366=AXIS2_PLACEMENT_3D('',#4857,#3917,#3918);
#3367=AXIS2_PLACEMENT_3D('',#4860,#3921,#3922);
#3368=AXIS2_PLACEMENT_3D('',#4862,#3924,#3925);
#3369=AXIS2_PLACEMENT_3D('',#4864,#3927,#3928);
#3370=AXIS2_PLACEMENT_3D('',#4865,#3929,#3930);
#3371=AXIS2_PLACEMENT_3D('',#4867,#3932,#3933);
#3372=AXIS2_PLACEMENT_3D('',#4869,#3935,#3936);
#3373=AXIS2_PLACEMENT_3D('',#4871,#3938,#3939);
#3374=AXIS2_PLACEMENT_3D('',#4873,#3941,#3942);
#3375=AXIS2_PLACEMENT_3D('',#4875,#3944,#3945);
#3376=AXIS2_PLACEMENT_3D('',#4877,#3947,#3948);
#3377=AXIS2_PLACEMENT_3D('',#4879,#3950,#3951);
#3378=AXIS2_PLACEMENT_3D('',#4881,#3953,#3954);
#3379=AXIS2_PLACEMENT_3D('',#4883,#3956,#3957);
#3380=AXIS2_PLACEMENT_3D('',#4885,#3959,#3960);
#3381=AXIS2_PLACEMENT_3D('',#4888,#3963,#3964);
#3382=AXIS2_PLACEMENT_3D('',#4890,#3966,#3967);
#3383=AXIS2_PLACEMENT_3D('',#4892,#3969,#3970);
#3384=AXIS2_PLACEMENT_3D('',#4893,#3971,#3972);
#3385=AXIS2_PLACEMENT_3D('',#4895,#3974,#3975);
#3386=AXIS2_PLACEMENT_3D('',#4897,#3977,#3978);
#3387=AXIS2_PLACEMENT_3D('',#4899,#3980,#3981);
#3388=AXIS2_PLACEMENT_3D('',#4901,#3983,#3984);
#3389=AXIS2_PLACEMENT_3D('',#4903,#3986,#3987);
#3390=AXIS2_PLACEMENT_3D('',#4906,#3990,#3991);
#3391=AXIS2_PLACEMENT_3D('',#4908,#3993,#3994);
#3392=AXIS2_PLACEMENT_3D('',#4910,#3996,#3997);
#3393=AXIS2_PLACEMENT_3D('',#4911,#3998,#3999);
#3394=AXIS2_PLACEMENT_3D('',#4913,#4001,#4002);
#3395=AXIS2_PLACEMENT_3D('',#4915,#4004,#4005);
#3396=AXIS2_PLACEMENT_3D('',#4917,#4007,#4008);
#3397=AXIS2_PLACEMENT_3D('',#4919,#4010,#4011);
#3398=AXIS2_PLACEMENT_3D('',#4921,#4013,#4014);
#3399=AXIS2_PLACEMENT_3D('',#4923,#4016,#4017);
#3400=AXIS2_PLACEMENT_3D('',#4925,#4019,#4020);
#3401=AXIS2_PLACEMENT_3D('',#4927,#4022,#4023);
#3402=AXIS2_PLACEMENT_3D('',#4929,#4025,#4026);
#3403=AXIS2_PLACEMENT_3D('',#4931,#4028,#4029);
#3404=AXIS2_PLACEMENT_3D('',#4933,#4031,#4032);
#3405=AXIS2_PLACEMENT_3D('',#4935,#4034,#4035);
#3406=AXIS2_PLACEMENT_3D('',#4937,#4037,#4038);
#3407=AXIS2_PLACEMENT_3D('',#4939,#4040,#4041);
#3408=AXIS2_PLACEMENT_3D('',#4941,#4043,#4044);
#3409=AXIS2_PLACEMENT_3D('',#4943,#4046,#4047);
#3410=AXIS2_PLACEMENT_3D('',#4945,#4049,#4050);
#3411=AXIS2_PLACEMENT_3D('',#4947,#4052,#4053);
#3412=AXIS2_PLACEMENT_3D('',#4949,#4055,#4056);
#3413=AXIS2_PLACEMENT_3D('',#4951,#4058,#4059);
#3414=AXIS2_PLACEMENT_3D('',#4953,#4061,#4062);
#3415=AXIS2_PLACEMENT_3D('',#4955,#4064,#4065);
#3416=AXIS2_PLACEMENT_3D('',#4957,#4067,#4068);
#3417=AXIS2_PLACEMENT_3D('',#4959,#4070,#4071);
#3418=AXIS2_PLACEMENT_3D('',#4961,#4073,#4074);
#3419=AXIS2_PLACEMENT_3D('',#4963,#4076,#4077);
#3420=AXIS2_PLACEMENT_3D('',#4965,#4079,#4080);
#3421=AXIS2_PLACEMENT_3D('',#4967,#4082,#4083);
#3422=AXIS2_PLACEMENT_3D('',#4969,#4085,#4086);
#3423=AXIS2_PLACEMENT_3D('',#4971,#4088,#4089);
#3424=AXIS2_PLACEMENT_3D('',#4973,#4091,#4092);
#3425=AXIS2_PLACEMENT_3D('',#4975,#4094,#4095);
#3426=AXIS2_PLACEMENT_3D('',#4977,#4097,#4098);
#3427=AXIS2_PLACEMENT_3D('',#4979,#4100,#4101);
#3428=AXIS2_PLACEMENT_3D('',#4981,#4103,#4104);
#3429=AXIS2_PLACEMENT_3D('',#4983,#4105,#4106);
#3430=AXIS2_PLACEMENT_3D('',#4986,#4108,#4109);
#3431=AXIS2_PLACEMENT_3D('',#4987,#4110,#4111);
#3432=AXIS2_PLACEMENT_3D('',#4988,#4112,#4113);
#3433=AXIS2_PLACEMENT_3D('',#4990,#4114,#4115);
#3434=AXIS2_PLACEMENT_3D('',#4993,#4117,#4118);
#3435=AXIS2_PLACEMENT_3D('',#4994,#4119,#4120);
#3436=AXIS2_PLACEMENT_3D('',#4995,#4121,#4122);
#3437=AXIS2_PLACEMENT_3D('',#4997,#4123,#4124);
#3438=AXIS2_PLACEMENT_3D('',#5000,#4126,#4127);
#3439=AXIS2_PLACEMENT_3D('',#5001,#4128,#4129);
#3440=AXIS2_PLACEMENT_3D('',#5002,#4130,#4131);
#3441=AXIS2_PLACEMENT_3D('',#5004,#4132,#4133);
#3442=AXIS2_PLACEMENT_3D('',#5007,#4135,#4136);
#3443=AXIS2_PLACEMENT_3D('',#5008,#4137,#4138);
#3444=AXIS2_PLACEMENT_3D('',#5009,#4139,#4140);
#3445=AXIS2_PLACEMENT_3D('',#5011,#4141,#4142);
#3446=AXIS2_PLACEMENT_3D('',#5014,#4144,#4145);
#3447=AXIS2_PLACEMENT_3D('',#5015,#4146,#4147);
#3448=AXIS2_PLACEMENT_3D('',#5016,#4148,#4149);
#3449=AXIS2_PLACEMENT_3D('',#5018,#4150,#4151);
#3450=AXIS2_PLACEMENT_3D('',#5019,#4152,#4153);
#3451=AXIS2_PLACEMENT_3D('',#5021,#4154,#4155);
#3452=AXIS2_PLACEMENT_3D('',#5024,#4157,#4158);
#3453=AXIS2_PLACEMENT_3D('',#5025,#4159,#4160);
#3454=AXIS2_PLACEMENT_3D('',#5026,#4161,#4162);
#3455=AXIS2_PLACEMENT_3D('',#5028,#4163,#4164);
#3456=AXIS2_PLACEMENT_3D('',#5029,#4165,#4166);
#3457=AXIS2_PLACEMENT_3D('',#5034,#4168,#4169);
#3458=AXIS2_PLACEMENT_3D('',#5036,#4171,#4172);
#3459=AXIS2_PLACEMENT_3D('',#5050,#4180,#4181);
#3460=AXIS2_PLACEMENT_3D('',#5053,#4182,#4183);
#3461=AXIS2_PLACEMENT_3D('',#5057,#4186,#4187);
#3462=AXIS2_PLACEMENT_3D('',#5076,#4198,#4199);
#3463=AXIS2_PLACEMENT_3D('',#5081,#4201,#4202);
#3464=AXIS2_PLACEMENT_3D('',#5083,#4204,#4205);
#3465=AXIS2_PLACEMENT_3D('',#5092,#4211,#4212);
#3466=AXIS2_PLACEMENT_3D('',#5099,#4217,#4218);
#3467=AXIS2_PLACEMENT_3D('',#5101,#4219,#4220);
#3468=AXIS2_PLACEMENT_3D('',#5103,#4221,#4222);
#3469=AXIS2_PLACEMENT_3D('',#5104,#4223,#4224);
#3470=AXIS2_PLACEMENT_3D('',#5106,#4225,#4226);
#3471=AXIS2_PLACEMENT_3D('',#5108,#4227,#4228);
#3472=AXIS2_PLACEMENT_3D('',#5109,#4229,#4230);
#3473=AXIS2_PLACEMENT_3D('',#5110,#4231,#4232);
#3474=AXIS2_PLACEMENT_3D('',#5111,#4233,#4234);
#3475=AXIS2_PLACEMENT_3D('',#5120,#4239,#4240);
#3476=AXIS2_PLACEMENT_3D('',#5126,#4244,#4245);
#3477=AXIS2_PLACEMENT_3D('',#5132,#4249,#4250);
#3478=AXIS2_PLACEMENT_3D('',#5134,#4252,#4253);
#3479=AXIS2_PLACEMENT_3D('',#5136,#4255,#4256);
#3480=AXIS2_PLACEMENT_3D('',#5137,#4257,#4258);
#3481=AXIS2_PLACEMENT_3D('',#5138,#4259,#4260);
#3482=AXIS2_PLACEMENT_3D('',#5139,#4261,#4262);
#3483=AXIS2_PLACEMENT_3D('',#5140,#4263,#4264);
#3484=AXIS2_PLACEMENT_3D('',#5141,#4265,#4266);
#3485=AXIS2_PLACEMENT_3D('',#5143,#4267,#4268);
#3486=AXIS2_PLACEMENT_3D('',#5145,#4269,#4270);
#3487=AXIS2_PLACEMENT_3D('',#5147,#4271,#4272);
#3488=AXIS2_PLACEMENT_3D('',#5149,#4273,#4274);
#3489=AXIS2_PLACEMENT_3D('',#5150,#4275,#4276);
#3490=AXIS2_PLACEMENT_3D('',#5151,#4277,#4278);
#3491=AXIS2_PLACEMENT_3D('',#5152,#4279,#4280);
#3492=AXIS2_PLACEMENT_3D('',#5153,#4281,#4282);
#3493=AXIS2_PLACEMENT_3D('',#5156,#4284,#4285);
#3494=AXIS2_PLACEMENT_3D('',#5157,#4286,#4287);
#3495=AXIS2_PLACEMENT_3D('',#5158,#4288,#4289);
#3496=AXIS2_PLACEMENT_3D('',#5161,#4291,#4292);
#3497=AXIS2_PLACEMENT_3D('',#5162,#4293,#4294);
#3498=AXIS2_PLACEMENT_3D('',#5163,#4295,#4296);
#3499=AXIS2_PLACEMENT_3D('',#5165,#4298,#4299);
#3500=AXIS2_PLACEMENT_3D('',#5167,#4301,#4302);
#3501=AXIS2_PLACEMENT_3D('',#5169,#4304,#4305);
#3502=AXIS2_PLACEMENT_3D('',#5171,#4307,#4308);
#3503=AXIS2_PLACEMENT_3D('',#5180,#4313,#4314);
#3504=AXIS2_PLACEMENT_3D('',#5183,#4317,#4318);
#3505=AXIS2_PLACEMENT_3D('',#5185,#4320,#4321);
#3506=AXIS2_PLACEMENT_3D('',#5187,#4323,#4324);
#3507=AXIS2_PLACEMENT_3D('',#5188,#4325,#4326);
#3508=AXIS2_PLACEMENT_3D('',#5197,#4331,#4332);
#3509=AXIS2_PLACEMENT_3D('',#5203,#4336,#4337);
#3510=AXIS2_PLACEMENT_3D('',#5212,#4342,#4343);
#3511=AXIS2_PLACEMENT_3D('',#5218,#4347,#4348);
#3512=AXIS2_PLACEMENT_3D('',#5228,#4353,#4354);
#3513=AXIS2_PLACEMENT_3D('',#5230,#4355,#4356);
#3514=AXIS2_PLACEMENT_3D('',#5232,#4357,#4358);
#3515=AXIS2_PLACEMENT_3D('',#5234,#4359,#4360);
#3516=AXIS2_PLACEMENT_3D('',#5249,#4369,#4370);
#3517=AXIS2_PLACEMENT_3D('',#5253,#4373,#4374);
#3518=AXIS2_PLACEMENT_3D('',#5259,#4378,#4379);
#3519=AXIS2_PLACEMENT_3D('',#5263,#4382,#4383);
#3520=AXIS2_PLACEMENT_3D('',#5267,#4386,#4387);
#3521=AXIS2_PLACEMENT_3D('',#5271,#4390,#4391);
#3522=AXIS2_PLACEMENT_3D('',#5273,#4393,#4394);
#3523=AXIS2_PLACEMENT_3D('',#5275,#4396,#4397);
#3524=AXIS2_PLACEMENT_3D('',#5277,#4399,#4400);
#3525=AXIS2_PLACEMENT_3D('',#5279,#4401,#4402);
#3526=AXIS2_PLACEMENT_3D('',#5282,#4404,#4405);
#3527=AXIS2_PLACEMENT_3D('',#5283,#4406,#4407);
#3528=AXIS2_PLACEMENT_3D('',#5285,#4408,#4409);
#3529=AXIS2_PLACEMENT_3D('',#5286,#4410,#4411);
#3530=AXIS2_PLACEMENT_3D('',#5288,#4412,#4413);
#3531=AXIS2_PLACEMENT_3D('',#5291,#4415,#4416);
#3532=AXIS2_PLACEMENT_3D('',#5292,#4417,#4418);
#3533=AXIS2_PLACEMENT_3D('',#5294,#4419,#4420);
#3534=AXIS2_PLACEMENT_3D('',#5295,#4421,#4422);
#3535=AXIS2_PLACEMENT_3D('',#5297,#4423,#4424);
#3536=AXIS2_PLACEMENT_3D('',#5300,#4426,#4427);
#3537=AXIS2_PLACEMENT_3D('',#5301,#4428,#4429);
#3538=AXIS2_PLACEMENT_3D('',#5303,#4430,#4431);
#3539=AXIS2_PLACEMENT_3D('',#5304,#4432,#4433);
#3540=AXIS2_PLACEMENT_3D('',#5306,#4434,#4435);
#3541=AXIS2_PLACEMENT_3D('',#5309,#4437,#4438);
#3542=AXIS2_PLACEMENT_3D('',#5310,#4439,#4440);
#3543=AXIS2_PLACEMENT_3D('',#5312,#4441,#4442);
#3544=AXIS2_PLACEMENT_3D('',#5313,#4443,#4444);
#3545=AXIS2_PLACEMENT_3D('',#5315,#4446,#4447);
#3546=AXIS2_PLACEMENT_3D('',#5317,#4449,#4450);
#3547=AXIS2_PLACEMENT_3D('',#5319,#4452,#4453);
#3548=AXIS2_PLACEMENT_3D('',#5321,#4455,#4456);
#3549=AXIS2_PLACEMENT_3D('',#5338,#4465,#4466);
#3550=AXIS2_PLACEMENT_3D('',#5344,#4470,#4471);
#3551=AXIS2_PLACEMENT_3D('',#5348,#4474,#4475);
#3552=AXIS2_PLACEMENT_3D('',#5352,#4478,#4479);
#3553=AXIS2_PLACEMENT_3D('',#5354,#4481,#4482);
#3554=AXIS2_PLACEMENT_3D('',#5355,#4483,#4484);
#3555=AXIS2_PLACEMENT_3D('',#5358,#4487,#4488);
#3556=AXIS2_PLACEMENT_3D('',#5360,#4490,#4491);
#3557=AXIS2_PLACEMENT_3D('',#5362,#4493,#4494);
#3558=AXIS2_PLACEMENT_3D('',#5363,#4495,#4496);
#3559=DIRECTION('axis',(0.,0.,1.));
#3560=DIRECTION('refdir',(1.,0.,0.));
#3561=DIRECTION('axis',(0.,0.,1.));
#3562=DIRECTION('refdir',(1.,0.,0.));
#3563=DIRECTION('center_axis',(0.,-1.,0.));
#3564=DIRECTION('ref_axis',(-1.,0.,0.));
#3565=DIRECTION('',(0.,0.,1.));
#3566=DIRECTION('',(-1.,0.,0.));
#3567=DIRECTION('',(0.,0.,1.));
#3568=DIRECTION('',(-1.,0.,0.));
#3569=DIRECTION('center_axis',(1.,0.,0.));
#3570=DIRECTION('ref_axis',(0.,-1.,0.));
#3571=DIRECTION('',(0.,0.,1.));
#3572=DIRECTION('',(0.,-1.,0.));
#3573=DIRECTION('',(0.,-1.,0.));
#3574=DIRECTION('center_axis',(-1.,0.,0.));
#3575=DIRECTION('ref_axis',(0.,1.,0.));
#3576=DIRECTION('',(0.,1.,0.));
#3577=DIRECTION('',(0.,0.,1.));
#3578=DIRECTION('',(0.,1.,0.));
#3579=DIRECTION('center_axis',(0.,0.,1.));
#3580=DIRECTION('ref_axis',(1.,0.,0.));
#3581=DIRECTION('',(1.,0.,0.));
#3582=DIRECTION('center_axis',(0.,0.,-1.));
#3583=DIRECTION('ref_axis',(0.,-1.,0.));
#3584=DIRECTION('center_axis',(0.,0.,-1.));
#3585=DIRECTION('ref_axis',(0.,-1.,0.));
#3586=DIRECTION('center_axis',(0.,0.,-1.));
#3587=DIRECTION('ref_axis',(0.,-1.,0.));
#3588=DIRECTION('',(1.,0.,0.));
#3589=DIRECTION('center_axis',(0.,0.,-1.));
#3590=DIRECTION('ref_axis',(0.,1.,0.));
#3591=DIRECTION('',(-1.,0.,0.));
#3592=DIRECTION('center_axis',(0.,0.,-1.));
#3593=DIRECTION('ref_axis',(0.,-1.,0.));
#3594=DIRECTION('center_axis',(0.,0.,-1.));
#3595=DIRECTION('ref_axis',(0.,-1.,0.));
#3596=DIRECTION('center_axis',(0.,0.,-1.));
#3597=DIRECTION('ref_axis',(0.,-1.,0.));
#3598=DIRECTION('center_axis',(0.,0.,-1.));
#3599=DIRECTION('ref_axis',(0.,-1.,0.));
#3600=DIRECTION('center_axis',(0.,0.,-1.));
#3601=DIRECTION('ref_axis',(0.,-1.,0.));
#3602=DIRECTION('center_axis',(0.,0.,-1.));
#3603=DIRECTION('ref_axis',(0.,-1.,0.));
#3604=DIRECTION('center_axis',(0.,0.,-1.));
#3605=DIRECTION('ref_axis',(0.,-1.,0.));
#3606=DIRECTION('center_axis',(0.,0.,-1.));
#3607=DIRECTION('ref_axis',(0.,-1.,0.));
#3608=DIRECTION('center_axis',(0.,0.,-1.));
#3609=DIRECTION('ref_axis',(0.,-1.,0.));
#3610=DIRECTION('',(1.,0.,0.));
#3611=DIRECTION('center_axis',(0.,0.,-1.));
#3612=DIRECTION('ref_axis',(0.,1.,0.));
#3613=DIRECTION('',(-1.,0.,0.));
#3614=DIRECTION('center_axis',(0.,0.,-1.));
#3615=DIRECTION('ref_axis',(0.,-1.,0.));
#3616=DIRECTION('center_axis',(0.,0.,-1.));
#3617=DIRECTION('ref_axis',(3.5527136788E-14,-1.,0.));
#3618=DIRECTION('center_axis',(0.,0.,-1.));
#3619=DIRECTION('ref_axis',(0.,-1.,0.));
#3620=DIRECTION('center_axis',(0.,0.,-1.));
#3621=DIRECTION('ref_axis',(-3.552713678801E-14,-1.,0.));
#3622=DIRECTION('center_axis',(0.,0.,-1.));
#3623=DIRECTION('ref_axis',(0.,-1.,0.));
#3624=DIRECTION('center_axis',(0.,0.,-1.));
#3625=DIRECTION('ref_axis',(0.,-1.,0.));
#3626=DIRECTION('center_axis',(0.,0.,-1.));
#3627=DIRECTION('ref_axis',(0.,-1.,0.));
#3628=DIRECTION('center_axis',(0.,0.,-1.));
#3629=DIRECTION('ref_axis',(0.,-1.,0.));
#3630=DIRECTION('center_axis',(0.,0.,-1.));
#3631=DIRECTION('ref_axis',(0.,-1.,0.));
#3632=DIRECTION('center_axis',(0.,0.,-1.));
#3633=DIRECTION('ref_axis',(0.,-1.,0.));
#3634=DIRECTION('center_axis',(0.,0.,-1.));
#3635=DIRECTION('ref_axis',(0.,-1.,0.));
#3636=DIRECTION('',(1.,0.,0.));
#3637=DIRECTION('center_axis',(0.,0.,-1.));
#3638=DIRECTION('ref_axis',(0.,1.,0.));
#3639=DIRECTION('',(-1.,0.,0.));
#3640=DIRECTION('center_axis',(0.,0.,-1.));
#3641=DIRECTION('ref_axis',(0.,-1.,0.));
#3642=DIRECTION('center_axis',(0.,0.,-1.));
#3643=DIRECTION('ref_axis',(0.,-1.,0.));
#3644=DIRECTION('center_axis',(0.,0.,-1.));
#3645=DIRECTION('ref_axis',(0.,-1.,0.));
#3646=DIRECTION('center_axis',(0.,0.,-1.));
#3647=DIRECTION('ref_axis',(0.,-1.,0.));
#3648=DIRECTION('center_axis',(0.,0.,-1.));
#3649=DIRECTION('ref_axis',(0.,-1.,0.));
#3650=DIRECTION('center_axis',(0.,0.,-1.));
#3651=DIRECTION('ref_axis',(0.,-1.,0.));
#3652=DIRECTION('',(1.,0.,0.));
#3653=DIRECTION('center_axis',(0.,0.,-1.));
#3654=DIRECTION('ref_axis',(0.,1.,0.));
#3655=DIRECTION('',(-1.,0.,0.));
#3656=DIRECTION('center_axis',(0.,0.,-1.));
#3657=DIRECTION('ref_axis',(0.,-1.,0.));
#3658=DIRECTION('center_axis',(0.,0.,-1.));
#3659=DIRECTION('ref_axis',(0.,-1.,0.));
#3660=DIRECTION('center_axis',(0.,0.,-1.));
#3661=DIRECTION('ref_axis',(3.5527136788E-14,-1.,0.));
#3662=DIRECTION('center_axis',(0.,0.,-1.));
#3663=DIRECTION('ref_axis',(0.,-1.,0.));
#3664=DIRECTION('center_axis',(0.,0.,-1.));
#3665=DIRECTION('ref_axis',(-3.552713678801E-14,-1.,0.));
#3666=DIRECTION('center_axis',(0.,0.,-1.));
#3667=DIRECTION('ref_axis',(0.,-1.,0.));
#3668=DIRECTION('center_axis',(0.,0.,-1.));
#3669=DIRECTION('ref_axis',(0.,-1.,0.));
#3670=DIRECTION('center_axis',(0.,0.,-1.));
#3671=DIRECTION('ref_axis',(-3.343730521224E-14,-1.,0.));
#3672=DIRECTION('center_axis',(0.,0.,-1.));
#3673=DIRECTION('ref_axis',(0.,-1.,0.));
#3674=DIRECTION('center_axis',(0.,0.,-1.));
#3675=DIRECTION('ref_axis',(0.,-1.,0.));
#3676=DIRECTION('center_axis',(0.,0.,-1.));
#3677=DIRECTION('ref_axis',(3.343730521224E-14,-1.,0.));
#3678=DIRECTION('center_axis',(0.,0.,-1.));
#3679=DIRECTION('ref_axis',(0.,-1.,0.));
#3680=DIRECTION('center_axis',(0.,0.,-1.));
#3681=DIRECTION('ref_axis',(0.,-1.,0.));
#3682=DIRECTION('center_axis',(0.,0.,-1.));
#3683=DIRECTION('ref_axis',(0.,-1.,0.));
#3684=DIRECTION('center_axis',(0.,0.,-1.));
#3685=DIRECTION('ref_axis',(0.,-1.,0.));
#3686=DIRECTION('center_axis',(0.,0.,-1.));
#3687=DIRECTION('ref_axis',(0.,-1.,0.));
#3688=DIRECTION('center_axis',(0.,0.,-1.));
#3689=DIRECTION('ref_axis',(0.,-1.,0.));
#3690=DIRECTION('center_axis',(0.,0.,-1.));
#3691=DIRECTION('ref_axis',(0.,-1.,0.));
#3692=DIRECTION('center_axis',(0.,0.,-1.));
#3693=DIRECTION('ref_axis',(0.,-1.,0.));
#3694=DIRECTION('center_axis',(0.,0.,-1.));
#3695=DIRECTION('ref_axis',(0.,-1.,0.));
#3696=DIRECTION('center_axis',(0.,0.,-1.));
#3697=DIRECTION('ref_axis',(0.,-1.,0.));
#3698=DIRECTION('center_axis',(0.,0.,-1.));
#3699=DIRECTION('ref_axis',(0.,-1.,0.));
#3700=DIRECTION('center_axis',(0.,0.,-1.));
#3701=DIRECTION('ref_axis',(0.,-1.,0.));
#3702=DIRECTION('center_axis',(0.,0.,-1.));
#3703=DIRECTION('ref_axis',(0.,-1.,0.));
#3704=DIRECTION('center_axis',(0.,0.,-1.));
#3705=DIRECTION('ref_axis',(0.,-1.,0.));
#3706=DIRECTION('center_axis',(0.,0.,-1.));
#3707=DIRECTION('ref_axis',(0.,-1.,0.));
#3708=DIRECTION('center_axis',(0.,0.,-1.));
#3709=DIRECTION('ref_axis',(-3.343730521224E-14,-1.,0.));
#3710=DIRECTION('center_axis',(0.,0.,-1.));
#3711=DIRECTION('ref_axis',(0.,-1.,0.));
#3712=DIRECTION('center_axis',(0.,0.,-1.));
#3713=DIRECTION('ref_axis',(0.,-1.,0.));
#3714=DIRECTION('center_axis',(0.,0.,-1.));
#3715=DIRECTION('ref_axis',(3.343730521224E-14,-1.,0.));
#3716=DIRECTION('center_axis',(0.,0.,-1.));
#3717=DIRECTION('ref_axis',(0.,-1.,0.));
#3718=DIRECTION('center_axis',(0.,0.,-1.));
#3719=DIRECTION('ref_axis',(0.,-1.,0.));
#3720=DIRECTION('center_axis',(0.,0.,-1.));
#3721=DIRECTION('ref_axis',(0.,-1.,0.));
#3722=DIRECTION('center_axis',(0.,0.,-1.));
#3723=DIRECTION('ref_axis',(0.,-1.,0.));
#3724=DIRECTION('center_axis',(0.,0.,-1.));
#3725=DIRECTION('ref_axis',(0.,-1.,0.));
#3726=DIRECTION('center_axis',(0.,0.,1.));
#3727=DIRECTION('ref_axis',(1.,0.,0.));
#3728=DIRECTION('',(1.,0.,0.));
#3729=DIRECTION('center_axis',(0.,0.,-1.));
#3730=DIRECTION('ref_axis',(0.,-1.,0.));
#3731=DIRECTION('center_axis',(0.,0.,-1.));
#3732=DIRECTION('ref_axis',(0.,-1.,0.));
#3733=DIRECTION('center_axis',(0.,0.,-1.));
#3734=DIRECTION('ref_axis',(0.,-1.,0.));
#3735=DIRECTION('',(-1.,0.,0.));
#3736=DIRECTION('center_axis',(0.,0.,-1.));
#3737=DIRECTION('ref_axis',(0.,1.,0.));
#3738=DIRECTION('',(1.,0.,0.));
#3739=DIRECTION('center_axis',(0.,0.,-1.));
#3740=DIRECTION('ref_axis',(0.,-1.,0.));
#3741=DIRECTION('center_axis',(0.,0.,-1.));
#3742=DIRECTION('ref_axis',(0.,-1.,0.));
#3743=DIRECTION('center_axis',(0.,0.,-1.));
#3744=DIRECTION('ref_axis',(0.,-1.,0.));
#3745=DIRECTION('center_axis',(0.,0.,-1.));
#3746=DIRECTION('ref_axis',(0.,-1.,0.));
#3747=DIRECTION('center_axis',(0.,0.,-1.));
#3748=DIRECTION('ref_axis',(0.,-1.,0.));
#3749=DIRECTION('center_axis',(0.,0.,-1.));
#3750=DIRECTION('ref_axis',(0.,-1.,0.));
#3751=DIRECTION('center_axis',(0.,0.,-1.));
#3752=DIRECTION('ref_axis',(0.,-1.,0.));
#3753=DIRECTION('center_axis',(0.,0.,-1.));
#3754=DIRECTION('ref_axis',(0.,-1.,0.));
#3755=DIRECTION('center_axis',(0.,0.,-1.));
#3756=DIRECTION('ref_axis',(0.,-1.,0.));
#3757=DIRECTION('',(-1.,0.,0.));
#3758=DIRECTION('center_axis',(0.,0.,-1.));
#3759=DIRECTION('ref_axis',(0.,1.,0.));
#3760=DIRECTION('',(1.,0.,0.));
#3761=DIRECTION('center_axis',(0.,0.,-1.));
#3762=DIRECTION('ref_axis',(0.,-1.,0.));
#3763=DIRECTION('center_axis',(0.,0.,-1.));
#3764=DIRECTION('ref_axis',(3.5527136788E-14,-1.,0.));
#3765=DIRECTION('center_axis',(0.,0.,-1.));
#3766=DIRECTION('ref_axis',(0.,-1.,0.));
#3767=DIRECTION('center_axis',(0.,0.,-1.));
#3768=DIRECTION('ref_axis',(-3.552713678801E-14,-1.,0.));
#3769=DIRECTION('center_axis',(0.,0.,-1.));
#3770=DIRECTION('ref_axis',(0.,-1.,0.));
#3771=DIRECTION('center_axis',(0.,0.,-1.));
#3772=DIRECTION('ref_axis',(0.,-1.,0.));
#3773=DIRECTION('center_axis',(0.,0.,-1.));
#3774=DIRECTION('ref_axis',(0.,-1.,0.));
#3775=DIRECTION('center_axis',(0.,0.,-1.));
#3776=DIRECTION('ref_axis',(0.,-1.,0.));
#3777=DIRECTION('center_axis',(0.,0.,-1.));
#3778=DIRECTION('ref_axis',(0.,-1.,0.));
#3779=DIRECTION('center_axis',(0.,0.,-1.));
#3780=DIRECTION('ref_axis',(0.,-1.,0.));
#3781=DIRECTION('center_axis',(0.,0.,-1.));
#3782=DIRECTION('ref_axis',(0.,-1.,0.));
#3783=DIRECTION('',(-1.,0.,0.));
#3784=DIRECTION('center_axis',(0.,0.,-1.));
#3785=DIRECTION('ref_axis',(0.,1.,0.));
#3786=DIRECTION('',(1.,0.,0.));
#3787=DIRECTION('center_axis',(0.,0.,-1.));
#3788=DIRECTION('ref_axis',(0.,-1.,0.));
#3789=DIRECTION('center_axis',(0.,0.,-1.));
#3790=DIRECTION('ref_axis',(0.,-1.,0.));
#3791=DIRECTION('center_axis',(0.,0.,-1.));
#3792=DIRECTION('ref_axis',(0.,-1.,0.));
#3793=DIRECTION('center_axis',(0.,0.,-1.));
#3794=DIRECTION('ref_axis',(0.,-1.,0.));
#3795=DIRECTION('center_axis',(0.,0.,-1.));
#3796=DIRECTION('ref_axis',(0.,-1.,0.));
#3797=DIRECTION('center_axis',(0.,0.,-1.));
#3798=DIRECTION('ref_axis',(0.,-1.,0.));
#3799=DIRECTION('',(-1.,0.,0.));
#3800=DIRECTION('center_axis',(0.,0.,-1.));
#3801=DIRECTION('ref_axis',(0.,1.,0.));
#3802=DIRECTION('',(1.,0.,0.));
#3803=DIRECTION('center_axis',(0.,0.,-1.));
#3804=DIRECTION('ref_axis',(0.,-1.,0.));
#3805=DIRECTION('center_axis',(0.,0.,-1.));
#3806=DIRECTION('ref_axis',(0.,-1.,0.));
#3807=DIRECTION('center_axis',(0.,0.,-1.));
#3808=DIRECTION('ref_axis',(3.5527136788E-14,-1.,0.));
#3809=DIRECTION('center_axis',(0.,0.,-1.));
#3810=DIRECTION('ref_axis',(0.,-1.,0.));
#3811=DIRECTION('center_axis',(0.,0.,-1.));
#3812=DIRECTION('ref_axis',(-3.552713678801E-14,-1.,0.));
#3813=DIRECTION('center_axis',(0.,0.,-1.));
#3814=DIRECTION('ref_axis',(0.,-1.,0.));
#3815=DIRECTION('center_axis',(0.,0.,-1.));
#3816=DIRECTION('ref_axis',(0.,-1.,0.));
#3817=DIRECTION('center_axis',(0.,0.,-1.));
#3818=DIRECTION('ref_axis',(-3.343730521224E-14,-1.,0.));
#3819=DIRECTION('center_axis',(0.,0.,-1.));
#3820=DIRECTION('ref_axis',(0.,-1.,0.));
#3821=DIRECTION('center_axis',(0.,0.,-1.));
#3822=DIRECTION('ref_axis',(0.,-1.,0.));
#3823=DIRECTION('center_axis',(0.,0.,-1.));
#3824=DIRECTION('ref_axis',(3.343730521224E-14,-1.,0.));
#3825=DIRECTION('center_axis',(0.,0.,-1.));
#3826=DIRECTION('ref_axis',(0.,-1.,0.));
#3827=DIRECTION('center_axis',(0.,0.,-1.));
#3828=DIRECTION('ref_axis',(0.,-1.,0.));
#3829=DIRECTION('center_axis',(0.,0.,-1.));
#3830=DIRECTION('ref_axis',(0.,-1.,0.));
#3831=DIRECTION('center_axis',(0.,0.,-1.));
#3832=DIRECTION('ref_axis',(0.,-1.,0.));
#3833=DIRECTION('center_axis',(0.,0.,-1.));
#3834=DIRECTION('ref_axis',(0.,-1.,0.));
#3835=DIRECTION('center_axis',(0.,0.,-1.));
#3836=DIRECTION('ref_axis',(0.,-1.,0.));
#3837=DIRECTION('center_axis',(0.,0.,-1.));
#3838=DIRECTION('ref_axis',(0.,-1.,0.));
#3839=DIRECTION('center_axis',(0.,0.,-1.));
#3840=DIRECTION('ref_axis',(0.,-1.,0.));
#3841=DIRECTION('center_axis',(0.,0.,-1.));
#3842=DIRECTION('ref_axis',(0.,-1.,0.));
#3843=DIRECTION('center_axis',(0.,0.,-1.));
#3844=DIRECTION('ref_axis',(0.,-1.,0.));
#3845=DIRECTION('center_axis',(0.,0.,-1.));
#3846=DIRECTION('ref_axis',(0.,-1.,0.));
#3847=DIRECTION('center_axis',(0.,0.,-1.));
#3848=DIRECTION('ref_axis',(0.,-1.,0.));
#3849=DIRECTION('center_axis',(0.,0.,-1.));
#3850=DIRECTION('ref_axis',(0.,-1.,0.));
#3851=DIRECTION('center_axis',(0.,0.,-1.));
#3852=DIRECTION('ref_axis',(0.,-1.,0.));
#3853=DIRECTION('center_axis',(0.,0.,-1.));
#3854=DIRECTION('ref_axis',(0.,-1.,0.));
#3855=DIRECTION('center_axis',(0.,0.,-1.));
#3856=DIRECTION('ref_axis',(-3.343730521224E-14,-1.,0.));
#3857=DIRECTION('center_axis',(0.,0.,-1.));
#3858=DIRECTION('ref_axis',(0.,-1.,0.));
#3859=DIRECTION('center_axis',(0.,0.,-1.));
#3860=DIRECTION('ref_axis',(0.,-1.,0.));
#3861=DIRECTION('center_axis',(0.,0.,-1.));
#3862=DIRECTION('ref_axis',(3.343730521224E-14,-1.,0.));
#3863=DIRECTION('center_axis',(0.,0.,-1.));
#3864=DIRECTION('ref_axis',(0.,-1.,0.));
#3865=DIRECTION('center_axis',(0.,0.,-1.));
#3866=DIRECTION('ref_axis',(0.,-1.,0.));
#3867=DIRECTION('center_axis',(0.,0.,-1.));
#3868=DIRECTION('ref_axis',(0.,-1.,0.));
#3869=DIRECTION('center_axis',(0.,0.,-1.));
#3870=DIRECTION('ref_axis',(0.,-1.,0.));
#3871=DIRECTION('center_axis',(0.,0.,-1.));
#3872=DIRECTION('ref_axis',(0.,-1.,0.));
#3873=DIRECTION('center_axis',(0.,1.,0.));
#3874=DIRECTION('ref_axis',(1.,0.,0.));
#3875=DIRECTION('center_axis',(0.,0.,-1.));
#3876=DIRECTION('ref_axis',(0.,-1.,0.));
#3877=DIRECTION('',(0.,0.,-1.));
#3878=DIRECTION('center_axis',(0.,0.,-1.));
#3879=DIRECTION('ref_axis',(0.,-1.,0.));
#3880=DIRECTION('',(0.,0.,-1.));
#3881=DIRECTION('center_axis',(0.,0.,-1.));
#3882=DIRECTION('ref_axis',(0.,-1.,0.));
#3883=DIRECTION('',(0.,0.,1.));
#3884=DIRECTION('',(0.,0.,1.));
#3885=DIRECTION('center_axis',(0.,-1.,0.));
#3886=DIRECTION('ref_axis',(-1.,0.,0.));
#3887=DIRECTION('',(0.,0.,1.));
#3888=DIRECTION('center_axis',(0.,0.,-1.));
#3889=DIRECTION('ref_axis',(0.,1.,0.));
#3890=DIRECTION('',(0.,0.,1.));
#3891=DIRECTION('center_axis',(0.,1.,0.));
#3892=DIRECTION('ref_axis',(1.,0.,0.));
#3893=DIRECTION('center_axis',(0.,0.,-1.));
#3894=DIRECTION('ref_axis',(0.,-1.,0.));
#3895=DIRECTION('',(0.,0.,-1.));
#3896=DIRECTION('center_axis',(0.,0.,-1.));
#3897=DIRECTION('ref_axis',(0.,-1.,0.));
#3898=DIRECTION('',(0.,0.,-1.));
#3899=DIRECTION('center_axis',(0.,0.,-1.));
#3900=DIRECTION('ref_axis',(0.,-1.,0.));
#3901=DIRECTION('',(0.,0.,-1.));
#3902=DIRECTION('center_axis',(0.,0.,-1.));
#3903=DIRECTION('ref_axis',(0.,-1.,0.));
#3904=DIRECTION('',(0.,0.,-1.));
#3905=DIRECTION('center_axis',(0.,0.,-1.));
#3906=DIRECTION('ref_axis',(0.,-1.,0.));
#3907=DIRECTION('',(0.,0.,-1.));
#3908=DIRECTION('center_axis',(0.,0.,-1.));
#3909=DIRECTION('ref_axis',(0.,-1.,0.));
#3910=DIRECTION('',(0.,0.,-1.));
#3911=DIRECTION('center_axis',(0.,0.,-1.));
#3912=DIRECTION('ref_axis',(0.,-1.,0.));
#3913=DIRECTION('',(0.,0.,-1.));
#3914=DIRECTION('center_axis',(0.,0.,-1.));
#3915=DIRECTION('ref_axis',(0.,-1.,0.));
#3916=DIRECTION('',(0.,0.,-1.));
#3917=DIRECTION('center_axis',(0.,0.,-1.));
#3918=DIRECTION('ref_axis',(0.,-1.,0.));
#3919=DIRECTION('',(0.,0.,1.));
#3920=DIRECTION('',(0.,0.,1.));
#3921=DIRECTION('center_axis',(0.,-1.,0.));
#3922=DIRECTION('ref_axis',(-1.,0.,0.));
#3923=DIRECTION('',(0.,0.,1.));
#3924=DIRECTION('center_axis',(0.,0.,-1.));
#3925=DIRECTION('ref_axis',(0.,1.,0.));
#3926=DIRECTION('',(0.,0.,1.));
#3927=DIRECTION('center_axis',(0.,1.,0.));
#3928=DIRECTION('ref_axis',(1.,0.,0.));
#3929=DIRECTION('center_axis',(0.,0.,-1.));
#3930=DIRECTION('ref_axis',(0.,-1.,0.));
#3931=DIRECTION('',(0.,0.,-1.));
#3932=DIRECTION('center_axis',(0.,0.,-1.));
#3933=DIRECTION('ref_axis',(3.5527136788E-14,-1.,0.));
#3934=DIRECTION('',(0.,0.,-1.));
#3935=DIRECTION('center_axis',(0.,0.,-1.));
#3936=DIRECTION('ref_axis',(0.,-1.,0.));
#3937=DIRECTION('',(0.,0.,-1.));
#3938=DIRECTION('center_axis',(0.,0.,-1.));
#3939=DIRECTION('ref_axis',(-3.552713678801E-14,-1.,0.));
#3940=DIRECTION('',(0.,0.,-1.));
#3941=DIRECTION('center_axis',(0.,0.,-1.));
#3942=DIRECTION('ref_axis',(0.,-1.,0.));
#3943=DIRECTION('',(0.,0.,-1.));
#3944=DIRECTION('center_axis',(0.,0.,-1.));
#3945=DIRECTION('ref_axis',(0.,-1.,0.));
#3946=DIRECTION('',(0.,0.,-1.));
#3947=DIRECTION('center_axis',(0.,0.,-1.));
#3948=DIRECTION('ref_axis',(0.,-1.,0.));
#3949=DIRECTION('',(0.,0.,-1.));
#3950=DIRECTION('center_axis',(0.,0.,-1.));
#3951=DIRECTION('ref_axis',(0.,-1.,0.));
#3952=DIRECTION('',(0.,0.,-1.));
#3953=DIRECTION('center_axis',(0.,0.,-1.));
#3954=DIRECTION('ref_axis',(0.,-1.,0.));
#3955=DIRECTION('',(0.,0.,-1.));
#3956=DIRECTION('center_axis',(0.,0.,-1.));
#3957=DIRECTION('ref_axis',(0.,-1.,0.));
#3958=DIRECTION('',(0.,0.,-1.));
#3959=DIRECTION('center_axis',(0.,0.,-1.));
#3960=DIRECTION('ref_axis',(0.,-1.,0.));
#3961=DIRECTION('',(0.,0.,1.));
#3962=DIRECTION('',(0.,0.,1.));
#3963=DIRECTION('center_axis',(0.,-1.,0.));
#3964=DIRECTION('ref_axis',(-1.,0.,0.));
#3965=DIRECTION('',(0.,0.,1.));
#3966=DIRECTION('center_axis',(0.,0.,-1.));
#3967=DIRECTION('ref_axis',(0.,1.,0.));
#3968=DIRECTION('',(0.,0.,1.));
#3969=DIRECTION('center_axis',(0.,1.,0.));
#3970=DIRECTION('ref_axis',(1.,0.,0.));
#3971=DIRECTION('center_axis',(0.,0.,-1.));
#3972=DIRECTION('ref_axis',(0.,-1.,0.));
#3973=DIRECTION('',(0.,0.,-1.));
#3974=DIRECTION('center_axis',(0.,0.,-1.));
#3975=DIRECTION('ref_axis',(0.,-1.,0.));
#3976=DIRECTION('',(0.,0.,-1.));
#3977=DIRECTION('center_axis',(0.,0.,-1.));
#3978=DIRECTION('ref_axis',(0.,-1.,0.));
#3979=DIRECTION('',(0.,0.,-1.));
#3980=DIRECTION('center_axis',(0.,0.,-1.));
#3981=DIRECTION('ref_axis',(0.,-1.,0.));
#3982=DIRECTION('',(0.,0.,-1.));
#3983=DIRECTION('center_axis',(0.,0.,-1.));
#3984=DIRECTION('ref_axis',(0.,-1.,0.));
#3985=DIRECTION('',(0.,0.,-1.));
#3986=DIRECTION('center_axis',(0.,0.,-1.));
#3987=DIRECTION('ref_axis',(0.,-1.,0.));
#3988=DIRECTION('',(0.,0.,1.));
#3989=DIRECTION('',(0.,0.,1.));
#3990=DIRECTION('center_axis',(0.,-1.,0.));
#3991=DIRECTION('ref_axis',(-1.,0.,0.));
#3992=DIRECTION('',(0.,0.,1.));
#3993=DIRECTION('center_axis',(0.,0.,-1.));
#3994=DIRECTION('ref_axis',(0.,1.,0.));
#3995=DIRECTION('',(0.,0.,1.));
#3996=DIRECTION('center_axis',(0.,1.,0.));
#3997=DIRECTION('ref_axis',(1.,0.,0.));
#3998=DIRECTION('center_axis',(0.,0.,-1.));
#3999=DIRECTION('ref_axis',(0.,-1.,0.));
#4000=DIRECTION('',(0.,0.,-1.));
#4001=DIRECTION('center_axis',(0.,0.,-1.));
#4002=DIRECTION('ref_axis',(0.,-1.,0.));
#4003=DIRECTION('',(0.,0.,-1.));
#4004=DIRECTION('center_axis',(0.,0.,-1.));
#4005=DIRECTION('ref_axis',(3.5527136788E-14,-1.,0.));
#4006=DIRECTION('',(0.,0.,-1.));
#4007=DIRECTION('center_axis',(0.,0.,-1.));
#4008=DIRECTION('ref_axis',(0.,-1.,0.));
#4009=DIRECTION('',(0.,0.,-1.));
#4010=DIRECTION('center_axis',(0.,0.,-1.));
#4011=DIRECTION('ref_axis',(-3.552713678801E-14,-1.,0.));
#4012=DIRECTION('',(0.,0.,-1.));
#4013=DIRECTION('center_axis',(0.,0.,-1.));
#4014=DIRECTION('ref_axis',(0.,-1.,0.));
#4015=DIRECTION('',(0.,0.,-1.));
#4016=DIRECTION('center_axis',(0.,0.,-1.));
#4017=DIRECTION('ref_axis',(0.,-1.,0.));
#4018=DIRECTION('',(0.,0.,-1.));
#4019=DIRECTION('center_axis',(0.,0.,-1.));
#4020=DIRECTION('ref_axis',(-3.343730521224E-14,-1.,0.));
#4021=DIRECTION('',(0.,0.,-1.));
#4022=DIRECTION('center_axis',(0.,0.,-1.));
#4023=DIRECTION('ref_axis',(0.,-1.,0.));
#4024=DIRECTION('',(0.,0.,-1.));
#4025=DIRECTION('center_axis',(0.,0.,-1.));
#4026=DIRECTION('ref_axis',(0.,-1.,0.));
#4027=DIRECTION('',(0.,0.,-1.));
#4028=DIRECTION('center_axis',(0.,0.,-1.));
#4029=DIRECTION('ref_axis',(3.343730521224E-14,-1.,0.));
#4030=DIRECTION('',(0.,0.,-1.));
#4031=DIRECTION('center_axis',(0.,0.,-1.));
#4032=DIRECTION('ref_axis',(0.,-1.,0.));
#4033=DIRECTION('',(0.,0.,-1.));
#4034=DIRECTION('center_axis',(0.,0.,-1.));
#4035=DIRECTION('ref_axis',(0.,-1.,0.));
#4036=DIRECTION('',(0.,0.,-1.));
#4037=DIRECTION('center_axis',(0.,0.,-1.));
#4038=DIRECTION('ref_axis',(0.,-1.,0.));
#4039=DIRECTION('',(0.,0.,-1.));
#4040=DIRECTION('center_axis',(0.,0.,-1.));
#4041=DIRECTION('ref_axis',(0.,-1.,0.));
#4042=DIRECTION('',(0.,0.,-1.));
#4043=DIRECTION('center_axis',(0.,0.,-1.));
#4044=DIRECTION('ref_axis',(0.,-1.,0.));
#4045=DIRECTION('',(0.,0.,-1.));
#4046=DIRECTION('center_axis',(0.,0.,-1.));
#4047=DIRECTION('ref_axis',(0.,-1.,0.));
#4048=DIRECTION('',(0.,0.,-1.));
#4049=DIRECTION('center_axis',(0.,0.,-1.));
#4050=DIRECTION('ref_axis',(0.,-1.,0.));
#4051=DIRECTION('',(0.,0.,-1.));
#4052=DIRECTION('center_axis',(0.,0.,-1.));
#4053=DIRECTION('ref_axis',(0.,-1.,0.));
#4054=DIRECTION('',(0.,0.,-1.));
#4055=DIRECTION('center_axis',(0.,0.,-1.));
#4056=DIRECTION('ref_axis',(0.,-1.,0.));
#4057=DIRECTION('',(0.,0.,-1.));
#4058=DIRECTION('center_axis',(0.,0.,-1.));
#4059=DIRECTION('ref_axis',(0.,-1.,0.));
#4060=DIRECTION('',(0.,0.,-1.));
#4061=DIRECTION('center_axis',(0.,0.,-1.));
#4062=DIRECTION('ref_axis',(0.,-1.,0.));
#4063=DIRECTION('',(0.,0.,-1.));
#4064=DIRECTION('center_axis',(0.,0.,-1.));
#4065=DIRECTION('ref_axis',(0.,-1.,0.));
#4066=DIRECTION('',(0.,0.,-1.));
#4067=DIRECTION('center_axis',(0.,0.,-1.));
#4068=DIRECTION('ref_axis',(0.,-1.,0.));
#4069=DIRECTION('',(0.,0.,-1.));
#4070=DIRECTION('center_axis',(0.,0.,-1.));
#4071=DIRECTION('ref_axis',(0.,-1.,0.));
#4072=DIRECTION('',(0.,0.,-1.));
#4073=DIRECTION('center_axis',(0.,0.,-1.));
#4074=DIRECTION('ref_axis',(0.,-1.,0.));
#4075=DIRECTION('',(0.,0.,-1.));
#4076=DIRECTION('center_axis',(0.,0.,-1.));
#4077=DIRECTION('ref_axis',(-3.343730521224E-14,-1.,0.));
#4078=DIRECTION('',(0.,0.,-1.));
#4079=DIRECTION('center_axis',(0.,0.,-1.));
#4080=DIRECTION('ref_axis',(0.,-1.,0.));
#4081=DIRECTION('',(0.,0.,-1.));
#4082=DIRECTION('center_axis',(0.,0.,-1.));
#4083=DIRECTION('ref_axis',(0.,-1.,0.));
#4084=DIRECTION('',(0.,0.,-1.));
#4085=DIRECTION('center_axis',(0.,0.,-1.));
#4086=DIRECTION('ref_axis',(3.343730521224E-14,-1.,0.));
#4087=DIRECTION('',(0.,0.,-1.));
#4088=DIRECTION('center_axis',(0.,0.,-1.));
#4089=DIRECTION('ref_axis',(0.,-1.,0.));
#4090=DIRECTION('',(0.,0.,-1.));
#4091=DIRECTION('center_axis',(0.,0.,-1.));
#4092=DIRECTION('ref_axis',(0.,-1.,0.));
#4093=DIRECTION('',(0.,0.,-1.));
#4094=DIRECTION('center_axis',(0.,0.,-1.));
#4095=DIRECTION('ref_axis',(0.,-1.,0.));
#4096=DIRECTION('',(0.,0.,-1.));
#4097=DIRECTION('center_axis',(0.,0.,-1.));
#4098=DIRECTION('ref_axis',(0.,-1.,0.));
#4099=DIRECTION('',(0.,0.,-1.));
#4100=DIRECTION('center_axis',(0.,0.,-1.));
#4101=DIRECTION('ref_axis',(0.,-1.,0.));
#4102=DIRECTION('',(0.,0.,-1.));
#4103=DIRECTION('center_axis',(0.,0.,-1.));
#4104=DIRECTION('ref_axis',(-1.,1.027786020868E-13,0.));
#4105=DIRECTION('center_axis',(0.,0.,-1.));
#4106=DIRECTION('ref_axis',(-1.,0.,0.));
#4107=DIRECTION('',(-1.22464679914735E-16,1.26017462044705E-29,-1.));
#4108=DIRECTION('center_axis',(0.,0.,-1.));
#4109=DIRECTION('ref_axis',(-1.,1.027786020868E-13,0.));
#4110=DIRECTION('center_axis',(0.,0.,1.));
#4111=DIRECTION('ref_axis',(-1.,0.,0.));
#4112=DIRECTION('center_axis',(0.,0.,-1.));
#4113=DIRECTION('ref_axis',(-1.,1.02778602086803E-13,0.));
#4114=DIRECTION('center_axis',(0.,0.,-1.));
#4115=DIRECTION('ref_axis',(-1.,0.,0.));
#4116=DIRECTION('',(-1.22464679914735E-16,1.26017462044709E-29,-1.));
#4117=DIRECTION('center_axis',(0.,0.,-1.));
#4118=DIRECTION('ref_axis',(-1.,1.02778602086803E-13,0.));
#4119=DIRECTION('center_axis',(0.,0.,1.));
#4120=DIRECTION('ref_axis',(-1.,0.,0.));
#4121=DIRECTION('center_axis',(0.,0.,-1.));
#4122=DIRECTION('ref_axis',(-1.,1.02778602086803E-13,0.));
#4123=DIRECTION('center_axis',(0.,0.,-1.));
#4124=DIRECTION('ref_axis',(-1.,0.,0.));
#4125=DIRECTION('',(-1.22464679914735E-16,1.26017462044709E-29,-1.));
#4126=DIRECTION('center_axis',(0.,0.,-1.));
#4127=DIRECTION('ref_axis',(-1.,1.02778602086803E-13,0.));
#4128=DIRECTION('center_axis',(0.,0.,1.));
#4129=DIRECTION('ref_axis',(-1.,0.,0.));
#4130=DIRECTION('center_axis',(0.,0.,-1.));
#4131=DIRECTION('ref_axis',(-1.,1.37038136115738E-13,0.));
#4132=DIRECTION('center_axis',(0.,0.,-1.));
#4133=DIRECTION('ref_axis',(-1.,0.,0.));
#4134=DIRECTION('',(-1.22464679914735E-16,1.67973290733524E-29,-1.));
#4135=DIRECTION('center_axis',(0.,0.,-1.));
#4136=DIRECTION('ref_axis',(-1.,1.37038136115738E-13,0.));
#4137=DIRECTION('center_axis',(0.,0.,1.));
#4138=DIRECTION('ref_axis',(-1.,0.,0.));
#4139=DIRECTION('center_axis',(0.,0.,-1.));
#4140=DIRECTION('ref_axis',(-1.,5.13893010434017E-14,0.));
#4141=DIRECTION('center_axis',(0.,0.,-1.));
#4142=DIRECTION('ref_axis',(-1.,0.,0.));
#4143=DIRECTION('',(-1.22464679914735E-16,6.30837190114878E-30,-1.));
#4144=DIRECTION('center_axis',(0.,0.,-1.));
#4145=DIRECTION('ref_axis',(-1.,5.13893010434017E-14,0.));
#4146=DIRECTION('center_axis',(0.,0.,1.));
#4147=DIRECTION('ref_axis',(-1.,0.,0.));
#4148=DIRECTION('center_axis',(0.,0.,-1.));
#4149=DIRECTION('ref_axis',(1.,0.,0.));
#4150=DIRECTION('center_axis',(0.,0.,1.));
#4151=DIRECTION('ref_axis',(1.,0.,0.));
#4152=DIRECTION('center_axis',(0.,0.,-1.));
#4153=DIRECTION('ref_axis',(-1.,5.99541845506363E-14,0.));
#4154=DIRECTION('center_axis',(0.,0.,-1.));
#4155=DIRECTION('ref_axis',(-1.,0.,0.));
#4156=DIRECTION('',(-1.22464679914735E-16,7.35726761836927E-30,-1.));
#4157=DIRECTION('center_axis',(0.,0.,-1.));
#4158=DIRECTION('ref_axis',(-1.,5.99541845506363E-14,0.));
#4159=DIRECTION('center_axis',(0.,0.,1.));
#4160=DIRECTION('ref_axis',(-1.,0.,0.));
#4161=DIRECTION('center_axis',(0.,0.,-1.));
#4162=DIRECTION('ref_axis',(1.,0.,0.));
#4163=DIRECTION('center_axis',(0.,0.,1.));
#4164=DIRECTION('ref_axis',(1.,0.,0.));
#4165=DIRECTION('center_axis',(0.,0.,1.));
#4166=DIRECTION('ref_axis',(-1.,0.,0.));
#4167=DIRECTION('',(-1.,0.,0.));
#4168=DIRECTION('center_axis',(0.,0.,1.));
#4169=DIRECTION('ref_axis',(-1.,0.,0.));
#4170=DIRECTION('',(0.,1.,0.));
#4171=DIRECTION('center_axis',(1.,0.,0.));
#4172=DIRECTION('ref_axis',(0.,1.,0.));
#4173=DIRECTION('',(0.,0.,-1.));
#4174=DIRECTION('',(0.,1.,0.));
#4175=DIRECTION('',(0.,0.,1.));
#4176=DIRECTION('',(0.,1.,0.));
#4177=DIRECTION('',(0.,0.,-1.));
#4178=DIRECTION('',(0.,1.,0.));
#4179=DIRECTION('',(0.,0.,-1.));
#4180=DIRECTION('center_axis',(0.,0.,1.));
#4181=DIRECTION('ref_axis',(-1.,0.,0.));
#4182=DIRECTION('center_axis',(0.,0.,1.));
#4183=DIRECTION('ref_axis',(-1.,0.,0.));
#4184=DIRECTION('',(0.,-1.,0.));
#4185=DIRECTION('',(1.,0.,0.));
#4186=DIRECTION('center_axis',(0.,-1.,0.));
#4187=DIRECTION('ref_axis',(1.,0.,0.));
#4188=DIRECTION('',(0.,0.,1.));
#4189=DIRECTION('',(0.,0.,-1.));
#4190=DIRECTION('',(1.,0.,0.));
#4191=DIRECTION('',(1.,0.,0.));
#4192=DIRECTION('',(0.,0.,-1.));
#4193=DIRECTION('',(1.,0.,0.));
#4194=DIRECTION('',(1.,0.,0.));
#4195=DIRECTION('',(0.,0.,-1.));
#4196=DIRECTION('',(-1.,0.,0.));
#4197=DIRECTION('',(0.,0.,1.));
#4198=DIRECTION('center_axis',(0.,0.,1.));
#4199=DIRECTION('ref_axis',(-1.,0.,0.));
#4200=DIRECTION('',(0.,-1.,0.));
#4201=DIRECTION('center_axis',(0.,0.,1.));
#4202=DIRECTION('ref_axis',(-1.,0.,0.));
#4203=DIRECTION('',(-1.,0.,0.));
#4204=DIRECTION('center_axis',(-1.,0.,0.));
#4205=DIRECTION('ref_axis',(0.,-1.,0.));
#4206=DIRECTION('',(0.,0.,-1.));
#4207=DIRECTION('',(0.,-1.,0.));
#4208=DIRECTION('',(0.,0.,1.));
#4209=DIRECTION('',(0.,0.,1.));
#4210=DIRECTION('',(0.,-1.,0.));
#4211=DIRECTION('center_axis',(0.,1.,0.));
#4212=DIRECTION('ref_axis',(-1.,0.,0.));
#4213=DIRECTION('',(-1.,0.,0.));
#4214=DIRECTION('',(0.,0.,-1.));
#4215=DIRECTION('',(-1.,0.,0.));
#4216=DIRECTION('',(0.,0.,1.));
#4217=DIRECTION('center_axis',(0.,0.,-1.));
#4218=DIRECTION('ref_axis',(1.,0.,0.));
#4219=DIRECTION('center_axis',(0.,0.,1.));
#4220=DIRECTION('ref_axis',(1.,0.,0.));
#4221=DIRECTION('center_axis',(0.,0.,-1.));
#4222=DIRECTION('ref_axis',(-1.,0.,0.));
#4223=DIRECTION('center_axis',(0.,0.,-1.));
#4224=DIRECTION('ref_axis',(1.,0.,0.));
#4225=DIRECTION('center_axis',(0.,0.,1.));
#4226=DIRECTION('ref_axis',(1.,0.,0.));
#4227=DIRECTION('center_axis',(0.,0.,-1.));
#4228=DIRECTION('ref_axis',(-1.,0.,0.));
#4229=DIRECTION('center_axis',(0.,0.,1.));
#4230=DIRECTION('ref_axis',(-1.,0.,0.));
#4231=DIRECTION('center_axis',(0.,0.,1.));
#4232=DIRECTION('ref_axis',(-1.,0.,0.));
#4233=DIRECTION('center_axis',(0.,0.,1.));
#4234=DIRECTION('ref_axis',(1.,0.,0.));
#4235=DIRECTION('',(0.,1.,0.));
#4236=DIRECTION('',(-1.,0.,0.));
#4237=DIRECTION('',(0.,-1.,0.));
#4238=DIRECTION('',(1.,0.,0.));
#4239=DIRECTION('center_axis',(1.,0.,0.));
#4240=DIRECTION('ref_axis',(0.,0.,-1.));
#4241=DIRECTION('',(0.,0.,1.));
#4242=DIRECTION('',(0.,1.,0.));
#4243=DIRECTION('',(0.,1.,0.));
#4244=DIRECTION('center_axis',(-1.,0.,0.));
#4245=DIRECTION('ref_axis',(0.,0.,1.));
#4246=DIRECTION('',(0.,0.,-1.));
#4247=DIRECTION('',(0.,1.,0.));
#4248=DIRECTION('',(0.,1.,0.));
#4249=DIRECTION('center_axis',(0.,0.,-1.));
#4250=DIRECTION('ref_axis',(-1.,0.,0.));
#4251=DIRECTION('',(1.,0.,0.));
#4252=DIRECTION('center_axis',(0.,0.,1.));
#4253=DIRECTION('ref_axis',(1.,0.,0.));
#4254=DIRECTION('',(-1.,0.,0.));
#4255=DIRECTION('center_axis',(0.,0.,1.));
#4256=DIRECTION('ref_axis',(-1.,0.,0.));
#4257=DIRECTION('center_axis',(0.,0.,-1.));
#4258=DIRECTION('ref_axis',(-1.,0.,0.));
#4259=DIRECTION('center_axis',(0.,0.,1.));
#4260=DIRECTION('ref_axis',(0.,1.,0.));
#4261=DIRECTION('center_axis',(0.,0.,-1.));
#4262=DIRECTION('ref_axis',(-1.,0.,0.));
#4263=DIRECTION('center_axis',(0.,0.,-1.));
#4264=DIRECTION('ref_axis',(-1.,0.,0.));
#4265=DIRECTION('center_axis',(0.,0.,-1.));
#4266=DIRECTION('ref_axis',(-1.,0.,0.));
#4267=DIRECTION('center_axis',(0.,0.,-1.));
#4268=DIRECTION('ref_axis',(1.,0.,0.));
#4269=DIRECTION('center_axis',(0.,0.,-1.));
#4270=DIRECTION('ref_axis',(1.,0.,0.));
#4271=DIRECTION('center_axis',(0.,0.,-1.));
#4272=DIRECTION('ref_axis',(1.,0.,0.));
#4273=DIRECTION('center_axis',(0.,0.,-1.));
#4274=DIRECTION('ref_axis',(1.,0.,0.));
#4275=DIRECTION('center_axis',(0.,0.,1.));
#4276=DIRECTION('ref_axis',(-1.,0.,0.));
#4277=DIRECTION('center_axis',(0.,0.,1.));
#4278=DIRECTION('ref_axis',(-1.,0.,0.));
#4279=DIRECTION('center_axis',(0.,0.,1.));
#4280=DIRECTION('ref_axis',(-1.,0.,0.));
#4281=DIRECTION('center_axis',(0.,0.,-1.));
#4282=DIRECTION('ref_axis',(-1.,0.,0.));
#4283=DIRECTION('',(0.,0.,-1.));
#4284=DIRECTION('center_axis',(0.,0.,-1.));
#4285=DIRECTION('ref_axis',(-1.,0.,0.));
#4286=DIRECTION('center_axis',(0.,0.,1.));
#4287=DIRECTION('ref_axis',(-1.,0.,0.));
#4288=DIRECTION('center_axis',(0.,0.,-1.));
#4289=DIRECTION('ref_axis',(-1.,0.,0.));
#4290=DIRECTION('',(0.,0.,-1.));
#4291=DIRECTION('center_axis',(0.,0.,-1.));
#4292=DIRECTION('ref_axis',(-1.,0.,0.));
#4293=DIRECTION('center_axis',(0.,0.,1.));
#4294=DIRECTION('ref_axis',(-1.,0.,0.));
#4295=DIRECTION('center_axis',(0.,0.,-1.));
#4296=DIRECTION('ref_axis',(1.,0.,0.));
#4297=DIRECTION('',(0.,0.,1.));
#4298=DIRECTION('center_axis',(0.,0.,-1.));
#4299=DIRECTION('ref_axis',(1.,0.,0.));
#4300=DIRECTION('',(0.,0.,1.));
#4301=DIRECTION('center_axis',(0.,0.,-1.));
#4302=DIRECTION('ref_axis',(1.,0.,0.));
#4303=DIRECTION('',(0.,0.,1.));
#4304=DIRECTION('center_axis',(0.,0.,-1.));
#4305=DIRECTION('ref_axis',(1.,0.,0.));
#4306=DIRECTION('',(0.,0.,1.));
#4307=DIRECTION('center_axis',(0.,0.,-1.));
#4308=DIRECTION('ref_axis',(-1.,0.,0.));
#4309=DIRECTION('',(0.,-1.,0.));
#4310=DIRECTION('',(-1.,0.,0.));
#4311=DIRECTION('',(0.,1.,0.));
#4312=DIRECTION('',(1.,0.,0.));
#4313=DIRECTION('center_axis',(0.,-1.,0.));
#4314=DIRECTION('ref_axis',(1.,0.,0.));
#4315=DIRECTION('',(0.,0.,-1.));
#4316=DIRECTION('',(0.,0.,-1.));
#4317=DIRECTION('center_axis',(-1.,0.,0.));
#4318=DIRECTION('ref_axis',(0.,-1.,0.));
#4319=DIRECTION('',(0.,0.,-1.));
#4320=DIRECTION('center_axis',(0.,1.,0.));
#4321=DIRECTION('ref_axis',(-1.,0.,0.));
#4322=DIRECTION('',(0.,0.,1.));
#4323=DIRECTION('center_axis',(1.,0.,0.));
#4324=DIRECTION('ref_axis',(0.,1.,0.));
#4325=DIRECTION('center_axis',(0.,1.,0.));
#4326=DIRECTION('ref_axis',(1.,0.,0.));
#4327=DIRECTION('',(0.,0.,-1.));
#4328=DIRECTION('',(1.,0.,0.));
#4329=DIRECTION('',(0.,0.,-1.));
#4330=DIRECTION('',(-1.,0.,0.));
#4331=DIRECTION('center_axis',(-1.,0.,0.));
#4332=DIRECTION('ref_axis',(0.,1.,0.));
#4333=DIRECTION('',(0.,-1.,0.));
#4334=DIRECTION('',(0.,1.,0.));
#4335=DIRECTION('',(0.,0.,1.));
#4336=DIRECTION('center_axis',(1.,0.,0.));
#4337=DIRECTION('ref_axis',(0.,-1.,0.));
#4338=DIRECTION('',(0.,0.,1.));
#4339=DIRECTION('',(0.,1.,0.));
#4340=DIRECTION('',(0.,0.,-1.));
#4341=DIRECTION('',(0.,-1.,0.));
#4342=DIRECTION('center_axis',(0.,1.,0.));
#4343=DIRECTION('ref_axis',(-1.,0.,0.));
#4344=DIRECTION('',(1.,0.,0.));
#4345=DIRECTION('',(0.,0.,1.));
#4346=DIRECTION('',(-1.,0.,0.));
#4347=DIRECTION('center_axis',(0.,0.,-1.));
#4348=DIRECTION('ref_axis',(-1.,0.,0.));
#4349=DIRECTION('',(0.,-1.,0.));
#4350=DIRECTION('',(-1.,0.,0.));
#4351=DIRECTION('',(0.,1.,0.));
#4352=DIRECTION('',(1.,0.,0.));
#4353=DIRECTION('center_axis',(0.,0.,1.));
#4354=DIRECTION('ref_axis',(-1.,0.,0.));
#4355=DIRECTION('center_axis',(0.,0.,1.));
#4356=DIRECTION('ref_axis',(-1.,0.,0.));
#4357=DIRECTION('center_axis',(0.,0.,1.));
#4358=DIRECTION('ref_axis',(-1.,0.,0.));
#4359=DIRECTION('center_axis',(0.,0.,1.));
#4360=DIRECTION('ref_axis',(-1.,0.,0.));
#4361=DIRECTION('',(0.,-1.,0.));
#4362=DIRECTION('',(1.,0.,0.));
#4363=DIRECTION('',(0.,1.,0.));
#4364=DIRECTION('',(-1.,0.,0.));
#4365=DIRECTION('',(1.,0.,0.));
#4366=DIRECTION('',(0.,1.,0.));
#4367=DIRECTION('',(-1.,0.,0.));
#4368=DIRECTION('',(0.,-1.,0.));
#4369=DIRECTION('center_axis',(0.,-1.,0.));
#4370=DIRECTION('ref_axis',(1.,0.,0.));
#4371=DIRECTION('',(-1.,0.,0.));
#4372=DIRECTION('',(0.,0.,1.));
#4373=DIRECTION('center_axis',(0.,-1.,0.));
#4374=DIRECTION('ref_axis',(1.,0.,0.));
#4375=DIRECTION('',(0.,0.,1.));
#4376=DIRECTION('',(0.,0.,1.));
#4377=DIRECTION('',(-1.,0.,0.));
#4378=DIRECTION('center_axis',(1.,0.,0.));
#4379=DIRECTION('ref_axis',(0.,1.,0.));
#4380=DIRECTION('',(0.,-1.,0.));
#4381=DIRECTION('',(0.,0.,1.));
#4382=DIRECTION('center_axis',(-1.,0.,0.));
#4383=DIRECTION('ref_axis',(0.,-1.,0.));
#4384=DIRECTION('',(0.,0.,1.));
#4385=DIRECTION('',(0.,1.,0.));
#4386=DIRECTION('center_axis',(0.,1.,0.));
#4387=DIRECTION('ref_axis',(-1.,0.,0.));
#4388=DIRECTION('',(1.,0.,0.));
#4389=DIRECTION('',(0.,0.,1.));
#4390=DIRECTION('center_axis',(1.,0.,0.));
#4391=DIRECTION('ref_axis',(0.,1.,0.));
#4392=DIRECTION('',(0.,-1.,0.));
#4393=DIRECTION('center_axis',(0.,1.,0.));
#4394=DIRECTION('ref_axis',(-1.,0.,0.));
#4395=DIRECTION('',(1.,0.,0.));
#4396=DIRECTION('center_axis',(-1.,0.,0.));
#4397=DIRECTION('ref_axis',(0.,-1.,0.));
#4398=DIRECTION('',(0.,1.,0.));
#4399=DIRECTION('center_axis',(0.,0.,-1.));
#4400=DIRECTION('ref_axis',(-1.,0.,0.));
#4401=DIRECTION('center_axis',(0.,0.,-1.));
#4402=DIRECTION('ref_axis',(-1.,0.,0.));
#4403=DIRECTION('',(0.,0.,-1.));
#4404=DIRECTION('center_axis',(0.,0.,-1.));
#4405=DIRECTION('ref_axis',(-1.,0.,0.));
#4406=DIRECTION('center_axis',(0.,0.,1.));
#4407=DIRECTION('ref_axis',(-1.,0.,0.));
#4408=DIRECTION('center_axis',(0.,0.,1.));
#4409=DIRECTION('ref_axis',(-1.,0.,0.));
#4410=DIRECTION('center_axis',(0.,0.,-1.));
#4411=DIRECTION('ref_axis',(-1.,0.,0.));
#4412=DIRECTION('center_axis',(0.,0.,-1.));
#4413=DIRECTION('ref_axis',(-1.,0.,0.));
#4414=DIRECTION('',(0.,0.,-1.));
#4415=DIRECTION('center_axis',(0.,0.,-1.));
#4416=DIRECTION('ref_axis',(-1.,0.,0.));
#4417=DIRECTION('center_axis',(0.,0.,1.));
#4418=DIRECTION('ref_axis',(-1.,0.,0.));
#4419=DIRECTION('center_axis',(0.,0.,1.));
#4420=DIRECTION('ref_axis',(-1.,0.,0.));
#4421=DIRECTION('center_axis',(0.,0.,-1.));
#4422=DIRECTION('ref_axis',(-1.,0.,0.));
#4423=DIRECTION('center_axis',(0.,0.,-1.));
#4424=DIRECTION('ref_axis',(-1.,0.,0.));
#4425=DIRECTION('',(0.,0.,-1.));
#4426=DIRECTION('center_axis',(0.,0.,-1.));
#4427=DIRECTION('ref_axis',(-1.,0.,0.));
#4428=DIRECTION('center_axis',(0.,0.,1.));
#4429=DIRECTION('ref_axis',(-1.,0.,0.));
#4430=DIRECTION('center_axis',(0.,0.,1.));
#4431=DIRECTION('ref_axis',(-1.,0.,0.));
#4432=DIRECTION('center_axis',(0.,0.,-1.));
#4433=DIRECTION('ref_axis',(-1.,0.,0.));
#4434=DIRECTION('center_axis',(0.,0.,-1.));
#4435=DIRECTION('ref_axis',(-1.,0.,0.));
#4436=DIRECTION('',(0.,0.,-1.));
#4437=DIRECTION('center_axis',(0.,0.,-1.));
#4438=DIRECTION('ref_axis',(-1.,0.,0.));
#4439=DIRECTION('center_axis',(0.,0.,1.));
#4440=DIRECTION('ref_axis',(-1.,0.,0.));
#4441=DIRECTION('center_axis',(0.,0.,1.));
#4442=DIRECTION('ref_axis',(-1.,0.,0.));
#4443=DIRECTION('center_axis',(0.,0.,-1.));
#4444=DIRECTION('ref_axis',(-1.,0.,0.));
#4445=DIRECTION('',(0.,0.,-1.));
#4446=DIRECTION('center_axis',(0.,0.,-1.));
#4447=DIRECTION('ref_axis',(-1.,0.,0.));
#4448=DIRECTION('',(0.,0.,-1.));
#4449=DIRECTION('center_axis',(0.,0.,-1.));
#4450=DIRECTION('ref_axis',(-1.,0.,0.));
#4451=DIRECTION('',(0.,0.,-1.));
#4452=DIRECTION('center_axis',(0.,0.,-1.));
#4453=DIRECTION('ref_axis',(-1.,0.,0.));
#4454=DIRECTION('',(0.,0.,-1.));
#4455=DIRECTION('center_axis',(0.,0.,1.));
#4456=DIRECTION('ref_axis',(1.,0.,0.));
#4457=DIRECTION('',(0.,1.,0.));
#4458=DIRECTION('',(1.,0.,0.));
#4459=DIRECTION('',(0.,-1.,0.));
#4460=DIRECTION('',(-1.,0.,0.));
#4461=DIRECTION('',(0.,-1.,0.));
#4462=DIRECTION('',(1.,0.,0.));
#4463=DIRECTION('',(0.,1.,0.));
#4464=DIRECTION('',(-1.,0.,0.));
#4465=DIRECTION('center_axis',(0.,-1.,0.));
#4466=DIRECTION('ref_axis',(1.,0.,0.));
#4467=DIRECTION('',(0.,0.,1.));
#4468=DIRECTION('',(1.,0.,0.));
#4469=DIRECTION('',(0.,0.,1.));
#4470=DIRECTION('center_axis',(-1.,0.,0.));
#4471=DIRECTION('ref_axis',(0.,-1.,0.));
#4472=DIRECTION('',(0.,-1.,0.));
#4473=DIRECTION('',(0.,0.,1.));
#4474=DIRECTION('center_axis',(0.,1.,0.));
#4475=DIRECTION('ref_axis',(-1.,0.,0.));
#4476=DIRECTION('',(-1.,0.,0.));
#4477=DIRECTION('',(0.,0.,1.));
#4478=DIRECTION('center_axis',(1.,0.,0.));
#4479=DIRECTION('ref_axis',(0.,1.,0.));
#4480=DIRECTION('',(0.,1.,0.));
#4481=DIRECTION('center_axis',(0.,0.,1.));
#4482=DIRECTION('ref_axis',(1.,0.,0.));
#4483=DIRECTION('center_axis',(1.,0.,0.));
#4484=DIRECTION('ref_axis',(0.,-1.,0.));
#4485=DIRECTION('',(0.,0.,-1.));
#4486=DIRECTION('',(0.,0.,-1.));
#4487=DIRECTION('center_axis',(0.,1.,0.));
#4488=DIRECTION('ref_axis',(1.,0.,0.));
#4489=DIRECTION('',(0.,0.,-1.));
#4490=DIRECTION('center_axis',(-1.,0.,0.));
#4491=DIRECTION('ref_axis',(0.,1.,0.));
#4492=DIRECTION('',(0.,0.,-1.));
#4493=DIRECTION('center_axis',(0.,-1.,0.));
#4494=DIRECTION('ref_axis',(-1.,0.,0.));
#4495=DIRECTION('',(0.,0.,1.));
#4496=DIRECTION('',(1.,0.,0.));
#4497=CARTESIAN_POINT('',(0.,0.,0.));
#4498=CARTESIAN_POINT('',(0.,0.,0.));
#4499=CARTESIAN_POINT('Origin',(188.5,-120.5,0.));
#4500=CARTESIAN_POINT('',(188.5,-120.5,0.));
#4501=CARTESIAN_POINT('',(188.5,-120.5,4.51));
#4502=CARTESIAN_POINT('',(188.5,-120.5,0.));
#4503=CARTESIAN_POINT('',(98.,-120.5,4.51));
#4504=CARTESIAN_POINT('',(188.5,-120.5,4.51));
#4505=CARTESIAN_POINT('',(98.,-120.5,0.));
#4506=CARTESIAN_POINT('',(98.,-120.5,0.));
#4507=CARTESIAN_POINT('',(188.5,-120.5,0.));
#4508=CARTESIAN_POINT('Origin',(188.5,-60.,0.));
#4509=CARTESIAN_POINT('',(188.5,-60.,0.));
#4510=CARTESIAN_POINT('',(188.5,-60.,4.51));
#4511=CARTESIAN_POINT('',(188.5,-60.,0.));
#4512=CARTESIAN_POINT('',(188.5,-60.,4.51));
#4513=CARTESIAN_POINT('',(188.5,-60.,0.));
#4514=CARTESIAN_POINT('Origin',(98.,-120.5,0.));
#4515=CARTESIAN_POINT('',(98.,-60.,4.51));
#4516=CARTESIAN_POINT('',(98.,-120.5,4.51));
#4517=CARTESIAN_POINT('',(98.,-60.,0.));
#4518=CARTESIAN_POINT('',(98.,-60.,0.));
#4519=CARTESIAN_POINT('',(98.,-120.5,0.));
#4520=CARTESIAN_POINT('Origin',(0.,0.,0.));
#4521=CARTESIAN_POINT('',(98.,-60.,0.));
#4522=CARTESIAN_POINT('',(101.,-115.9,0.));
#4523=CARTESIAN_POINT('Origin',(101.,-117.,0.));
#4524=CARTESIAN_POINT('',(107.25,-111.,0.));
#4525=CARTESIAN_POINT('Origin',(107.25,-111.5,0.));
#4526=CARTESIAN_POINT('',(115.4,-113.85,0.));
#4527=CARTESIAN_POINT('',(115.4,-115.35,0.));
#4528=CARTESIAN_POINT('Origin',(115.4,-114.6,0.));
#4529=CARTESIAN_POINT('',(114.1,-113.85,0.));
#4530=CARTESIAN_POINT('',(57.7,-113.85,0.));
#4531=CARTESIAN_POINT('',(114.1,-115.35,0.));
#4532=CARTESIAN_POINT('Origin',(114.1,-114.6,0.));
#4533=CARTESIAN_POINT('',(57.05,-115.35,0.));
#4534=CARTESIAN_POINT('',(107.25,-108.5,0.));
#4535=CARTESIAN_POINT('Origin',(107.25,-109.,0.));
#4536=CARTESIAN_POINT('',(107.25,-106.,0.));
#4537=CARTESIAN_POINT('Origin',(107.25,-106.5,0.));
#4538=CARTESIAN_POINT('',(121.75,-111.,0.));
#4539=CARTESIAN_POINT('Origin',(121.75,-111.5,0.));
#4540=CARTESIAN_POINT('',(132.,-107.65,0.));
#4541=CARTESIAN_POINT('Origin',(132.,-108.5,0.));
#4542=CARTESIAN_POINT('',(121.75,-106.,0.));
#4543=CARTESIAN_POINT('Origin',(121.75,-106.5,0.));
#4544=CARTESIAN_POINT('',(137.08,-106.5,0.));
#4545=CARTESIAN_POINT('Origin',(137.08,-108.5,0.));
#4546=CARTESIAN_POINT('',(142.16,-107.65,0.));
#4547=CARTESIAN_POINT('Origin',(142.16,-108.5,0.));
#4548=CARTESIAN_POINT('',(133.27,-105.21,0.));
#4549=CARTESIAN_POINT('Origin',(133.27,-105.96,0.));
#4550=CARTESIAN_POINT('',(115.4,-102.65,0.));
#4551=CARTESIAN_POINT('',(115.4,-104.15,0.));
#4552=CARTESIAN_POINT('Origin',(115.4,-103.4,0.));
#4553=CARTESIAN_POINT('',(114.1,-102.65,0.));
#4554=CARTESIAN_POINT('',(57.7,-102.65,0.));
#4555=CARTESIAN_POINT('',(114.1,-104.15,0.));
#4556=CARTESIAN_POINT('Origin',(114.1,-103.4,0.));
#4557=CARTESIAN_POINT('',(57.05,-104.15,0.));
#4558=CARTESIAN_POINT('',(109.9,-94.41,0.));
#4559=CARTESIAN_POINT('Origin',(109.9,-94.81,0.));
#4560=CARTESIAN_POINT('',(113.45,-94.41,0.));
#4561=CARTESIAN_POINT('Origin',(113.45,-94.81,0.));
#4562=CARTESIAN_POINT('',(117.,-94.41,0.));
#4563=CARTESIAN_POINT('Origin',(117.,-94.81,0.));
#4564=CARTESIAN_POINT('',(120.55,-94.41,0.));
#4565=CARTESIAN_POINT('Origin',(120.55,-94.81,0.));
#4566=CARTESIAN_POINT('',(139.62,-102.67,0.));
#4567=CARTESIAN_POINT('Origin',(139.62,-103.42,0.));
#4568=CARTESIAN_POINT('',(151.,-107.65,0.));
#4569=CARTESIAN_POINT('Origin',(151.,-108.5,0.));
#4570=CARTESIAN_POINT('',(152.27,-105.21,0.));
#4571=CARTESIAN_POINT('Origin',(152.27,-105.96,0.));
#4572=CARTESIAN_POINT('',(156.08,-106.5,0.));
#4573=CARTESIAN_POINT('Origin',(156.08,-108.5,0.));
#4574=CARTESIAN_POINT('',(161.16,-107.65,0.));
#4575=CARTESIAN_POINT('Origin',(161.16,-108.5,0.));
#4576=CARTESIAN_POINT('',(171.25,-111.,0.));
#4577=CARTESIAN_POINT('Origin',(171.25,-111.5,0.));
#4578=CARTESIAN_POINT('',(179.4,-113.85,0.));
#4579=CARTESIAN_POINT('',(179.4,-115.35,0.));
#4580=CARTESIAN_POINT('Origin',(179.4,-114.6,0.));
#4581=CARTESIAN_POINT('',(178.1,-113.85,0.));
#4582=CARTESIAN_POINT('',(89.7,-113.85,0.));
#4583=CARTESIAN_POINT('',(178.1,-115.35,0.));
#4584=CARTESIAN_POINT('Origin',(178.1,-114.6,0.));
#4585=CARTESIAN_POINT('',(89.05,-115.35,0.));
#4586=CARTESIAN_POINT('',(185.75,-111.,0.));
#4587=CARTESIAN_POINT('Origin',(185.75,-111.5,0.));
#4588=CARTESIAN_POINT('',(171.25,-108.5,0.));
#4589=CARTESIAN_POINT('Origin',(171.25,-109.,0.));
#4590=CARTESIAN_POINT('',(171.25,-106.,0.));
#4591=CARTESIAN_POINT('Origin',(171.25,-106.5,0.));
#4592=CARTESIAN_POINT('',(185.75,-106.,0.));
#4593=CARTESIAN_POINT('Origin',(185.75,-106.5,0.));
#4594=CARTESIAN_POINT('',(158.62,-102.67,0.));
#4595=CARTESIAN_POINT('Origin',(158.62,-103.42,0.));
#4596=CARTESIAN_POINT('',(179.4,-102.65,0.));
#4597=CARTESIAN_POINT('',(179.4,-104.15,0.));
#4598=CARTESIAN_POINT('Origin',(179.4,-103.4,0.));
#4599=CARTESIAN_POINT('',(178.1,-102.65,0.));
#4600=CARTESIAN_POINT('',(89.7,-102.65,0.));
#4601=CARTESIAN_POINT('',(178.1,-104.15,0.));
#4602=CARTESIAN_POINT('Origin',(178.1,-103.4,0.));
#4603=CARTESIAN_POINT('',(89.05,-104.15,0.));
#4604=CARTESIAN_POINT('',(178.5,-89.4,0.));
#4605=CARTESIAN_POINT('Origin',(178.5,-90.5,0.));
#4606=CARTESIAN_POINT('',(109.9,-86.79,0.));
#4607=CARTESIAN_POINT('Origin',(109.9,-87.19,0.));
#4608=CARTESIAN_POINT('',(113.45,-86.79,0.));
#4609=CARTESIAN_POINT('Origin',(113.45,-87.19,0.));
#4610=CARTESIAN_POINT('',(117.,-86.79,0.));
#4611=CARTESIAN_POINT('Origin',(117.,-87.19,0.));
#4612=CARTESIAN_POINT('',(120.55,-86.79,0.));
#4613=CARTESIAN_POINT('Origin',(120.55,-87.19,0.));
#4614=CARTESIAN_POINT('',(107.75,-79.54,0.));
#4615=CARTESIAN_POINT('Origin',(107.75,-80.04,0.));
#4616=CARTESIAN_POINT('',(107.75,-77.,0.));
#4617=CARTESIAN_POINT('Origin',(107.75,-77.5,0.));
#4618=CARTESIAN_POINT('',(131.92,-88.65,0.));
#4619=CARTESIAN_POINT('Origin',(131.92,-89.5,0.));
#4620=CARTESIAN_POINT('',(137.,-87.5,0.));
#4621=CARTESIAN_POINT('Origin',(137.,-89.5,0.));
#4622=CARTESIAN_POINT('',(133.19,-86.21,0.));
#4623=CARTESIAN_POINT('Origin',(133.19,-86.96,0.));
#4624=CARTESIAN_POINT('',(142.08,-88.65,0.));
#4625=CARTESIAN_POINT('Origin',(142.08,-89.5,0.));
#4626=CARTESIAN_POINT('',(139.54,-83.67,0.));
#4627=CARTESIAN_POINT('Origin',(139.54,-84.42,0.));
#4628=CARTESIAN_POINT('',(123.,-79.54,0.));
#4629=CARTESIAN_POINT('Origin',(123.,-80.04,0.));
#4630=CARTESIAN_POINT('',(123.,-77.,0.));
#4631=CARTESIAN_POINT('Origin',(123.,-77.5,0.));
#4632=CARTESIAN_POINT('',(107.75,-74.46,0.));
#4633=CARTESIAN_POINT('Origin',(107.75,-74.96,0.));
#4634=CARTESIAN_POINT('',(107.75,-71.92,0.));
#4635=CARTESIAN_POINT('Origin',(107.75,-72.42,0.));
#4636=CARTESIAN_POINT('',(107.75,-69.38,0.));
#4637=CARTESIAN_POINT('Origin',(107.75,-69.88,0.));
#4638=CARTESIAN_POINT('',(107.75,-66.84,0.));
#4639=CARTESIAN_POINT('Origin',(107.75,-67.34,0.));
#4640=CARTESIAN_POINT('',(101.,-62.4,0.));
#4641=CARTESIAN_POINT('Origin',(101.,-63.5,0.));
#4642=CARTESIAN_POINT('',(107.75,-64.3,0.));
#4643=CARTESIAN_POINT('Origin',(107.75,-64.8,0.));
#4644=CARTESIAN_POINT('',(123.,-74.46,0.));
#4645=CARTESIAN_POINT('Origin',(123.,-74.96,0.));
#4646=CARTESIAN_POINT('',(123.,-71.92,0.));
#4647=CARTESIAN_POINT('Origin',(123.,-72.42,0.));
#4648=CARTESIAN_POINT('',(123.,-69.38,0.));
#4649=CARTESIAN_POINT('Origin',(123.,-69.88,0.));
#4650=CARTESIAN_POINT('',(136.5,-71.9,0.));
#4651=CARTESIAN_POINT('Origin',(136.5,-73.,0.));
#4652=CARTESIAN_POINT('',(123.,-66.84,0.));
#4653=CARTESIAN_POINT('Origin',(123.,-67.34,0.));
#4654=CARTESIAN_POINT('',(123.,-64.3,0.));
#4655=CARTESIAN_POINT('Origin',(123.,-64.8,0.));
#4656=CARTESIAN_POINT('',(150.92,-88.65,0.));
#4657=CARTESIAN_POINT('Origin',(150.92,-89.5,0.));
#4658=CARTESIAN_POINT('',(152.19,-86.21,0.));
#4659=CARTESIAN_POINT('Origin',(152.19,-86.96,0.));
#4660=CARTESIAN_POINT('',(156.,-87.5,0.));
#4661=CARTESIAN_POINT('Origin',(156.,-89.5,0.));
#4662=CARTESIAN_POINT('',(161.08,-88.65,0.));
#4663=CARTESIAN_POINT('Origin',(161.08,-89.5,0.));
#4664=CARTESIAN_POINT('',(158.54,-83.67,0.));
#4665=CARTESIAN_POINT('Origin',(158.54,-84.42,0.));
#4666=CARTESIAN_POINT('',(180.615,-72.925,0.));
#4667=CARTESIAN_POINT('Origin',(180.615,-73.425,0.));
#4668=CARTESIAN_POINT('',(180.615,-70.385,0.));
#4669=CARTESIAN_POINT('Origin',(180.615,-70.885,0.));
#4670=CARTESIAN_POINT('',(180.615,-67.845,0.));
#4671=CARTESIAN_POINT('Origin',(180.615,-68.345,0.));
#4672=CARTESIAN_POINT('',(180.615,-65.305,0.));
#4673=CARTESIAN_POINT('Origin',(180.615,-65.805,0.));
#4674=CARTESIAN_POINT('Origin',(0.,0.,4.51));
#4675=CARTESIAN_POINT('',(98.,-60.,4.51));
#4676=CARTESIAN_POINT('',(101.,-115.9,4.51));
#4677=CARTESIAN_POINT('Origin',(101.,-117.,4.51));
#4678=CARTESIAN_POINT('',(107.25,-111.,4.51));
#4679=CARTESIAN_POINT('Origin',(107.25,-111.5,4.51));
#4680=CARTESIAN_POINT('',(115.4,-113.85,4.51));
#4681=CARTESIAN_POINT('',(115.4,-115.35,4.51));
#4682=CARTESIAN_POINT('Origin',(115.4,-114.6,4.51));
#4683=CARTESIAN_POINT('',(114.1,-115.35,4.51));
#4684=CARTESIAN_POINT('',(57.05,-115.35,4.51));
#4685=CARTESIAN_POINT('',(114.1,-113.85,4.51));
#4686=CARTESIAN_POINT('Origin',(114.1,-114.6,4.51));
#4687=CARTESIAN_POINT('',(57.7,-113.85,4.51));
#4688=CARTESIAN_POINT('',(107.25,-108.5,4.51));
#4689=CARTESIAN_POINT('Origin',(107.25,-109.,4.51));
#4690=CARTESIAN_POINT('',(107.25,-106.,4.51));
#4691=CARTESIAN_POINT('Origin',(107.25,-106.5,4.51));
#4692=CARTESIAN_POINT('',(121.75,-111.,4.51));
#4693=CARTESIAN_POINT('Origin',(121.75,-111.5,4.51));
#4694=CARTESIAN_POINT('',(132.,-107.65,4.51));
#4695=CARTESIAN_POINT('Origin',(132.,-108.5,4.51));
#4696=CARTESIAN_POINT('',(121.75,-106.,4.51));
#4697=CARTESIAN_POINT('Origin',(121.75,-106.5,4.51));
#4698=CARTESIAN_POINT('',(137.08,-106.5,4.51));
#4699=CARTESIAN_POINT('Origin',(137.08,-108.5,4.51));
#4700=CARTESIAN_POINT('',(142.16,-107.65,4.51));
#4701=CARTESIAN_POINT('Origin',(142.16,-108.5,4.51));
#4702=CARTESIAN_POINT('',(133.27,-105.21,4.51));
#4703=CARTESIAN_POINT('Origin',(133.27,-105.96,4.51));
#4704=CARTESIAN_POINT('',(115.4,-102.65,4.51));
#4705=CARTESIAN_POINT('',(115.4,-104.15,4.51));
#4706=CARTESIAN_POINT('Origin',(115.4,-103.4,4.51));
#4707=CARTESIAN_POINT('',(114.1,-104.15,4.51));
#4708=CARTESIAN_POINT('',(57.05,-104.15,4.51));
#4709=CARTESIAN_POINT('',(114.1,-102.65,4.51));
#4710=CARTESIAN_POINT('Origin',(114.1,-103.4,4.51));
#4711=CARTESIAN_POINT('',(57.7,-102.65,4.51));
#4712=CARTESIAN_POINT('',(109.9,-94.41,4.51));
#4713=CARTESIAN_POINT('Origin',(109.9,-94.81,4.51));
#4714=CARTESIAN_POINT('',(113.45,-94.41,4.51));
#4715=CARTESIAN_POINT('Origin',(113.45,-94.81,4.51));
#4716=CARTESIAN_POINT('',(117.,-94.41,4.51));
#4717=CARTESIAN_POINT('Origin',(117.,-94.81,4.51));
#4718=CARTESIAN_POINT('',(120.55,-94.41,4.51));
#4719=CARTESIAN_POINT('Origin',(120.55,-94.81,4.51));
#4720=CARTESIAN_POINT('',(139.62,-102.67,4.51));
#4721=CARTESIAN_POINT('Origin',(139.62,-103.42,4.51));
#4722=CARTESIAN_POINT('',(151.,-107.65,4.51));
#4723=CARTESIAN_POINT('Origin',(151.,-108.5,4.51));
#4724=CARTESIAN_POINT('',(152.27,-105.21,4.51));
#4725=CARTESIAN_POINT('Origin',(152.27,-105.96,4.51));
#4726=CARTESIAN_POINT('',(156.08,-106.5,4.51));
#4727=CARTESIAN_POINT('Origin',(156.08,-108.5,4.51));
#4728=CARTESIAN_POINT('',(161.16,-107.65,4.51));
#4729=CARTESIAN_POINT('Origin',(161.16,-108.5,4.51));
#4730=CARTESIAN_POINT('',(171.25,-111.,4.51));
#4731=CARTESIAN_POINT('Origin',(171.25,-111.5,4.51));
#4732=CARTESIAN_POINT('',(179.4,-113.85,4.51));
#4733=CARTESIAN_POINT('',(179.4,-115.35,4.51));
#4734=CARTESIAN_POINT('Origin',(179.4,-114.6,4.51));
#4735=CARTESIAN_POINT('',(178.1,-115.35,4.51));
#4736=CARTESIAN_POINT('',(89.05,-115.35,4.51));
#4737=CARTESIAN_POINT('',(178.1,-113.85,4.51));
#4738=CARTESIAN_POINT('Origin',(178.1,-114.6,4.51));
#4739=CARTESIAN_POINT('',(89.7,-113.85,4.51));
#4740=CARTESIAN_POINT('',(185.75,-111.,4.51));
#4741=CARTESIAN_POINT('Origin',(185.75,-111.5,4.51));
#4742=CARTESIAN_POINT('',(171.25,-108.5,4.51));
#4743=CARTESIAN_POINT('Origin',(171.25,-109.,4.51));
#4744=CARTESIAN_POINT('',(171.25,-106.,4.51));
#4745=CARTESIAN_POINT('Origin',(171.25,-106.5,4.51));
#4746=CARTESIAN_POINT('',(185.75,-106.,4.51));
#4747=CARTESIAN_POINT('Origin',(185.75,-106.5,4.51));
#4748=CARTESIAN_POINT('',(158.62,-102.67,4.51));
#4749=CARTESIAN_POINT('Origin',(158.62,-103.42,4.51));
#4750=CARTESIAN_POINT('',(179.4,-102.65,4.51));
#4751=CARTESIAN_POINT('',(179.4,-104.15,4.51));
#4752=CARTESIAN_POINT('Origin',(179.4,-103.4,4.51));
#4753=CARTESIAN_POINT('',(178.1,-104.15,4.51));
#4754=CARTESIAN_POINT('',(89.05,-104.15,4.51));
#4755=CARTESIAN_POINT('',(178.1,-102.65,4.51));
#4756=CARTESIAN_POINT('Origin',(178.1,-103.4,4.51));
#4757=CARTESIAN_POINT('',(89.7,-102.65,4.51));
#4758=CARTESIAN_POINT('',(178.5,-89.4,4.51));
#4759=CARTESIAN_POINT('Origin',(178.5,-90.5,4.51));
#4760=CARTESIAN_POINT('',(109.9,-86.79,4.51));
#4761=CARTESIAN_POINT('Origin',(109.9,-87.19,4.51));
#4762=CARTESIAN_POINT('',(113.45,-86.79,4.51));
#4763=CARTESIAN_POINT('Origin',(113.45,-87.19,4.51));
#4764=CARTESIAN_POINT('',(117.,-86.79,4.51));
#4765=CARTESIAN_POINT('Origin',(117.,-87.19,4.51));
#4766=CARTESIAN_POINT('',(120.55,-86.79,4.51));
#4767=CARTESIAN_POINT('Origin',(120.55,-87.19,4.51));
#4768=CARTESIAN_POINT('',(107.75,-79.54,4.51));
#4769=CARTESIAN_POINT('Origin',(107.75,-80.04,4.51));
#4770=CARTESIAN_POINT('',(107.75,-77.,4.51));
#4771=CARTESIAN_POINT('Origin',(107.75,-77.5,4.51));
#4772=CARTESIAN_POINT('',(131.92,-88.65,4.51));
#4773=CARTESIAN_POINT('Origin',(131.92,-89.5,4.51));
#4774=CARTESIAN_POINT('',(137.,-87.5,4.51));
#4775=CARTESIAN_POINT('Origin',(137.,-89.5,4.51));
#4776=CARTESIAN_POINT('',(133.19,-86.21,4.51));
#4777=CARTESIAN_POINT('Origin',(133.19,-86.96,4.51));
#4778=CARTESIAN_POINT('',(142.08,-88.65,4.51));
#4779=CARTESIAN_POINT('Origin',(142.08,-89.5,4.51));
#4780=CARTESIAN_POINT('',(139.54,-83.67,4.51));
#4781=CARTESIAN_POINT('Origin',(139.54,-84.42,4.51));
#4782=CARTESIAN_POINT('',(123.,-79.54,4.51));
#4783=CARTESIAN_POINT('Origin',(123.,-80.04,4.51));
#4784=CARTESIAN_POINT('',(123.,-77.,4.51));
#4785=CARTESIAN_POINT('Origin',(123.,-77.5,4.51));
#4786=CARTESIAN_POINT('',(107.75,-74.46,4.51));
#4787=CARTESIAN_POINT('Origin',(107.75,-74.96,4.51));
#4788=CARTESIAN_POINT('',(107.75,-71.92,4.51));
#4789=CARTESIAN_POINT('Origin',(107.75,-72.42,4.51));
#4790=CARTESIAN_POINT('',(107.75,-69.38,4.51));
#4791=CARTESIAN_POINT('Origin',(107.75,-69.88,4.51));
#4792=CARTESIAN_POINT('',(107.75,-66.84,4.51));
#4793=CARTESIAN_POINT('Origin',(107.75,-67.34,4.51));
#4794=CARTESIAN_POINT('',(101.,-62.4,4.51));
#4795=CARTESIAN_POINT('Origin',(101.,-63.5,4.51));
#4796=CARTESIAN_POINT('',(107.75,-64.3,4.51));
#4797=CARTESIAN_POINT('Origin',(107.75,-64.8,4.51));
#4798=CARTESIAN_POINT('',(123.,-74.46,4.51));
#4799=CARTESIAN_POINT('Origin',(123.,-74.96,4.51));
#4800=CARTESIAN_POINT('',(123.,-71.92,4.51));
#4801=CARTESIAN_POINT('Origin',(123.,-72.42,4.51));
#4802=CARTESIAN_POINT('',(123.,-69.38,4.51));
#4803=CARTESIAN_POINT('Origin',(123.,-69.88,4.51));
#4804=CARTESIAN_POINT('',(136.5,-71.9,4.51));
#4805=CARTESIAN_POINT('Origin',(136.5,-73.,4.51));
#4806=CARTESIAN_POINT('',(123.,-66.84,4.51));
#4807=CARTESIAN_POINT('Origin',(123.,-67.34,4.51));
#4808=CARTESIAN_POINT('',(123.,-64.3,4.51));
#4809=CARTESIAN_POINT('Origin',(123.,-64.8,4.51));
#4810=CARTESIAN_POINT('',(150.92,-88.65,4.51));
#4811=CARTESIAN_POINT('Origin',(150.92,-89.5,4.51));
#4812=CARTESIAN_POINT('',(152.19,-86.21,4.51));
#4813=CARTESIAN_POINT('Origin',(152.19,-86.96,4.51));
#4814=CARTESIAN_POINT('',(156.,-87.5,4.51));
#4815=CARTESIAN_POINT('Origin',(156.,-89.5,4.51));
#4816=CARTESIAN_POINT('',(161.08,-88.65,4.51));
#4817=CARTESIAN_POINT('Origin',(161.08,-89.5,4.51));
#4818=CARTESIAN_POINT('',(158.54,-83.67,4.51));
#4819=CARTESIAN_POINT('Origin',(158.54,-84.42,4.51));
#4820=CARTESIAN_POINT('',(180.615,-72.925,4.51));
#4821=CARTESIAN_POINT('Origin',(180.615,-73.425,4.51));
#4822=CARTESIAN_POINT('',(180.615,-70.385,4.51));
#4823=CARTESIAN_POINT('Origin',(180.615,-70.885,4.51));
#4824=CARTESIAN_POINT('',(180.615,-67.845,4.51));
#4825=CARTESIAN_POINT('Origin',(180.615,-68.345,4.51));
#4826=CARTESIAN_POINT('',(180.615,-65.305,4.51));
#4827=CARTESIAN_POINT('Origin',(180.615,-65.805,4.51));
#4828=CARTESIAN_POINT('Origin',(98.,-60.,0.));
#4829=CARTESIAN_POINT('Origin',(101.,-117.,-0.046));
#4830=CARTESIAN_POINT('',(101.,-115.9,-0.046));
#4831=CARTESIAN_POINT('Origin',(107.25,-111.5,-0.046));
#4832=CARTESIAN_POINT('',(107.25,-111.,-0.046));
#4833=CARTESIAN_POINT('Origin',(115.4,-114.6,-0.046));
#4834=CARTESIAN_POINT('',(115.4,-115.35,-0.046));
#4835=CARTESIAN_POINT('',(115.4,-113.85,-0.046));
#4836=CARTESIAN_POINT('Origin',(115.4,-113.85,-0.046));
#4837=CARTESIAN_POINT('',(114.1,-113.85,-0.046));
#4838=CARTESIAN_POINT('Origin',(114.1,-114.6,-0.046));
#4839=CARTESIAN_POINT('',(114.1,-115.35,-0.046));
#4840=CARTESIAN_POINT('Origin',(114.1,-115.35,-0.046));
#4841=CARTESIAN_POINT('Origin',(107.25,-109.,-0.046));
#4842=CARTESIAN_POINT('',(107.25,-108.5,-0.046));
#4843=CARTESIAN_POINT('Origin',(107.25,-106.5,-0.046));
#4844=CARTESIAN_POINT('',(107.25,-106.,-0.046));
#4845=CARTESIAN_POINT('Origin',(121.75,-111.5,-0.046));
#4846=CARTESIAN_POINT('',(121.75,-111.,-0.046));
#4847=CARTESIAN_POINT('Origin',(132.,-108.5,-0.046));
#4848=CARTESIAN_POINT('',(132.,-107.65,-0.046));
#4849=CARTESIAN_POINT('Origin',(121.75,-106.5,-0.046));
#4850=CARTESIAN_POINT('',(121.75,-106.,-0.046));
#4851=CARTESIAN_POINT('Origin',(137.08,-108.5,-0.046));
#4852=CARTESIAN_POINT('',(137.08,-106.5,-0.046));
#4853=CARTESIAN_POINT('Origin',(142.16,-108.5,-0.046));
#4854=CARTESIAN_POINT('',(142.16,-107.65,-0.046));
#4855=CARTESIAN_POINT('Origin',(133.27,-105.96,-0.046));
#4856=CARTESIAN_POINT('',(133.27,-105.21,-0.046));
#4857=CARTESIAN_POINT('Origin',(115.4,-103.4,-0.046));
#4858=CARTESIAN_POINT('',(115.4,-104.15,-0.046));
#4859=CARTESIAN_POINT('',(115.4,-102.65,-0.046));
#4860=CARTESIAN_POINT('Origin',(115.4,-102.65,-0.046));
#4861=CARTESIAN_POINT('',(114.1,-102.65,-0.046));
#4862=CARTESIAN_POINT('Origin',(114.1,-103.4,-0.046));
#4863=CARTESIAN_POINT('',(114.1,-104.15,-0.046));
#4864=CARTESIAN_POINT('Origin',(114.1,-104.15,-0.046));
#4865=CARTESIAN_POINT('Origin',(109.9,-94.81,-0.046));
#4866=CARTESIAN_POINT('',(109.9,-94.41,-0.046));
#4867=CARTESIAN_POINT('Origin',(113.45,-94.81,-0.046));
#4868=CARTESIAN_POINT('',(113.45,-94.41,-0.046));
#4869=CARTESIAN_POINT('Origin',(117.,-94.81,-0.046));
#4870=CARTESIAN_POINT('',(117.,-94.41,-0.046));
#4871=CARTESIAN_POINT('Origin',(120.55,-94.81,-0.046));
#4872=CARTESIAN_POINT('',(120.55,-94.41,-0.046));
#4873=CARTESIAN_POINT('Origin',(139.62,-103.42,-0.046));
#4874=CARTESIAN_POINT('',(139.62,-102.67,-0.046));
#4875=CARTESIAN_POINT('Origin',(151.,-108.5,-0.046));
#4876=CARTESIAN_POINT('',(151.,-107.65,-0.046));
#4877=CARTESIAN_POINT('Origin',(152.27,-105.96,-0.046));
#4878=CARTESIAN_POINT('',(152.27,-105.21,-0.046));
#4879=CARTESIAN_POINT('Origin',(156.08,-108.5,-0.046));
#4880=CARTESIAN_POINT('',(156.08,-106.5,-0.046));
#4881=CARTESIAN_POINT('Origin',(161.16,-108.5,-0.046));
#4882=CARTESIAN_POINT('',(161.16,-107.65,-0.046));
#4883=CARTESIAN_POINT('Origin',(171.25,-111.5,-0.046));
#4884=CARTESIAN_POINT('',(171.25,-111.,-0.046));
#4885=CARTESIAN_POINT('Origin',(179.4,-114.6,-0.046));
#4886=CARTESIAN_POINT('',(179.4,-115.35,-0.046));
#4887=CARTESIAN_POINT('',(179.4,-113.85,-0.046));
#4888=CARTESIAN_POINT('Origin',(179.4,-113.85,-0.046));
#4889=CARTESIAN_POINT('',(178.1,-113.85,-0.046));
#4890=CARTESIAN_POINT('Origin',(178.1,-114.6,-0.046));
#4891=CARTESIAN_POINT('',(178.1,-115.35,-0.046));
#4892=CARTESIAN_POINT('Origin',(178.1,-115.35,-0.046));
#4893=CARTESIAN_POINT('Origin',(185.75,-111.5,-0.046));
#4894=CARTESIAN_POINT('',(185.75,-111.,-0.046));
#4895=CARTESIAN_POINT('Origin',(171.25,-109.,-0.046));
#4896=CARTESIAN_POINT('',(171.25,-108.5,-0.046));
#4897=CARTESIAN_POINT('Origin',(171.25,-106.5,-0.046));
#4898=CARTESIAN_POINT('',(171.25,-106.,-0.046));
#4899=CARTESIAN_POINT('Origin',(185.75,-106.5,-0.046));
#4900=CARTESIAN_POINT('',(185.75,-106.,-0.046));
#4901=CARTESIAN_POINT('Origin',(158.62,-103.42,-0.046));
#4902=CARTESIAN_POINT('',(158.62,-102.67,-0.046));
#4903=CARTESIAN_POINT('Origin',(179.4,-103.4,-0.046));
#4904=CARTESIAN_POINT('',(179.4,-104.15,-0.046));
#4905=CARTESIAN_POINT('',(179.4,-102.65,-0.046));
#4906=CARTESIAN_POINT('Origin',(179.4,-102.65,-0.046));
#4907=CARTESIAN_POINT('',(178.1,-102.65,-0.046));
#4908=CARTESIAN_POINT('Origin',(178.1,-103.4,-0.046));
#4909=CARTESIAN_POINT('',(178.1,-104.15,-0.046));
#4910=CARTESIAN_POINT('Origin',(178.1,-104.15,-0.046));
#4911=CARTESIAN_POINT('Origin',(178.5,-90.5,-0.046));
#4912=CARTESIAN_POINT('',(178.5,-89.4,-0.046));
#4913=CARTESIAN_POINT('Origin',(109.9,-87.19,-0.046));
#4914=CARTESIAN_POINT('',(109.9,-86.79,-0.046));
#4915=CARTESIAN_POINT('Origin',(113.45,-87.19,-0.046));
#4916=CARTESIAN_POINT('',(113.45,-86.79,-0.046));
#4917=CARTESIAN_POINT('Origin',(117.,-87.19,-0.046));
#4918=CARTESIAN_POINT('',(117.,-86.79,-0.046));
#4919=CARTESIAN_POINT('Origin',(120.55,-87.19,-0.046));
#4920=CARTESIAN_POINT('',(120.55,-86.79,-0.046));
#4921=CARTESIAN_POINT('Origin',(107.75,-80.04,-0.046));
#4922=CARTESIAN_POINT('',(107.75,-79.54,-0.046));
#4923=CARTESIAN_POINT('Origin',(107.75,-77.5,-0.046));
#4924=CARTESIAN_POINT('',(107.75,-77.,-0.046));
#4925=CARTESIAN_POINT('Origin',(131.92,-89.5,-0.046));
#4926=CARTESIAN_POINT('',(131.92,-88.65,-0.046));
#4927=CARTESIAN_POINT('Origin',(137.,-89.5,-0.046));
#4928=CARTESIAN_POINT('',(137.,-87.5,-0.046));
#4929=CARTESIAN_POINT('Origin',(133.19,-86.96,-0.046));
#4930=CARTESIAN_POINT('',(133.19,-86.21,-0.046));
#4931=CARTESIAN_POINT('Origin',(142.08,-89.5,-0.046));
#4932=CARTESIAN_POINT('',(142.08,-88.65,-0.046));
#4933=CARTESIAN_POINT('Origin',(139.54,-84.42,-0.046));
#4934=CARTESIAN_POINT('',(139.54,-83.67,-0.046));
#4935=CARTESIAN_POINT('Origin',(123.,-80.04,-0.046));
#4936=CARTESIAN_POINT('',(123.,-79.54,-0.046));
#4937=CARTESIAN_POINT('Origin',(123.,-77.5,-0.046));
#4938=CARTESIAN_POINT('',(123.,-77.,-0.046));
#4939=CARTESIAN_POINT('Origin',(107.75,-74.96,-0.046));
#4940=CARTESIAN_POINT('',(107.75,-74.46,-0.046));
#4941=CARTESIAN_POINT('Origin',(107.75,-72.42,-0.046));
#4942=CARTESIAN_POINT('',(107.75,-71.92,-0.046));
#4943=CARTESIAN_POINT('Origin',(107.75,-69.88,-0.046));
#4944=CARTESIAN_POINT('',(107.75,-69.38,-0.046));
#4945=CARTESIAN_POINT('Origin',(107.75,-67.34,-0.046));
#4946=CARTESIAN_POINT('',(107.75,-66.84,-0.046));
#4947=CARTESIAN_POINT('Origin',(101.,-63.5,-0.046));
#4948=CARTESIAN_POINT('',(101.,-62.4,-0.046));
#4949=CARTESIAN_POINT('Origin',(107.75,-64.8,-0.046));
#4950=CARTESIAN_POINT('',(107.75,-64.3,-0.046));
#4951=CARTESIAN_POINT('Origin',(123.,-74.96,-0.046));
#4952=CARTESIAN_POINT('',(123.,-74.46,-0.046));
#4953=CARTESIAN_POINT('Origin',(123.,-72.42,-0.046));
#4954=CARTESIAN_POINT('',(123.,-71.92,-0.046));
#4955=CARTESIAN_POINT('Origin',(123.,-69.88,-0.046));
#4956=CARTESIAN_POINT('',(123.,-69.38,-0.046));
#4957=CARTESIAN_POINT('Origin',(136.5,-73.,-0.046));
#4958=CARTESIAN_POINT('',(136.5,-71.9,-0.046));
#4959=CARTESIAN_POINT('Origin',(123.,-67.34,-0.046));
#4960=CARTESIAN_POINT('',(123.,-66.84,-0.046));
#4961=CARTESIAN_POINT('Origin',(123.,-64.8,-0.046));
#4962=CARTESIAN_POINT('',(123.,-64.3,-0.046));
#4963=CARTESIAN_POINT('Origin',(150.92,-89.5,-0.046));
#4964=CARTESIAN_POINT('',(150.92,-88.65,-0.046));
#4965=CARTESIAN_POINT('Origin',(152.19,-86.96,-0.046));
#4966=CARTESIAN_POINT('',(152.19,-86.21,-0.046));
#4967=CARTESIAN_POINT('Origin',(156.,-89.5,-0.046));
#4968=CARTESIAN_POINT('',(156.,-87.5,-0.046));
#4969=CARTESIAN_POINT('Origin',(161.08,-89.5,-0.046));
#4970=CARTESIAN_POINT('',(161.08,-88.65,-0.046));
#4971=CARTESIAN_POINT('Origin',(158.54,-84.42,-0.046));
#4972=CARTESIAN_POINT('',(158.54,-83.67,-0.046));
#4973=CARTESIAN_POINT('Origin',(180.615,-73.425,-0.046));
#4974=CARTESIAN_POINT('',(180.615,-72.925,-0.046));
#4975=CARTESIAN_POINT('Origin',(180.615,-70.885,-0.046));
#4976=CARTESIAN_POINT('',(180.615,-70.385,-0.046));
#4977=CARTESIAN_POINT('Origin',(180.615,-68.345,-0.046));
#4978=CARTESIAN_POINT('',(180.615,-67.845,-0.046));
#4979=CARTESIAN_POINT('Origin',(180.615,-65.805,-0.046));
#4980=CARTESIAN_POINT('',(180.615,-65.305,-0.046));
#4981=CARTESIAN_POINT('Origin',(191.283015842707,-123.283015842707,6.8834271138979));
#4982=CARTESIAN_POINT('',(192.094515842707,-123.283015842707,7.));
#4983=CARTESIAN_POINT('Origin',(191.283015842707,-123.283015842707,7.));
#4984=CARTESIAN_POINT('',(192.094515842707,-123.283015842707,-1.));
#4985=CARTESIAN_POINT('',(192.094515842707,-123.283015842707,6.8834271138979));
#4986=CARTESIAN_POINT('Origin',(191.283015842707,-123.283015842707,-1.));
#4987=CARTESIAN_POINT('Origin',(191.283015842707,-123.283015842707,-1.));
#4988=CARTESIAN_POINT('Origin',(191.283015842707,-57.2169841572933,6.8834271138979));
#4989=CARTESIAN_POINT('',(192.094515842707,-57.2169841572934,7.));
#4990=CARTESIAN_POINT('Origin',(191.283015842707,-57.2169841572933,7.));
#4991=CARTESIAN_POINT('',(192.094515842707,-57.2169841572934,-1.));
#4992=CARTESIAN_POINT('',(192.094515842707,-57.2169841572934,6.8834271138979));
#4993=CARTESIAN_POINT('Origin',(191.283015842707,-57.2169841572933,-1.));
#4994=CARTESIAN_POINT('Origin',(191.283015842707,-57.2169841572933,-1.));
#4995=CARTESIAN_POINT('Origin',(95.2169841572933,-57.2169841572933,6.88342711389789));
#4996=CARTESIAN_POINT('',(96.0284841572933,-57.2169841572934,7.));
#4997=CARTESIAN_POINT('Origin',(95.2169841572933,-57.2169841572933,7.));
#4998=CARTESIAN_POINT('',(96.0284841572933,-57.2169841572934,-1.));
#4999=CARTESIAN_POINT('',(96.0284841572933,-57.2169841572934,6.88342711389789));
#5000=CARTESIAN_POINT('Origin',(95.2169841572933,-57.2169841572933,-1.));
#5001=CARTESIAN_POINT('Origin',(95.2169841572933,-57.2169841572933,-1.));
#5002=CARTESIAN_POINT('Origin',(95.2169841572933,-123.283015842707,6.88342711389789));
#5003=CARTESIAN_POINT('',(96.0284841572933,-123.283015842707,7.));
#5004=CARTESIAN_POINT('Origin',(95.2169841572933,-123.283015842707,7.));
#5005=CARTESIAN_POINT('',(96.0284841572933,-123.283015842707,-1.));
#5006=CARTESIAN_POINT('',(96.0284841572933,-123.283015842707,6.88342711389789));
#5007=CARTESIAN_POINT('Origin',(95.2169841572933,-123.283015842707,-1.));
#5008=CARTESIAN_POINT('Origin',(95.2169841572933,-123.283015842707,-1.));
#5009=CARTESIAN_POINT('Origin',(101.000001505017,-117.000001743436,2.8834271138979));
#5010=CARTESIAN_POINT('',(101.811501505017,-117.000001743436,3.));
#5011=CARTESIAN_POINT('Origin',(101.000001505017,-117.000001743436,3.));
#5012=CARTESIAN_POINT('',(101.811501505017,-117.000001743436,-2.));
#5013=CARTESIAN_POINT('',(101.811501505017,-117.000001743436,2.8834271138979));
#5014=CARTESIAN_POINT('Origin',(101.000001505017,-117.000001743436,-2.));
#5015=CARTESIAN_POINT('Origin',(101.000001505017,-117.000001743436,-2.));
#5016=CARTESIAN_POINT('Origin',(101.,-117.,3.));
#5017=CARTESIAN_POINT('',(98.5,-117.,3.));
#5018=CARTESIAN_POINT('Origin',(101.,-117.,3.));
#5019=CARTESIAN_POINT('Origin',(101.,-63.5,2.8834271138979));
#5020=CARTESIAN_POINT('',(101.8115,-63.5,3.));
#5021=CARTESIAN_POINT('Origin',(101.,-63.5,3.));
#5022=CARTESIAN_POINT('',(101.8115,-63.5,-2.));
#5023=CARTESIAN_POINT('',(101.8115,-63.5,2.8834271138979));
#5024=CARTESIAN_POINT('Origin',(101.,-63.5,-2.));
#5025=CARTESIAN_POINT('Origin',(101.,-63.5,-2.));
#5026=CARTESIAN_POINT('Origin',(101.,-63.5,3.));
#5027=CARTESIAN_POINT('',(98.5,-63.5,3.));
#5028=CARTESIAN_POINT('Origin',(101.,-63.5,3.));
#5029=CARTESIAN_POINT('Origin',(95.8285,-122.6715,7.));
#5030=CARTESIAN_POINT('',(98.657,-125.5,7.));
#5031=CARTESIAN_POINT('',(93.,-125.5,7.));
#5032=CARTESIAN_POINT('',(144.66425,-125.5,7.));
#5033=CARTESIAN_POINT('',(93.,-119.843,7.));
#5034=CARTESIAN_POINT('Origin',(93.,-125.5,7.));
#5035=CARTESIAN_POINT('',(93.,-124.08575,7.));
#5036=CARTESIAN_POINT('Origin',(93.,-125.5,0.));
#5037=CARTESIAN_POINT('',(93.,-119.843,-2.));
#5038=CARTESIAN_POINT('',(93.,-119.843,-2.));
#5039=CARTESIAN_POINT('',(93.,-60.6568558932195,-2.));
#5040=CARTESIAN_POINT('',(93.,-125.5,-2.));
#5041=CARTESIAN_POINT('',(93.,-60.6568558932195,7.));
#5042=CARTESIAN_POINT('',(93.,-60.6568558932195,-2.));
#5043=CARTESIAN_POINT('',(93.,-55.,7.));
#5044=CARTESIAN_POINT('',(93.,-91.6642139733049,7.));
#5045=CARTESIAN_POINT('',(93.,-55.,8.));
#5046=CARTESIAN_POINT('',(93.,-55.,0.));
#5047=CARTESIAN_POINT('',(93.,-125.5,8.));
#5048=CARTESIAN_POINT('',(93.,-125.5,8.));
#5049=CARTESIAN_POINT('',(93.,-125.5,0.));
#5050=CARTESIAN_POINT('Origin',(190.6715,-57.8285,7.));
#5051=CARTESIAN_POINT('',(187.843,-55.,7.));
#5052=CARTESIAN_POINT('',(193.5,-60.657,7.));
#5053=CARTESIAN_POINT('Origin',(193.5,-55.,7.));
#5054=CARTESIAN_POINT('',(193.5,-55.,7.));
#5055=CARTESIAN_POINT('',(193.5,-56.41425,7.));
#5056=CARTESIAN_POINT('',(141.83575,-55.,7.));
#5057=CARTESIAN_POINT('Origin',(93.,-55.,0.));
#5058=CARTESIAN_POINT('',(187.843,-55.,-2.));
#5059=CARTESIAN_POINT('',(187.843,-55.,-2.));
#5060=CARTESIAN_POINT('',(193.5,-55.,8.));
#5061=CARTESIAN_POINT('',(193.5,-55.,0.));
#5062=CARTESIAN_POINT('',(93.,-55.,8.));
#5063=CARTESIAN_POINT('',(98.6568558932195,-55.,7.));
#5064=CARTESIAN_POINT('',(94.4142139733049,-55.,7.));
#5065=CARTESIAN_POINT('',(98.6568558932195,-55.,-2.));
#5066=CARTESIAN_POINT('',(98.6568558932195,-55.,-2.));
#5067=CARTESIAN_POINT('',(143.25,-55.,-2.));
#5068=CARTESIAN_POINT('',(110.024033830427,-55.,6.50000009685755));
#5069=CARTESIAN_POINT('',(121.000001803041,-55.,6.50000009685755));
#5070=CARTESIAN_POINT('',(101.512016915214,-55.,6.50000009685755));
#5071=CARTESIAN_POINT('',(121.000001803041,-55.,3.00000004470348));
#5072=CARTESIAN_POINT('',(121.000001803041,-55.,3.25000004842877));
#5073=CARTESIAN_POINT('',(110.024033830427,-55.,3.00000004470348));
#5074=CARTESIAN_POINT('',(107.00000090152,-55.,3.00000004470348));
#5075=CARTESIAN_POINT('',(110.024033830427,-55.,1.50000002235174));
#5076=CARTESIAN_POINT('Origin',(190.6715,-122.6715,7.));
#5077=CARTESIAN_POINT('',(193.5,-119.843,7.));
#5078=CARTESIAN_POINT('',(193.5,-125.5,7.));
#5079=CARTESIAN_POINT('',(193.5,-88.83575,7.));
#5080=CARTESIAN_POINT('',(187.843,-125.5,7.));
#5081=CARTESIAN_POINT('Origin',(193.5,-125.5,7.));
#5082=CARTESIAN_POINT('',(192.08575,-125.5,7.));
#5083=CARTESIAN_POINT('Origin',(193.5,-55.,0.));
#5084=CARTESIAN_POINT('',(193.5,-60.657,-2.));
#5085=CARTESIAN_POINT('',(193.5,-60.657,-2.));
#5086=CARTESIAN_POINT('',(193.5,-119.843,-2.));
#5087=CARTESIAN_POINT('',(193.5,-90.25,-2.));
#5088=CARTESIAN_POINT('',(193.5,-119.843,-2.));
#5089=CARTESIAN_POINT('',(193.5,-125.5,8.));
#5090=CARTESIAN_POINT('',(193.5,-125.5,0.));
#5091=CARTESIAN_POINT('',(193.5,-55.,8.));
#5092=CARTESIAN_POINT('Origin',(193.5,-125.5,0.));
#5093=CARTESIAN_POINT('',(193.5,-125.5,8.));
#5094=CARTESIAN_POINT('',(187.843,-125.5,-2.));
#5095=CARTESIAN_POINT('',(187.843,-125.5,-2.));
#5096=CARTESIAN_POINT('',(98.657,-125.5,-2.));
#5097=CARTESIAN_POINT('',(193.5,-125.5,-2.));
#5098=CARTESIAN_POINT('',(98.657,-125.5,-2.));
#5099=CARTESIAN_POINT('Origin',(136.5,-73.,3.));
#5100=CARTESIAN_POINT('',(134.,-73.,3.));
#5101=CARTESIAN_POINT('Origin',(136.5,-73.,3.));
#5102=CARTESIAN_POINT('',(137.311496948987,-72.9999983683228,3.));
#5103=CARTESIAN_POINT('Origin',(136.499996948987,-72.9999983683228,3.));
#5104=CARTESIAN_POINT('Origin',(178.5,-90.5,3.));
#5105=CARTESIAN_POINT('',(176.,-90.5,3.));
#5106=CARTESIAN_POINT('Origin',(178.5,-90.5,3.));
#5107=CARTESIAN_POINT('',(179.311496010214,-90.4999979771674,3.));
#5108=CARTESIAN_POINT('Origin',(178.499996010214,-90.4999979771674,3.));
#5109=CARTESIAN_POINT('Origin',(95.8284279466098,-57.8284279466097,7.));
#5110=CARTESIAN_POINT('Origin',(93.,-55.,7.));
#5111=CARTESIAN_POINT('Origin',(143.25,-90.25,8.));
#5112=CARTESIAN_POINT('',(195.5,-127.5,8.));
#5113=CARTESIAN_POINT('',(195.5,-53.,8.));
#5114=CARTESIAN_POINT('',(195.5,-53.,8.));
#5115=CARTESIAN_POINT('',(91.,-53.,8.));
#5116=CARTESIAN_POINT('',(91.,-53.,8.));
#5117=CARTESIAN_POINT('',(91.,-127.5,8.));
#5118=CARTESIAN_POINT('',(91.,-127.5,8.));
#5119=CARTESIAN_POINT('',(195.5,-127.5,8.));
#5120=CARTESIAN_POINT('Origin',(121.000001803041,-55.,6.50000009685755));
#5121=CARTESIAN_POINT('',(121.000001803041,-53.,3.00000004470348));
#5122=CARTESIAN_POINT('',(121.000001803041,-53.,6.50000009685755));
#5123=CARTESIAN_POINT('',(121.000001803041,-53.,3.25000004842877));
#5124=CARTESIAN_POINT('',(121.000001803041,-55.,3.00000004470348));
#5125=CARTESIAN_POINT('',(121.000001803041,-55.,6.50000009685755));
#5126=CARTESIAN_POINT('Origin',(110.024033830427,-55.,3.00000004470348));
#5127=CARTESIAN_POINT('',(110.024033830427,-53.,6.50000009685755));
#5128=CARTESIAN_POINT('',(110.024033830427,-53.,3.00000004470348));
#5129=CARTESIAN_POINT('',(110.024033830427,-53.,1.50000002235174));
#5130=CARTESIAN_POINT('',(110.024033830427,-55.,6.50000009685755));
#5131=CARTESIAN_POINT('',(110.024033830427,-55.,3.00000004470348));
#5132=CARTESIAN_POINT('Origin',(121.000001803041,-55.,3.00000004470348));
#5133=CARTESIAN_POINT('',(158.25000090152,-53.,3.00000004470348));
#5134=CARTESIAN_POINT('Origin',(110.896422472141,-55.,6.50000009685755));
#5135=CARTESIAN_POINT('',(152.762016915214,-53.,6.50000009685755));
#5136=CARTESIAN_POINT('Origin',(93.,-125.5,-2.));
#5137=CARTESIAN_POINT('Origin',(93.,-125.5,-2.));
#5138=CARTESIAN_POINT('Origin',(193.5,-125.5,-2.));
#5139=CARTESIAN_POINT('Origin',(193.5,-125.5,-2.));
#5140=CARTESIAN_POINT('Origin',(193.5,-55.,-2.));
#5141=CARTESIAN_POINT('Origin',(93.,-55.,-2.));
#5142=CARTESIAN_POINT('',(176.,-90.5,-2.));
#5143=CARTESIAN_POINT('Origin',(178.5,-90.5,-2.));
#5144=CARTESIAN_POINT('',(134.,-73.,-2.));
#5145=CARTESIAN_POINT('Origin',(136.5,-73.,-2.));
#5146=CARTESIAN_POINT('',(98.5,-63.5,-2.));
#5147=CARTESIAN_POINT('Origin',(101.,-63.5,-2.));
#5148=CARTESIAN_POINT('',(98.5,-117.,-2.));
#5149=CARTESIAN_POINT('Origin',(101.,-117.,-2.));
#5150=CARTESIAN_POINT('Origin',(193.5,-125.5,-2.));
#5151=CARTESIAN_POINT('Origin',(93.,-55.,-2.));
#5152=CARTESIAN_POINT('Origin',(193.5,-55.,-2.));
#5153=CARTESIAN_POINT('Origin',(136.499996948987,-72.9999983683228,0.));
#5154=CARTESIAN_POINT('',(137.311496948987,-72.9999983683228,-2.));
#5155=CARTESIAN_POINT('',(137.311496948987,-72.9999983683228,0.));
#5156=CARTESIAN_POINT('Origin',(136.499996948987,-72.9999983683228,-2.));
#5157=CARTESIAN_POINT('Origin',(136.499996948987,-72.9999983683228,-2.));
#5158=CARTESIAN_POINT('Origin',(178.499996010214,-90.4999979771674,0.));
#5159=CARTESIAN_POINT('',(179.311496010214,-90.4999979771674,-2.));
#5160=CARTESIAN_POINT('',(179.311496010214,-90.4999979771674,0.));
#5161=CARTESIAN_POINT('Origin',(178.499996010214,-90.4999979771674,-2.));
#5162=CARTESIAN_POINT('Origin',(178.499996010214,-90.4999979771674,-2.));
#5163=CARTESIAN_POINT('Origin',(101.,-63.5,0.));
#5164=CARTESIAN_POINT('',(98.5,-63.5,0.));
#5165=CARTESIAN_POINT('Origin',(101.,-117.,0.));
#5166=CARTESIAN_POINT('',(98.5,-117.,0.));
#5167=CARTESIAN_POINT('Origin',(136.5,-73.,0.));
#5168=CARTESIAN_POINT('',(134.,-73.,0.));
#5169=CARTESIAN_POINT('Origin',(178.5,-90.5,0.));
#5170=CARTESIAN_POINT('',(176.,-90.5,0.));
#5171=CARTESIAN_POINT('Origin',(143.25,-90.25,-4.));
#5172=CARTESIAN_POINT('',(195.5,-53.,-4.));
#5173=CARTESIAN_POINT('',(195.5,-127.5,-4.));
#5174=CARTESIAN_POINT('',(195.5,-53.,-4.));
#5175=CARTESIAN_POINT('',(91.,-127.5,-4.));
#5176=CARTESIAN_POINT('',(195.5,-127.5,-4.));
#5177=CARTESIAN_POINT('',(91.,-53.,-4.));
#5178=CARTESIAN_POINT('',(91.,-127.5,-4.));
#5179=CARTESIAN_POINT('',(91.,-53.,-4.));
#5180=CARTESIAN_POINT('Origin',(91.,-127.5,0.));
#5181=CARTESIAN_POINT('',(195.5,-127.5,0.));
#5182=CARTESIAN_POINT('',(91.,-127.5,0.));
#5183=CARTESIAN_POINT('Origin',(91.,-53.,0.));
#5184=CARTESIAN_POINT('',(91.,-53.,0.));
#5185=CARTESIAN_POINT('Origin',(195.5,-53.,0.));
#5186=CARTESIAN_POINT('',(195.5,-53.,0.));
#5187=CARTESIAN_POINT('Origin',(195.5,-127.5,0.));
#5188=CARTESIAN_POINT('Origin',(125.000001862645,-79.0000011771917,10.));
#5189=CARTESIAN_POINT('',(133.000001981854,-79.0000011771917,10.));
#5190=CARTESIAN_POINT('',(133.000001981854,-79.0000011771917,7.));
#5191=CARTESIAN_POINT('',(133.000001981854,-79.0000011771917,7.255));
#5192=CARTESIAN_POINT('',(125.000001862645,-79.0000011771917,10.));
#5193=CARTESIAN_POINT('',(134.125000931323,-79.0000011771917,10.));
#5194=CARTESIAN_POINT('',(125.000001862645,-79.0000011771917,7.));
#5195=CARTESIAN_POINT('',(125.000001862645,-79.0000011771917,10.));
#5196=CARTESIAN_POINT('',(134.125000931323,-79.0000011771917,7.));
#5197=CARTESIAN_POINT('Origin',(125.000001862645,-99.1067554355972,10.));
#5198=CARTESIAN_POINT('',(125.000001862645,-99.1067554355972,7.));
#5199=CARTESIAN_POINT('',(125.000001862645,-94.6783777177986,7.));
#5200=CARTESIAN_POINT('',(125.000001862645,-99.1067554355972,10.));
#5201=CARTESIAN_POINT('',(125.000001862645,-94.6783777177986,10.));
#5202=CARTESIAN_POINT('',(125.000001862645,-99.1067554355972,7.255));
#5203=CARTESIAN_POINT('Origin',(170.074308115026,-79.0000011771917,10.));
#5204=CARTESIAN_POINT('',(170.074308115026,-80.0000011920929,7.));
#5205=CARTESIAN_POINT('',(170.074308115026,-80.0000011920929,10.));
#5206=CARTESIAN_POINT('',(170.074308115026,-80.0000011920929,7.255));
#5207=CARTESIAN_POINT('',(170.074308115026,-99.1067554355972,7.));
#5208=CARTESIAN_POINT('',(170.074308115026,-84.6250005885959,7.));
#5209=CARTESIAN_POINT('',(170.074308115026,-99.1067554355972,10.));
#5210=CARTESIAN_POINT('',(170.074308115026,-99.1067554355972,7.255));
#5211=CARTESIAN_POINT('',(170.074308115026,-84.6250005885959,10.));
#5212=CARTESIAN_POINT('Origin',(127.000001892447,-99.1067554355972,4.51));
#5213=CARTESIAN_POINT('',(104.162242587668,-99.1067554355972,10.));
#5214=CARTESIAN_POINT('',(135.125000946224,-99.1067554355972,10.));
#5215=CARTESIAN_POINT('',(104.162242587668,-99.1067554355972,7.));
#5216=CARTESIAN_POINT('',(104.162242587668,-99.1067554355972,4.51));
#5217=CARTESIAN_POINT('',(135.125000946224,-99.1067554355972,7.));
#5218=CARTESIAN_POINT('Origin',(143.25,-90.25,7.));
#5219=CARTESIAN_POINT('',(193.1,-55.4,7.));
#5220=CARTESIAN_POINT('',(193.1,-125.1,7.));
#5221=CARTESIAN_POINT('',(193.1,-55.4,7.));
#5222=CARTESIAN_POINT('',(93.4,-125.1,7.));
#5223=CARTESIAN_POINT('',(193.1,-125.1,7.));
#5224=CARTESIAN_POINT('',(93.4,-55.4,7.));
#5225=CARTESIAN_POINT('',(93.4,-125.1,7.));
#5226=CARTESIAN_POINT('',(93.4,-55.4,7.));
#5227=CARTESIAN_POINT('',(96.2169841572933,-57.2169841572933,7.));
#5228=CARTESIAN_POINT('Origin',(95.2169841572933,-57.2169841572933,7.));
#5229=CARTESIAN_POINT('',(192.283015842707,-57.2169841572933,7.));
#5230=CARTESIAN_POINT('Origin',(191.283015842707,-57.2169841572933,7.));
#5231=CARTESIAN_POINT('',(96.2169841572933,-123.283015842707,7.));
#5232=CARTESIAN_POINT('Origin',(95.2169841572933,-123.283015842707,7.));
#5233=CARTESIAN_POINT('',(192.283015842707,-123.283015842707,7.));
#5234=CARTESIAN_POINT('Origin',(191.283015842707,-123.283015842707,7.));
#5235=CARTESIAN_POINT('',(104.162242587668,-117.106755703818,7.));
#5236=CARTESIAN_POINT('',(104.162242587668,-94.6783777177986,7.));
#5237=CARTESIAN_POINT('',(188.000002801418,-117.106755703818,7.));
#5238=CARTESIAN_POINT('',(123.706121293834,-117.106755703818,7.));
#5239=CARTESIAN_POINT('',(188.000002801418,-99.1067554355972,7.));
#5240=CARTESIAN_POINT('',(188.000002801418,-103.625000871718,7.));
#5241=CARTESIAN_POINT('',(165.625001400709,-99.1067554355972,7.));
#5242=CARTESIAN_POINT('',(184.000002741814,-80.0000011920929,7.));
#5243=CARTESIAN_POINT('',(155.125001244247,-80.0000011920929,7.));
#5244=CARTESIAN_POINT('',(184.000002741814,-62.000000923872,7.));
#5245=CARTESIAN_POINT('',(184.000002741814,-85.1250005960464,7.));
#5246=CARTESIAN_POINT('',(133.000001981854,-62.000000923872,7.));
#5247=CARTESIAN_POINT('',(163.625001370907,-62.000000923872,7.));
#5248=CARTESIAN_POINT('',(133.000001981854,-76.125000461936,7.));
#5249=CARTESIAN_POINT('Origin',(167.000002488494,-80.0000011920929,4.51));
#5250=CARTESIAN_POINT('',(184.000002741814,-80.0000011920929,10.));
#5251=CARTESIAN_POINT('',(155.125001244247,-80.0000011920929,10.));
#5252=CARTESIAN_POINT('',(184.000002741814,-80.0000011920929,4.51));
#5253=CARTESIAN_POINT('Origin',(104.162242587668,-117.106755703818,4.51));
#5254=CARTESIAN_POINT('',(188.000002801418,-117.106755703818,10.));
#5255=CARTESIAN_POINT('',(188.000002801418,-117.106755703818,4.51));
#5256=CARTESIAN_POINT('',(104.162242587668,-117.106755703818,10.));
#5257=CARTESIAN_POINT('',(104.162242587668,-117.106755703818,4.51));
#5258=CARTESIAN_POINT('',(123.706121293834,-117.106755703818,10.));
#5259=CARTESIAN_POINT('Origin',(188.000002801418,-117.000001743436,4.51));
#5260=CARTESIAN_POINT('',(188.000002801418,-99.1067554355972,10.));
#5261=CARTESIAN_POINT('',(188.000002801418,-103.625000871718,10.));
#5262=CARTESIAN_POINT('',(188.000002801418,-99.1067554355972,4.51));
#5263=CARTESIAN_POINT('Origin',(133.000001981854,-62.000000923872,4.51));
#5264=CARTESIAN_POINT('',(133.000001981854,-62.000000923872,10.));
#5265=CARTESIAN_POINT('',(133.000001981854,-62.000000923872,4.51));
#5266=CARTESIAN_POINT('',(133.000001981854,-76.125000461936,10.));
#5267=CARTESIAN_POINT('Origin',(184.000002741814,-62.000000923872,4.51));
#5268=CARTESIAN_POINT('',(184.000002741814,-62.000000923872,10.));
#5269=CARTESIAN_POINT('',(163.625001370907,-62.000000923872,10.));
#5270=CARTESIAN_POINT('',(184.000002741814,-62.000000923872,4.51));
#5271=CARTESIAN_POINT('Origin',(184.000002741814,-80.0000011920929,4.51));
#5272=CARTESIAN_POINT('',(184.000002741814,-85.1250005960464,10.));
#5273=CARTESIAN_POINT('Origin',(188.000002801418,-99.1067554355972,4.51));
#5274=CARTESIAN_POINT('',(165.625001400709,-99.1067554355972,10.));
#5275=CARTESIAN_POINT('Origin',(104.162242587668,-99.1067554355972,4.51));
#5276=CARTESIAN_POINT('',(104.162242587668,-94.6783777177986,10.));
#5277=CARTESIAN_POINT('Origin',(191.283015842707,-57.2169841572933,10.));
#5278=CARTESIAN_POINT('',(193.283015842707,-57.2169841572933,10.));
#5279=CARTESIAN_POINT('Origin',(191.283015842707,-57.2169841572933,10.));
#5280=CARTESIAN_POINT('',(193.283015842707,-57.2169841572933,8.6));
#5281=CARTESIAN_POINT('',(193.283015842707,-57.2169841572933,10.));
#5282=CARTESIAN_POINT('Origin',(191.283015842707,-57.2169841572933,8.6));
#5283=CARTESIAN_POINT('Origin',(191.283015842707,-57.2169841572933,8.6));
#5284=CARTESIAN_POINT('',(192.283015842707,-57.2169841572933,8.6));
#5285=CARTESIAN_POINT('Origin',(191.283015842707,-57.2169841572933,8.6));
#5286=CARTESIAN_POINT('Origin',(191.283015842707,-123.283015842707,10.));
#5287=CARTESIAN_POINT('',(193.283015842707,-123.283015842707,10.));
#5288=CARTESIAN_POINT('Origin',(191.283015842707,-123.283015842707,10.));
#5289=CARTESIAN_POINT('',(193.283015842707,-123.283015842707,8.6));
#5290=CARTESIAN_POINT('',(193.283015842707,-123.283015842707,10.));
#5291=CARTESIAN_POINT('Origin',(191.283015842707,-123.283015842707,8.6));
#5292=CARTESIAN_POINT('Origin',(191.283015842707,-123.283015842707,8.6));
#5293=CARTESIAN_POINT('',(192.283015842707,-123.283015842707,8.6));
#5294=CARTESIAN_POINT('Origin',(191.283015842707,-123.283015842707,8.6));
#5295=CARTESIAN_POINT('Origin',(95.2169841572933,-57.2169841572933,10.));
#5296=CARTESIAN_POINT('',(97.2169841572933,-57.2169841572933,10.));
#5297=CARTESIAN_POINT('Origin',(95.2169841572933,-57.2169841572933,10.));
#5298=CARTESIAN_POINT('',(97.2169841572933,-57.2169841572933,8.6));
#5299=CARTESIAN_POINT('',(97.2169841572933,-57.2169841572933,10.));
#5300=CARTESIAN_POINT('Origin',(95.2169841572933,-57.2169841572933,8.6));
#5301=CARTESIAN_POINT('Origin',(95.2169841572933,-57.2169841572933,8.6));
#5302=CARTESIAN_POINT('',(96.2169841572933,-57.2169841572933,8.6));
#5303=CARTESIAN_POINT('Origin',(95.2169841572933,-57.2169841572933,8.6));
#5304=CARTESIAN_POINT('Origin',(95.2169841572933,-123.283015842707,10.));
#5305=CARTESIAN_POINT('',(97.2169841572933,-123.283015842707,10.));
#5306=CARTESIAN_POINT('Origin',(95.2169841572933,-123.283015842707,10.));
#5307=CARTESIAN_POINT('',(97.2169841572933,-123.283015842707,8.6));
#5308=CARTESIAN_POINT('',(97.2169841572933,-123.283015842707,10.));
#5309=CARTESIAN_POINT('Origin',(95.2169841572933,-123.283015842707,8.6));
#5310=CARTESIAN_POINT('Origin',(95.2169841572933,-123.283015842707,8.6));
#5311=CARTESIAN_POINT('',(96.2169841572933,-123.283015842707,8.6));
#5312=CARTESIAN_POINT('Origin',(95.2169841572933,-123.283015842707,8.6));
#5313=CARTESIAN_POINT('Origin',(191.283015842707,-123.283015842707,8.));
#5314=CARTESIAN_POINT('',(192.283015842707,-123.283015842707,8.));
#5315=CARTESIAN_POINT('Origin',(95.2169841572933,-123.283015842707,8.));
#5316=CARTESIAN_POINT('',(96.2169841572933,-123.283015842707,8.));
#5317=CARTESIAN_POINT('Origin',(191.283015842707,-57.2169841572933,8.));
#5318=CARTESIAN_POINT('',(192.283015842707,-57.2169841572933,8.));
#5319=CARTESIAN_POINT('Origin',(95.2169841572933,-57.2169841572933,8.));
#5320=CARTESIAN_POINT('',(96.2169841572933,-57.2169841572933,8.));
#5321=CARTESIAN_POINT('Origin',(143.25,-90.25,8.));
#5322=CARTESIAN_POINT('',(195.5,-127.5,8.));
#5323=CARTESIAN_POINT('',(195.5,-53.,8.));
#5324=CARTESIAN_POINT('',(195.5,-53.,8.));
#5325=CARTESIAN_POINT('',(91.,-127.5,8.));
#5326=CARTESIAN_POINT('',(195.5,-127.5,8.));
#5327=CARTESIAN_POINT('',(91.,-53.,8.));
#5328=CARTESIAN_POINT('',(91.,-127.5,8.));
#5329=CARTESIAN_POINT('',(91.,-53.,8.));
#5330=CARTESIAN_POINT('',(193.1,-55.4,8.));
#5331=CARTESIAN_POINT('',(193.1,-125.1,8.));
#5332=CARTESIAN_POINT('',(193.1,-55.4,8.));
#5333=CARTESIAN_POINT('',(93.4,-55.4,8.));
#5334=CARTESIAN_POINT('',(93.4,-55.4,8.));
#5335=CARTESIAN_POINT('',(93.4,-125.1,8.));
#5336=CARTESIAN_POINT('',(93.4,-125.1,8.));
#5337=CARTESIAN_POINT('',(193.1,-125.1,8.));
#5338=CARTESIAN_POINT('Origin',(91.,-127.5,8.));
#5339=CARTESIAN_POINT('',(195.5,-127.5,10.));
#5340=CARTESIAN_POINT('',(195.5,-127.5,8.));
#5341=CARTESIAN_POINT('',(91.,-127.5,10.));
#5342=CARTESIAN_POINT('',(195.5,-127.5,10.));
#5343=CARTESIAN_POINT('',(91.,-127.5,8.));
#5344=CARTESIAN_POINT('Origin',(91.,-53.,8.));
#5345=CARTESIAN_POINT('',(91.,-53.,10.));
#5346=CARTESIAN_POINT('',(91.,-127.5,10.));
#5347=CARTESIAN_POINT('',(91.,-53.,8.));
#5348=CARTESIAN_POINT('Origin',(195.5,-53.,8.));
#5349=CARTESIAN_POINT('',(195.5,-53.,10.));
#5350=CARTESIAN_POINT('',(91.,-53.,10.));
#5351=CARTESIAN_POINT('',(195.5,-53.,8.));
#5352=CARTESIAN_POINT('Origin',(195.5,-127.5,8.));
#5353=CARTESIAN_POINT('',(195.5,-53.,10.));
#5354=CARTESIAN_POINT('Origin',(143.25,-90.25,10.));
#5355=CARTESIAN_POINT('Origin',(193.1,-55.4,8.));
#5356=CARTESIAN_POINT('',(193.1,-125.1,8.));
#5357=CARTESIAN_POINT('',(193.1,-55.4,8.));
#5358=CARTESIAN_POINT('Origin',(93.4,-55.4,8.));
#5359=CARTESIAN_POINT('',(93.4,-55.4,8.));
#5360=CARTESIAN_POINT('Origin',(93.4,-125.1,8.));
#5361=CARTESIAN_POINT('',(93.4,-125.1,8.));
#5362=CARTESIAN_POINT('Origin',(193.1,-125.1,8.));
#5363=CARTESIAN_POINT('',(0.,0.,0.));
#5364=UNCERTAINTY_MEASURE_WITH_UNIT(LENGTH_MEASURE(0.01),#5370,
'DISTANCE_ACCURACY_VALUE',
'Maximum model space distance between geometric entities at asserted c
onnectivities');
#5365=UNCERTAINTY_MEASURE_WITH_UNIT(LENGTH_MEASURE(0.01),#5370,
'DISTANCE_ACCURACY_VALUE',
'Maximum model space distance between geometric entities at asserted c
onnectivities');
#5366=UNCERTAINTY_MEASURE_WITH_UNIT(LENGTH_MEASURE(0.01),#5370,
'DISTANCE_ACCURACY_VALUE',
'Maximum model space distance between geometric entities at asserted c
onnectivities');
#5367=(
GEOMETRIC_REPRESENTATION_CONTEXT(3)
GLOBAL_UNCERTAINTY_ASSIGNED_CONTEXT((#5364))
GLOBAL_UNIT_ASSIGNED_CONTEXT((#5370,#5372,#5373))
REPRESENTATION_CONTEXT('','3D')
);
#5368=(
GEOMETRIC_REPRESENTATION_CONTEXT(3)
GLOBAL_UNCERTAINTY_ASSIGNED_CONTEXT((#5365))
GLOBAL_UNIT_ASSIGNED_CONTEXT((#5370,#5372,#5373))
REPRESENTATION_CONTEXT('','3D')
);
#5369=(
GEOMETRIC_REPRESENTATION_CONTEXT(3)
GLOBAL_UNCERTAINTY_ASSIGNED_CONTEXT((#5366))
GLOBAL_UNIT_ASSIGNED_CONTEXT((#5370,#5372,#5373))
REPRESENTATION_CONTEXT('','3D')
);
#5370=(
LENGTH_UNIT()
NAMED_UNIT(*)
SI_UNIT(.MILLI.,.METRE.)
);
#5371=(
LENGTH_UNIT()
NAMED_UNIT(*)
SI_UNIT($,.METRE.)
);
#5372=(
NAMED_UNIT(*)
PLANE_ANGLE_UNIT()
SI_UNIT($,.RADIAN.)
);
#5373=(
NAMED_UNIT(*)
SI_UNIT($,.STERADIAN.)
SOLID_ANGLE_UNIT()
);
#5374=SHAPE_DEFINITION_REPRESENTATION(#5376,#5379);
#5375=SHAPE_DEFINITION_REPRESENTATION(#5377,#5380);
#5376=PRODUCT_DEFINITION_SHAPE('',$,#5382);
#5377=PRODUCT_DEFINITION_SHAPE('',$,#5383);
#5378=PRODUCT_DEFINITION_SHAPE($,$,#14);
#5379=SHAPE_REPRESENTATION('',(#3208,#3558),#5367);
#5380=SHAPE_REPRESENTATION('',(#3209),#5368);
#5381=PRODUCT_DEFINITION_CONTEXT('part definition',#5389,'design');
#5382=PRODUCT_DEFINITION('my-keyboard 1','my-keyboard',#5384,#5381);
#5383=PRODUCT_DEFINITION('my-keyboard_PCB','my-keyboard_PCB',#5385,#5381);
#5384=PRODUCT_DEFINITION_FORMATION('',$,#5391);
#5385=PRODUCT_DEFINITION_FORMATION('',$,#5392);
#5386=PRODUCT_RELATED_PRODUCT_CATEGORY('my-keyboard','my-keyboard',(#5391));
#5387=PRODUCT_RELATED_PRODUCT_CATEGORY('my-keyboard_PCB',
'my-keyboard_PCB',(#5392));
#5388=APPLICATION_PROTOCOL_DEFINITION('international standard',
'automotive_design',2009,#5389);
#5389=APPLICATION_CONTEXT(
'Core Data for Automotive Mechanical Design Process');
#5390=PRODUCT_CONTEXT('part definition',#5389,'mechanical');
#5391=PRODUCT('my-keyboard 1','my-keyboard','KiCad electronic assembly',
(#5390));
#5392=PRODUCT('my-keyboard_PCB','my-keyboard_PCB',$,(#5390));
#5393=PRESENTATION_STYLE_ASSIGNMENT((#5395));
#5394=PRESENTATION_STYLE_ASSIGNMENT((#5396));
#5395=SURFACE_STYLE_USAGE(.BOTH.,#5397);
#5396=SURFACE_STYLE_USAGE(.BOTH.,#5398);
#5397=SURFACE_SIDE_STYLE('',(#5399));
#5398=SURFACE_SIDE_STYLE('',(#5400));
#5399=SURFACE_STYLE_FILL_AREA(#5401);
#5400=SURFACE_STYLE_FILL_AREA(#5402);
#5401=FILL_AREA_STYLE('Stal \X2\2014\X0\ satynowa',(#5403));
#5402=FILL_AREA_STYLE('Opaque(80,124,105)',(#5404));
#5403=FILL_AREA_STYLE_COLOUR('Stal \X2\2014\X0\ satynowa',#5405);
#5404=FILL_AREA_STYLE_COLOUR('Opaque(80,124,105)',#5406);
#5405=COLOUR_RGB('Stal \X2\2014\X0\ satynowa',0.627450980392157,0.627450980392157,
0.627450980392157);
#5406=COLOUR_RGB('Opaque(80,124,105)',0.313725490196078,0.486274509803922,
0.411764705882353);
ENDSEC;
END-ISO-10303-21;
